Name,SMILES,E,S,A,B,V
1-Chloro-4-nitrobenzene,O=[N+]([O-])c1ccc(Cl)cc1,0.98,1.22,0.0,0.24,1.013
4-Nitroaniline,Nc1ccc([N+](=O)[O-])cc1,1.22,1.92,0.46,0.35,0.9904
4-Nitrophenol,O=[N+]([O-])c1ccc(O)cc1,1.07,1.72,0.82,0.26,0.9493
4-Methoxyacetophenone,COc1ccc(C(C)=O)cc1,0.916,1.58,0.0,0.53,1.2135
"2,4-Dimethylpenta-2,3-diene",CC(C)=C=C(C)C,0.32,0.23,0.0,0.1,1.0089
4-Methoxybenzoic acid,COc1ccc(C(=O)O)cc1,0.899,1.25,0.62,0.52,1.1313
4-Nitrobenzyl chloride,O=[N+]([O-])c1ccc(CCl)cc1,1.08,1.35,0.0,0.35,1.1539
4-Nitroanisole,COc1ccc([N+](=O)[O-])cc1,0.98,1.49,0.0,0.37,1.0902
"1,4-Diisopropylbenzene",CC(C)c1ccc(C(C)C)cc1,0.616,0.47,0.0,0.2,1.5618
4'-Nitroacetophenone,CC(=O)c1ccc([N+](=O)[O-])cc1,1.08,1.54,0.0,0.59,1.1881
Terephthalic acid,O=C(O)c1ccc(C(=O)O)cc1,1.1,1.21,1.03,0.56,1.147
"4-Nitro-N,N-dimethylaniline",CN(C)c1ccc([N+](=O)[O-])cc1,1.22,2.02,0.0,0.36,1.2722
Hept-2-yn-1-ol,CCCCC#CCO,0.382,0.57,0.33,0.59,1.0676
"1,4-Dinitrobenzene",O=[N+]([O-])c1ccc([N+](=O)[O-])cc1,1.13,1.63,0.0,0.46,1.0648
1-Chlorodecane,CCCCCCCCCCCl,0.185,0.4,0.0,0.09,1.64
Ozone,O=[O]=O,0.0,0.1,0.09,0.0,0.2417
Pentadecanoic acid,CCCCCCCCCCCCCCC(=O)O,0.05,0.69,0.62,0.46,2.2965
Cyclopentylamine,NC1CCCC1,0.409,0.56,0.19,0.57,0.8043
4-Ethoxybenzaldehyde,CCOc1ccc(C=O)cc1,1.004,1.15,0.0,0.54,1.2135
2-Ethyl-1-butyl acetate,CCC(CC)COC(C)=O,0.068,0.57,0.0,0.47,1.3102
Ethyl 4-phenylbutanoate,CCOC(=O)CCCc1ccccc1,0.65,1.24,0.0,0.59,1.6362
1-Ethyl-4-isobutylbenzene,CCc1ccc(CC(C)C)cc1,0.613,0.5,0.0,0.19,1.5618
Hexyl 3-methylbutanoate,CCCCCCOC(=O)CC(C)C,-0.03,0.52,0.0,0.47,1.7329
Hexyl 2-methylbutanoate,CCCCCCOC(=O)C(C)CC,0.0,0.53,0.0,0.47,1.7329
2-Pyrrolecarbaldehyde,O=Cc1ccc[nH]1,0.733,1.39,0.23,0.34,0.734
Pentamidine,N=C(N)c1ccc(OCCCCCOc2ccc(C(=N)N)cc2)cc1,2.34,1.6,0.42,2.25,2.7411
"2,5-Dimethyltetrahydrofuran",CC1CCC(C)O1,0.204,0.38,0.0,0.58,0.9041
Ethylidenecyclohexane,CC=C1CCCCC1,0.435,0.19,0.0,0.1,1.0842
Dinitrogen tetrafluoride,FN(F)N(F)F,0.044,-0.15,0.0,0.0,0.379
4-Methylpyridine N-oxide,Cc1cc[n+]([O-])cc1,0.664,1.25,0.51,0.98,0.8749
Benzyl bromide,BrCc1ccccc1,1.014,0.94,0.0,0.2,1.0323
4-Vinylcyclohexene,C=CC1CC=CCC1,0.45,0.33,0.0,0.17,1.0412
Ethylbenzene,CCc1ccccc1,0.613,0.51,0.0,0.15,0.9982
Styrene,C=Cc1ccccc1,0.849,0.65,0.0,0.16,0.9552
Radon,[Rn],0.0,0.0,0.0,0.0,0.384
Benzyl chloride,ClCc1ccccc1,0.821,0.86,0.0,0.14,0.9797
"2,6-Dimethylanisole",COc1c(C)cccc1C,0.674,0.78,0.0,0.34,1.1978
Benzylamine,NCc1ccccc1,0.829,0.79,0.15,0.72,0.9571
Benzonitrile,N#Cc1ccccc1,0.742,1.11,0.0,0.33,0.8711
4-Cyanopyridine,N#Cc1ccncc1,0.75,1.21,0.0,0.59,0.83
Cyclohexanemethanol,OCC1CCCCC1,0.455,0.85,0.31,0.45,1.045
3-Cyclohexene-1-carboxaldehyde,O=CC1CC=CCC1,0.507,0.8,0.0,0.54,0.959
Benzyl alcohol,OCc1ccccc1,0.803,0.87,0.39,0.56,0.916
Benzaldehyde,O=Cc1ccccc1,0.82,1.0,0.0,0.39,0.873
4-Dimethylaminopyridine N-oxide,CN(C)c1cc[n+]([O-])cc1,0.904,1.2,0.96,1.31,1.1156
Benzylthiol,SCc1ccccc1,1.008,0.75,0.08,0.39,1.0208
Phenylmercury(II) chloride,[Cl][Hg][c]1ccccc1,1.65,1.82,0.17,0.43,1.1132
tert-Dodecylthiol,CCCCCCCCCC(C)(C)S,0.29,0.28,0.0,0.3,1.9629
"trans-1,3-Dichloropropene",ClC=CCCl,0.488,0.86,0.0,0.06,0.7331
"cis-1,3-Dichloropropene",ClC=CCCl,0.506,0.86,0.0,0.06,0.7331
N-Methylaniline,CNc1ccccc1,0.948,0.9,0.17,0.43,0.9571
Phenylhydrazine,NNc1ccccc1,1.124,1.09,0.34,0.53,0.916
"2,3,5,6-Tetrachlorotoluene",Cc1c(Cl)c(Cl)cc(Cl)c1Cl,1.23,0.91,0.0,0.0,1.3469
"2,3,4,5-Tetrachlorotoluene",Cc1cc(Cl)c(Cl)c(Cl)c1Cl,1.23,0.94,0.0,0.0,1.3469
Cyclohexanone oxime,ON=C1CCCCC1,0.58,0.9,0.33,0.61,0.9609
"2,6-Diethylphenol",CCc1cccc(CC)c1O,0.86,0.85,0.39,0.39,1.3387
Methyl phenyl ether,COc1ccccc1,0.708,0.75,0.0,0.29,0.916
Phenylmethylsulphide,CSc1ccccc1,1.063,0.68,0.0,0.32,1.0208
2-Vinylpyridine,C=Cc1ccccn1,0.847,0.85,0.0,0.6,0.9141
2-Cyanopyridine,N#Cc1ccccn1,0.734,1.35,0.0,0.54,0.83
2-Ethylpyridine,CCc1ccccn1,0.613,0.71,0.0,0.59,0.9571
1-Phenylbutan-2-one,CCC(=O)Cc1ccccc1,0.745,1.14,0.0,0.66,1.2957
3-Phenyl-1-methylurea,CNC(=O)Nc1ccccc1,1.08,1.4,0.7,0.8,1.2135
N-Ethylmorpholine,CCN1CCOCC1,0.42,0.68,0.0,0.82,1.0039
2-Pyridinylmethyl acetate,CC(=O)OCc1ccccn1,0.689,1.3,0.0,0.92,1.1724
N-Nitrosopiperidine,O=NN1CCCCC1,0.592,1.33,0.0,0.54,0.9198
Quinuclidine,C1CN2CCC1CC2,0.69,1.13,0.0,0.52,0.9775
m-methylstyrene,C=Cc1cccc(C)c1,0.866,0.65,0.0,0.18,1.0961
3-Hydroxybenzaldehyde,O=Cc1cccc(O)c1,0.99,1.38,0.73,0.4,0.9317
3-Methylanisole,COc1cccc(C)c1,0.709,0.78,0.0,0.3,1.0569
3-Phenylpyridine,c1ccc(-c2cccnc2)cc1,1.376,1.14,0.0,0.58,1.2831
2-Phenylpyridine,c1ccc(-c2ccccn2)cc1,1.416,1.15,0.0,0.56,1.2831
4-Hydroxybutyrophenone,CCCC(=O)c1ccc(O)cc1,1.0,1.32,0.77,0.56,1.3544
Valnemulin,C=CC1(C)CC(OC(=O)CSC(C)(C)CNC(=O)C(N)C(C)C)C2(C)C(C)CCC3(CCC(=O)C32)C(C)C1O,2.2,4.15,0.9,2.9,4.6353
Methyl phenylacetate,COC(=O)Cc1ccccc1,0.703,1.13,0.0,0.58,1.2135
fenuron,CN(C)C(=O)Nc1ccccc1,1.05,1.59,0.41,0.9,1.3544
Desmetryn,CNc1nc(NC(C)C)nc(SC)n1,1.5,1.29,0.28,1.01,1.6607
Simetryn,CCNc1nc(NCC)nc(SC)n1,1.5,1.29,0.23,0.99,1.6607
"1,1-Dimethoxy-2-phenylethane",COC(Cc1ccccc1)OC,0.61,0.96,0.0,0.93,1.3974
Allylmethylsulfide,C=CCSC,0.496,0.5,0.0,0.36,0.7927
4-Bromodiphenylether,Brc1ccc(Oc2ccccc2)cc1,1.504,1.25,0.0,0.13,1.5579
Phenanthridinone,O=c1[nH]c2ccccc2c2ccccc12,1.79,1.92,0.35,0.72,1.472
Porphyrin,C1=Cc2cc3ccc(cc4nc(cc5ccc(cc1n2)[nH]5)C=C4)[nH]3,2.87,1.85,0.31,0.91,2.3098
Trenbolone,CC12C=CC3=C4CCC(=O)C=C4CCC3C1CCC2O,1.63,2.39,0.32,1.35,2.1558
Di(4-aminophenyl)methane,Nc1ccc(Cc2ccc(N)cc2)cc1,1.76,3.1,0.47,0.75,1.6647
Diphenylmethane,c1ccc(Cc2ccccc2)cc1,1.22,1.04,0.0,0.33,1.4651
Diphenyl ether,c1ccc(Oc2ccccc2)cc1,1.216,1.08,0.0,0.2,1.3829
2-Propoxypyridine,CCCOc1ccccn1,0.64,0.68,0.0,0.52,1.1567
"2,2'-Dimethylbenzophenone",Cc1ccccc1C(=O)c1ccccc1C,1.45,1.5,0.0,0.63,1.7626
Ethyl phenylacetate,CCOC(=O)Cc1ccccc1,0.66,1.01,0.0,0.57,1.3544
N-Phenylurethane,CCOC(=O)Nc1ccccc1,0.937,1.34,0.36,0.55,1.3133
"1,3-Diphenylpropanone",O=C(Cc1ccccc1)Cc1ccccc1,1.32,1.05,0.0,0.94,1.7626
"1,3-Diphenylurea",O=C(Nc1ccccc1)Nc1ccccc1,1.72,1.8,0.85,0.75,1.6804
α-Muurolene,CC1=C[C@@H]2[C@H](CC1)C(C)=CC[C@H]2C(C)C,0.802,0.25,0.0,0.36,1.9189
"1,3-Diphenylthiourea",S=C(Nc1ccccc1)Nc1ccccc1,2.1,1.7,0.33,1.19,1.7852
Diphenyl carbonate,O=C(Oc1ccccc1)Oc1ccccc1,1.28,1.53,0.0,0.59,1.5982
"1,3,5-Triethylbenzene",CCc1cc(CC)cc(CC)c1,0.672,0.5,0.0,0.19,1.5618
Glyburide,COc1ccc(Cl)cc1C(=O)NCCc1ccc(S(=O)(=O)NC(=O)NC2CCCCC2)cc1,2.74,3.85,0.85,2.01,3.5583
Heptachlor epoxide,ClC1=C(Cl)C2(Cl)C3C4OC4C(Cl)C3C1(Cl)C2(Cl)Cl,2.215,1.11,0.0,0.53,1.9557
Ferrocene,C1=C[CH]([Fe][CH]2C=CC=C2)C=C1,1.394,0.9,0.0,0.23,1.1209
Maprotiline,CNCCCC12CCC(c3ccccc31)c1ccccc12,1.9,1.43,0.08,1.05,2.334
3-Ethylcyclopentanone,CCC1CCC(=O)C1,0.34,0.85,0.0,0.5,1.002
Tri-n-propylamine,CCCN(CCC)CCC,0.066,0.14,0.0,0.83,1.4765
Triethanolamine,OCCN(CCO)CCO,0.569,0.98,1.12,1.59,1.2299
glyceryl triacetate,CC(=O)OCC(COC(C)=O)OC(C)=O,0.136,1.32,0.0,1.33,1.5999
"N,N-Dibutylethanolamine",CCCCN(CCO)CCCC,0.4,0.59,0.24,0.96,1.6761
Tributylamine,CCCCN(CCCC)CCCC,0.048,0.15,0.0,0.79,1.8992
Tridodecylamine,CCCCCCCCCCCCN(CCCCCCCCCCCC)CCCCCCCCCCCC,-0.026,0.15,0.0,0.83,5.2808
3-Phenylpropionamide,NC(=O)CCc1ccccc1,0.94,1.65,0.52,0.8,1.2546
b-Nitrostyrene,O=[N+]([O-])C=Cc1ccccc1,1.22,1.3,0.01,0.46,1.1294
Endosulfan sulfate,O=S1(=O)OCC2C(CO1)C1(Cl)C(Cl)=C(Cl)C2(Cl)C1(Cl)Cl,2.157,1.57,0.0,1.19,2.1406
2-Ethyl-1-hexyl acrylate,C=CC(=O)OCC(CC)CCCC,0.14,0.59,0.0,0.44,1.6899
4-Benzoxyphenol,Oc1ccc(OCc2ccccc2)cc1,1.41,1.41,0.57,0.61,1.5825
Methyl-3-phenylpropionate,COC(=O)CCc1ccccc1,0.687,1.21,0.0,0.6,1.3544
Methyl cinnamate,COC(=O)C=Cc1ccccc1,0.94,0.97,0.0,0.57,1.3114
"1,2-Diphenylethane",c1ccc(CCc2ccccc2)cc1,1.22,0.93,0.0,0.33,1.606
trans-Stilbene,C(=C/c1ccccc1)\c1ccccc1,1.45,1.04,0.0,0.34,1.563
3-Hydroxybutyrophenone,CCCC(=O)c1cccc(O)c1,1.0,1.32,0.77,0.56,1.3544
"1,2-Diphenyldiazene",c1ccc(N=Nc2ccccc2)cc1,1.33,1.21,0.0,0.4,1.4808
Ethyl cinnamate,CCOC(=O)C=Cc1ccccc1,0.9,1.05,0.0,0.6,1.4523
Benzyl cinnamate,O=C(/C=C/c1ccccc1)OCc1ccccc1,1.7,1.63,0.0,0.7,1.9192
"1,2,4,5,7,8-PCN",Clc1cc(Cl)c2c(Cl)cc(Cl)c(Cl)c2c1Cl,2.05,1.42,0.0,0.0,1.8198
"1,2,3,4,5,8-PCN",Clc1c(Cl)c(Cl)c2c(Cl)ccc(Cl)c2c1Cl,2.05,1.42,0.0,0.0,1.8198
"1,2,3,5,7,8-PCN",Clc1cc2c(Cl)cc(Cl)c(Cl)c2c(Cl)c1Cl,2.05,1.42,0.0,0.0,1.8198
"1,2,3,5,6,8-Hexachloronaphthalene",Clc1cc2c(Cl)c(Cl)cc(Cl)c2c(Cl)c1Cl,2.05,1.42,0.0,0.0,1.8198
"1,2,3,4,6,7-PCN",Clc1cc2c(Cl)c(Cl)c(Cl)c(Cl)c2cc1Cl,2.05,1.42,0.0,0.0,1.8198
"1,2,3,5,6,7-PCN",Clc1cc2c(Cl)c(Cl)c(Cl)cc2c(Cl)c1Cl,2.05,1.42,0.0,0.0,1.8198
2-Ethyl-1-hexyl vinyl ether,C=COCC(CC)CCCC,0.128,0.32,0.0,0.43,1.5333
2-Phenylethyl acetate,CC(=O)OCCc1ccccc1,0.788,1.1,0.0,0.5,1.3544
Dibenzyl ether,c1ccc(COCc2ccccc2)cc1,1.21,1.15,0.0,0.7,1.6647
Propyl crotonate,CC=CC(=O)OCCC,0.2,0.65,0.0,0.42,1.1263
Cinnamyl acetate,CC(=O)OCC=Cc1ccccc1,0.987,1.22,0.0,0.72,1.4523
"N,N-Dicyclohexylbenzamide",O=C(c1ccccc1)N(C1CCCCC1)C1CCCCC1,1.15,1.6,0.0,1.07,2.4464
Lansoprazole,Cc1c(OCC(F)(F)F)ccnc1CS(=O)c1nc2ccccc2[nH]1,2.3,2.45,0.51,1.55,2.3696
Butyl-sec-butylsulfide,CCCCSC(C)CC,0.318,0.34,0.0,0.42,1.3993
4-Fluorodeprenyl,C#CCN(C)C(C)Cc1ccc(F)cc1,0.844,1.1,0.05,0.82,1.7342
Methyl-s-butylsulfide,CCC(C)SC,0.345,0.36,0.0,0.41,0.9766
Propyl-s-butylsulfide,CCCSC(C)CC,0.324,0.34,0.0,0.42,1.2584
2-Bromo-1-phenylethane,BrCCc1ccccc1,0.974,0.94,0.0,0.3,1.1732
n-Propylbenzene,CCCc1ccccc1,0.604,0.5,0.0,0.15,1.1391
N-Methylbenzylamine,CNCc1ccccc1,0.797,0.79,0.07,0.73,1.098
N-Ethylaniline,CCNc1ccccc1,0.945,0.85,0.17,0.43,1.098
Formanilide,O=CNc1ccccc1,0.97,1.44,0.48,0.49,0.9728
Phenyl isocyanate,O=C=Nc1ccccc1,0.787,0.95,0.0,0.3,0.9298
Phenyl isothiocyanate,S=C=Nc1ccccc1,1.35,0.91,0.0,0.16,1.0346
Ethyl phenyl ether,CCOc1ccccc1,0.681,0.7,0.0,0.32,1.0569
Camphorquinone,CC12CCC(C(=O)C1=O)C2(C)C,0.56,1.2,0.0,0.78,1.3318
2-Pyridineethanol,OCCc1ccccn1,0.82,1.02,0.12,1.04,1.0158
Nortetrazepam,O=C1CN=C(C2=CCCCC2)c2cc(Cl)ccc2N1,1.94,0.88,0.33,1.24,2.019
Tetrazepam,CN1C(=O)CN=C(C2=CCCCC2)c2cc(Cl)ccc21,1.868,1.23,0.0,1.2,2.1599
Benzyl methyl ketone,CC(=O)Cc1ccccc1,0.748,0.9,0.0,0.7,1.1548
Phenylacetamide,NC(=O)Cc1ccccc1,0.95,1.55,0.45,0.81,1.1137
2-Phenylacetic acid,O=C(O)Cc1ccccc1,0.73,1.08,0.66,0.57,1.0726
"N,N-Dimethylbenzylamine",CN(C)Cc1ccccc1,0.668,0.78,0.0,0.7,1.2389
Acetanilide,CC(=O)Nc1ccccc1,0.9,1.37,0.48,0.67,1.1137
p-bromoacetanilide,CC(=O)Nc1ccc(Br)cc1,1.14,1.65,0.64,0.47,1.2887
p-Methylacetanilide,CC(=O)Nc1ccc(C)cc1,0.87,1.11,0.56,0.73,1.2546
Paracetamol,CC(=O)Nc1ccc(O)cc1,1.12,1.63,1.01,0.91,1.1724
(4-Methoxyphenyl)acetic acid,COc1ccc(CC(=O)O)cc1,0.88,1.33,0.59,0.76,1.2722
4'-nitroacetanilide,CC(=O)Nc1ccc([N+](=O)[O-])cc1,1.13,2.0,0.66,0.47,1.2879
zolantidine,c1cc(CN2CCCCC2)cc(OCCCNc2nc3ccccc3s2)c1,2.689,2.89,0.13,1.38,2.9946
Sabeluzole,CN(c1nc2ccccc2s1)C1CCN(CC(O)COc2ccc(F)cc2)CC1,2.79,1.8,0.16,1.95,3.071
p-Toluenesulfonic acid,Cc1ccc(S(=O)(=O)O)cc1,0.87,2.29,0.31,0.97,1.1969
Mesotrione,CS(=O)(=O)c1ccc(C(=O)C2C(=O)CCCC2=O)c([N+](=O)[O-])c1,1.82,3.15,0.0,1.8,2.2372
Famciclovir,CC(=O)OCC(CCn1cnc2cnc(N)nc21)COC(C)=O,1.89,3.0,0.55,1.82,2.3398
4-Nonylphenol,CCCCCCCCCc1ccc(O)cc1,0.773,0.88,0.55,0.36,2.0432
4-Dodecylaniline,CCCCCCCCCCCCc1ccc(N)cc1,0.874,0.94,0.23,0.46,2.507
4-Propylanisole,CCCc1ccc(OC)cc1,0.73,0.8,0.0,0.33,1.3387
Anethole,C/C=C/c1ccc(OC)cc1,1.046,0.77,0.0,0.44,1.2957
g-Octanolactone,CCCCC1CCC(=O)O1,0.321,1.43,0.0,0.59,1.2016
n-Butylbenzene,CCCCc1ccccc1,0.6,0.51,0.0,0.15,1.28
3-Phenyl-1-propyl chloride,ClCCCc1ccccc1,0.794,0.9,0.0,0.24,1.2615
Cinnamyl alcohol,OC/C=C/c1ccccc1,1.09,1.04,0.38,0.6,1.1548
Cinnamaldehyde,O=CC=Cc1ccccc1,0.97,1.3,0.0,0.52,1.1118
Bromperidol,O=C(CCCN1CCC(O)(c2ccc(Br)cc2)CC1)c1ccc(F)cc1,2.07,1.5,0.4,1.8,2.8506
g-Nonanolactone,CCCCCC1CCC(=O)O1,0.311,1.43,0.0,0.59,1.3425
g-Undecanolactone,CCCCCCCC1CCC(=O)O1,0.291,1.44,0.0,0.59,1.6243
n-Decylbenzene,CCCCCCCCCCc1ccccc1,0.579,0.47,0.0,0.15,2.1254
Tetraphenylgermanium,c1cc[c]([Ge]([c]2ccccc2)([c]2ccccc2)[c]2ccccc2)cc1,2.56,1.5,0.0,0.67,2.8274
Tetraphenylsilicone,c1ccc([Si](c2ccccc2)(c2ccccc2)c2ccccc2)cc1,2.45,1.48,0.0,0.66,2.7855
4-Methylbenzyl chloride,Cc1ccc(CCl)cc1,0.83,0.85,0.0,0.2,1.1206
4-Chlorobenzyl chloride,ClCc1ccc(Cl)cc1,0.92,0.97,0.0,0.15,1.1021
4-Methylbenzonitrile,Cc1ccc(C#N)cc1,0.74,1.1,0.0,0.34,1.012
Tridecanal,CCCCCCCCCCCCC=O,0.11,0.65,0.0,0.45,1.956
4-Methylbenzaldehyde,Cc1ccc(C=O)cc1,0.862,0.87,0.0,0.47,1.0139
4-Chlorobenzaldehyde,O=Cc1ccc(Cl)cc1,0.93,1.08,0.0,0.36,0.9954
2-Methyl-5-ethylpyridine,CCc1ccc(C)nc1,0.629,0.71,0.0,0.57,1.098
4-Bromoanisole,COc1ccc(Br)cc1,0.979,0.91,0.0,0.23,1.091
4-Methylanisole,COc1ccc(C)cc1,0.699,0.77,0.0,0.3,1.0569
4-Methoxyaniline,COc1ccc(N)cc1,1.05,1.24,0.16,0.67,1.0158
Pent-1-ene-3-yl acetate,C=CC(CC)OC(C)=O,0.162,0.56,0.0,0.49,1.1263
"1,4-Diethylbenzene",CCc1ccc(CC)cc1,0.645,0.5,0.0,0.18,1.28
"1,4-Divinylbenzene",C=Cc1ccc(C=C)cc1,1.084,0.75,0.0,0.22,1.194
4-Cyanobenzaldehyde,N#Cc1ccc(C=O)cc1,0.95,1.53,0.0,0.5,1.0277
Anise alcohol,COc1ccc(CO)cc1,0.899,1.09,0.4,0.76,1.1156
Fluparoxan,Fc1cccc2c1OC1CNCC1O2,1.21,1.52,0.32,0.75,1.2977
OM08,C#CC1(O)CCC2C3C(C)CC4=CC(=O)CCC4(O)C3CCC21C,1.87,3.35,0.8,1.73,2.6372
g-Heptanolactone,CCCC1CCC(=O)O1,0.331,1.44,0.0,0.59,1.0607
5-Phenyl-1-pentanol,OCCCCCc1ccccc1,0.804,0.9,0.33,0.72,1.4796
2-methylpentanol,CCCC(C)CO,0.211,0.39,0.31,0.56,1.0127
Methyl cyanoacetate,COC(=O)CC#N,0.291,1.34,0.0,0.64,0.7604
Ethyl propanoate,CCOC(=O)CC,0.087,0.58,0.0,0.45,0.8875
Vinyl propanoate,C=COC(=O)CC,0.222,0.53,0.0,0.46,0.8445
Tamoxifen,CC/C(=C(\c1ccccc1)c1ccc(OCCN(C)C)cc1)c1ccccc1,2.02,2.0,0.0,1.28,3.1747
Methylurethane,CCOC(=O)NC,0.263,0.9,0.24,0.63,0.8464
4-Methylhexan-2-one,CCC(C)CC(C)=O,0.11,0.67,0.0,0.55,1.1106
3-Methylpentanoic acid,CCC(C)CC(=O)O,0.2,0.59,0.61,0.46,1.0284
Ethyl crotonate,CC=CC(=O)OCC,0.251,0.66,0.0,0.42,0.9854
Methyl acetoacetate,COC(=O)CC(C)=O,0.246,0.7,0.0,0.89,0.9032
sec.-Butyl acetate,CCC(C)OC(C)=O,0.044,0.57,0.0,0.47,1.0284
Diethyl malonate,CCOC(=O)CC(=O)OCC,0.112,0.9,0.0,0.81,1.2437
Ethyl butanoate,CCCC(=O)OCC,0.068,0.58,0.0,0.45,1.0284
Ethyl cyanoacetate,CCOC(=O)CC#N,0.239,1.33,0.0,0.64,0.9013
"1,1-diethoxyethane",CCOC(C)OCC,-0.02,0.56,0.0,0.62,1.0714
Diethyl carbonate,CCOC(=O)OCC,0.061,0.69,0.0,0.5,0.9462
N-Methyldiethanolamine,CN(CCO)CCO,0.474,0.78,0.48,1.24,1.0303
e-Caprolactam,O=C1CCCCCN1,0.59,1.72,0.38,0.75,0.9609
Propyl butanoate,CCCOC(=O)CCC,0.05,0.56,0.0,0.45,1.1693
"2,4-Dimethylphenol",Cc1ccc(O)c(C)c1,0.843,0.79,0.52,0.4,1.0569
3-Methylbutyl propanoate,CCC(=O)OCCC(C)C,0.04,0.53,0.0,0.47,1.3102
3-Ethylanisole,CCc1cccc(OC)c1,0.717,0.8,0.0,0.3,1.1978
Ethyleneglycol dibutanoate,CCCC(=O)OCCOC(=O)CCC,0.13,0.79,0.0,0.92,1.6664
"2,3-Dimethylpent-2-ene",CCC(C)=C(C)C,0.14,0.1,0.0,0.12,1.0519
Isobutyl hexanoate,CCCCCC(=O)OCC(C)C,0.067,0.53,0.0,0.47,1.592
Imidacloprid,O=[N+]([O-])NC1=NCCN1Cc1ccc(Cl)nc1,1.69,1.5,0.0,1.56,1.6833
Isopropyl 2-cyano-2-propenoic acid,C=C(C#N)C(=O)OC(C)C,0.35,0.87,0.0,0.63,1.1401
Geranyl acetate,CC(=O)OC/C=C(\C)CCC=C(C)C,0.368,0.72,0.0,0.65,1.7878
"Dimethyl 3,3'-(2,7,13,17-tetramethyl-8,12-porphyrindiyl)dipropanoate",COC(=O)CCC1=C(C)c2cc3[nH]c(cc4nc(cc5[nH]c(cc1n2)c(CCC(=O)OC)c5C)C=C4C)cc3C,2.95,1.95,0.31,2.24,4.1494
N-Nitrosomethylethylamine,CCN(C)N=O,0.374,1.1,0.0,0.59,0.7466
Dibutyl adipate,CCCCOC(=O)CCCCC(=O)OCCCC,0.051,1.12,0.0,1.03,2.23
(1-Iodoethyl)benzene,ICCc1ccccc1,1.343,0.96,0.0,0.24,1.2564
Carbendazim,COC(=O)Nc1nc2ccccc2[nH]1,1.995,1.45,0.45,1.0,1.3613
Dipropyl adipate,CCCOC(=O)CCCCC(=O)OCCC,0.055,1.13,0.0,1.02,1.9482
b-Citronellol,CC(C)=CCCC(C)CCO,0.351,0.47,0.35,0.62,1.5333
Citronellal,CC(C)=CCCC(C)CC=O,0.289,0.63,0.0,0.5,1.4903
Geraniol,CC(C)=CCC/C(C)=C/CO,0.513,0.54,0.35,0.63,1.4903
thioperamide,S=C(NC1CCCCC1)N1CCC(c2c[nH]cn2)CC1,1.89,1.68,0.59,1.78,2.33
Nerol,CC(C)=CCC/C(C)=C\CO,0.498,0.61,0.27,0.66,1.4903
Risperidone,Cc1nc2n(c(=O)c1CCN1CCC(c3noc4cc(F)ccc34)CC1)CCCC2,2.59,2.67,0.0,2.2,3.0396
3-Methylbutyl butanoate,CCCC(=O)OCCC(C)C,0.019,0.53,0.0,0.47,1.4511
Ethyl heptanoate,CCCCCCC(=O)OCC,0.027,0.58,0.0,0.45,1.4511
Ethyl octanoate,CCCCCCCC(=O)OCC,0.024,0.58,0.0,0.45,1.592
Ethyl dodecanoate,CCCCCCCCCCCC(=O)OCC,0.002,0.58,0.0,0.45,2.1556
Heptan-3-one,CCCCC(=O)CC,0.106,0.66,0.0,0.51,1.1106
4-Bromophenol,Oc1ccc(Br)cc1,1.08,1.17,0.67,0.19,0.9501
p-Xylene,Cc1ccc(C)cc1,0.613,0.52,0.0,0.16,0.9982
4-Chlorotoluene,Cc1ccc(Cl)cc1,0.705,0.74,0.0,0.05,0.9797
p-Cresol,Cc1ccc(O)cc1,0.82,0.87,0.57,0.31,0.916
4-methylthiophenol,Cc1ccc(S)cc1,1.02,0.71,0.09,0.16,1.0208
"1,4-Dichlorobenzene",Clc1ccc(Cl)cc1,0.825,0.75,0.0,0.02,0.9612
4-Chloroaniline,Nc1ccc(Cl)cc1,1.06,1.13,0.3,0.31,0.9386
4-Chlorophenol,Oc1ccc(Cl)cc1,0.915,1.08,0.67,0.2,0.8975
p-Toluidine,Cc1ccc(N)cc1,0.923,0.95,0.23,0.45,0.9571
p-phenylenediamine,Nc1ccc(N)cc1,1.3,1.66,0.44,0.83,0.916
"1,4-Benzoquinone",O=C1C=CC(=O)C=C1,0.75,0.55,0.0,0.81,0.7908
"2,5-Dimethylpiperazine",CC1CNC(C)CN1,0.53,0.84,0.3,1.14,1.045
"N,N-Dimethylpiperazine",CN1CCN(C)CC1,0.354,0.69,0.0,1.16,1.045
Isobutyl acrylate,C=CC(=O)OCC(C)C,0.156,0.59,0.0,0.42,1.1263
Dimethyl succinate,COC(=O)CCC(=O)OC,0.187,1.05,0.0,0.85,1.1028
2-Ethyl-4-methylpentan-1-ol,CCC(CO)CC(C)C,0.2,0.36,0.37,0.48,1.2945
Octan-3-one,CCCCCC(=O)CC,0.117,0.66,0.0,0.51,1.2515
Methyl hexanoate,CCCCCC(=O)OC,0.08,0.6,0.0,0.45,1.1693
3-Methyl-3-ethylpentane,CCC(C)(CC)CC,0.0,0.0,0.0,0.0,1.2358
"3,3-Diethylpentane",CCC(CC)(CC)CC,0.0,0.23,0.0,0.0,1.3767
Methyl heptanoate,CCCCCCC(=O)OC,0.079,0.6,0.0,0.45,1.3102
Dimethyl sebacate,COC(=O)CCCCCCCCC(=O)OC,0.13,1.27,0.0,0.99,1.9482
"1,2-Butylene oxide",CCC1CO1,0.222,0.56,0.03,0.35,0.6223
"3-Ethyl-2,4-dimethylpentane",CCC(C(C)C)C(C)C,0.0,0.0,0.0,0.0,1.3767
"1-Chloro-2,3-epoxypropane",ClCC1CO1,0.395,1.11,0.0,0.27,0.6038
Glycidyl methacrylate,C=C(C)C(=O)OCC1CO1,0.364,1.2,0.0,0.7,1.0764
1-Bromopropane,CCCBr,0.366,0.4,0.0,0.12,0.7063
prop-2-en-1-al,C=CC=O,0.324,0.61,0.0,0.46,0.504
1-Chloroprop-2-ene,C=CCCl,0.327,0.56,0.0,0.05,0.6107
"1,2-Dichloroethane",ClCCCl,0.416,0.64,0.1,0.11,0.6352
Hydrocortison-21-hemipimelate,C[C@]12CCC(=O)C=C1CC[C@@H]1[C@@H]2[C@@H](O)C[C@@]2(C)[C@H]1CC[C@]2(O)C(=O)COC(=O)CCCCCC(=O)O,2.02,3.58,1.06,2.61,3.874
Propionitrile,CCC#N,0.162,0.9,0.02,0.36,0.5451
propargyl alcohol,C#CCO,0.406,0.57,0.38,0.59,0.504
"1,2-Ethanediol",OCCO,0.404,0.9,0.58,0.78,0.5078
Glyoxal,O=CC=O,0.314,0.79,0.0,0.46,0.4218
Tridecyl acetate,CCCCCCCCCCCCCOC(C)=O,0.036,0.6,0.0,0.45,2.2965
Ethylmercury(II) chloride,C[CH2][Hg][Cl],1.03,1.5,0.13,0.28,0.7872
Acetaldoxime,C/C=N/O,0.39,0.5,0.35,0.54,0.5059
Methyl formate,COC=O,0.192,0.68,0.0,0.38,0.4648
"2,4,4-Trimethyl-1-pentene",C=C(C)CC(C)(C)C,0.09,0.07,0.0,0.07,1.1928
"2,4,4-Trimethylpent-2-ene",CC(C)=CC(C)(C)C,0.141,0.08,0.0,0.07,1.1928
"2-Methylpentan-2,4-diol",CC(O)CC(C)(C)O,0.242,0.8,0.62,0.94,1.0714
2-n-Propyltoluene,CCCc1ccccc1C,0.664,0.54,0.0,0.18,1.28
4-(Mercapto)benzoic acid,O=C(O)c1ccc(S)cc1,1.22,1.08,0.74,0.42,1.0952
3-n-Propyltoluene,CCCc1cccc(C)c1,0.624,0.5,0.0,0.18,1.28
4-n-Propyltoluene,CCCc1ccc(C)cc1,0.623,0.5,0.0,0.18,1.28
tert-Octylamine,CCCCCC(C)(C)N,0.151,0.33,0.16,0.61,1.3356
Di-tert-butylsulphide,CC(C)(C)SC(C)(C)C,0.327,0.25,0.0,0.58,1.3993
2-tert.-Butyltoluene,Cc1ccccc1C(C)(C)C,0.67,0.57,0.0,0.22,1.4209
Tebuconazole,CC(C)(C)C(O)(CCc1ccc(Cl)cc1)Cn1cncn1,1.54,1.45,0.24,1.44,2.4113
3-tert.-Butyltoluene,Cc1cccc(C(C)(C)C)c1,0.63,0.5,0.0,0.19,1.4209
2-Isopropyl-5-methylanisole,COc1cc(C)ccc1C(C)C,0.68,0.72,0.0,0.38,1.4796
Dibutylphosphate,CCCCOP(=O)(O)OCCCC,0.091,0.8,0.96,1.09,1.6752
n-Hexylbenzene,CCCCCCc1ccccc1,0.591,0.5,0.0,0.15,1.5618
2-Bromopentane,CCCC(C)Br,0.333,0.35,0.0,0.14,0.9881
2-Methylpentane,CCCC(C)C,0.0,0.0,0.0,0.0,0.954
1-Chloro-3-methylbutane,CC(C)CCCl,0.186,0.37,0.0,0.0,0.9355
Isopentylamine,CC(C)CCN,0.194,0.32,0.16,0.63,0.9129
3-Methylbut-2-en-1-al,CC(C)=CC=O,0.39,0.76,0.0,0.46,0.7858
n-Heptylbenzene,CCCCCCCc1ccccc1,0.577,0.48,0.0,0.15,1.7027
Pentan-2-one,CCCC(C)=O,0.143,0.68,0.0,0.51,0.8288
"1,3-Butanediol",CC(O)CCO,0.377,1.01,0.59,0.85,0.7896
Butanoic acid,CCCC(=O)O,0.21,0.64,0.61,0.45,0.7466
Crotonic acid,C/C=C/C(=O)O,0.355,0.54,0.6,0.49,0.7036
3-Chloropropanoic acid,O=C(O)CCCl,0.375,0.89,0.62,0.5,0.7281
1-Methoxy-2-propanol,COCC(C)O,0.218,0.53,0.33,0.81,0.7896
2-Dimethylaminoethanol,CN(C)CCO,0.319,0.6,0.52,0.93,0.8307
1-Nitropropane,CCC[N+](=O)[O-],0.242,0.95,0.0,0.31,0.7055
Vinyl acetate,C=COC(C)=O,0.223,0.55,0.0,0.43,0.7036
"2,4-Dimethylpentane",CC(C)CC(C)C,0.0,0.0,0.0,0.0,1.0949
4-Methylpentan-2-one,CC(=O)CC(C)C,0.111,0.65,0.0,0.51,0.9697
4-Methylpentan-2-ol,CC(C)CC(C)O,0.167,0.33,0.33,0.55,1.0127
"1,3-Diphenylpropane",c1ccc(CCCc2ccccc2)cc1,1.22,1.04,0.0,0.33,1.7469
n-Nonylbenzene,CCCCCCCCCc1ccccc1,0.578,0.48,0.0,0.15,1.9845
Diisopropylamine,CC(C)NC(C)C,0.053,0.21,0.07,0.74,1.0538
Diisopropyl ether,CC(C)OC(C)C,-0.063,0.17,0.0,0.57,1.0127
Isopropyl acetate,CC(=O)OC(C)C,0.055,0.57,0.0,0.47,0.8875
Isopropenyl acetate,C=C(C)OC(C)=O,0.186,0.6,0.0,0.43,0.8445
"3,6-Dihydroxyflavone",O=c1c(O)c(-c2ccccc2)oc2ccc(O)cc12,2.19,1.83,0.96,1.08,1.7871
Acetic anhydride,CC(=O)OC(C)=O,0.174,0.85,0.03,0.72,0.7623
g-Pentanolactone,CC1CCC(=O)O1,0.355,1.39,0.0,0.58,0.7789
Maleic anhydride,O=C1C=CC(=O)O1,0.747,1.02,0.0,0.58,0.6107
Propylene carbonate,CC1COC(=O)O1,0.319,1.37,0.0,0.6,0.6967
Hexyl 4-hydroxybenzoate,CCCCCCOC(=O)c1ccc(O)cc1,0.89,1.47,0.74,0.43,1.8358
"Butyl 3,4,5-trihydroxybenzoic acid",CCCCOC(=O)c1cc(O)c(O)c(O)c1,1.19,1.61,1.35,0.92,1.6714
m-chlorobromobenzene,Clc1cccc(Br)c1,1.015,0.81,0.0,0.0,1.0138
m-Xylene,Cc1cccc(C)c1,0.623,0.52,0.0,0.16,0.9982
m-Cresol,Cc1cccc(O)c1,0.822,0.88,0.57,0.34,0.916
3-Chlorotoluene,Cc1cccc(Cl)c1,0.736,0.67,0.0,0.07,0.9797
3-Chloroaniline,Nc1cccc(Cl)c1,1.053,1.1,0.3,0.3,0.9386
3-Chlorophenol,Oc1cccc(Cl)c1,0.909,1.06,0.69,0.15,0.8975
m-Toluidine,Cc1cccc(N)c1,0.946,0.95,0.23,0.45,0.9571
m-Phenylenediamine,Nc1cccc(N)c1,1.28,1.54,0.23,0.86,0.916
Resorcinol,Oc1cccc(O)c1,0.98,1.11,1.09,0.52,0.8338
"2,4-Dimethylpyridine",Cc1ccnc(C)c1,0.634,0.76,0.0,0.63,0.9571
"2,6-Dimethylpyridine",Cc1cccc(C)n1,0.607,0.7,0.0,0.63,0.9571
"2,6-Dimethylpyrazine",Cc1cncc(C)n1,0.629,0.85,0.0,0.73,0.916
Heptyl 4-hydroxybenzoate,CCCCCCCOC(=O)c1ccc(O)cc1,0.89,1.48,0.74,0.43,1.9767
"1,3-Divinylbenzene",C=Cc1cccc(C=C)c1,1.084,0.75,0.0,0.22,1.194
Dimethyl malonate,COC(=O)CC(=O)OC,0.203,1.03,0.0,0.82,0.9619
Bis(2-chloroisopropyl)ether,CC(CCl)OC(C)CCl,0.3,0.8,0.0,0.66,1.2575
Ethyl 3-methylbutanoate,CCOC(=O)CC(C)C,0.025,0.55,0.0,0.47,1.1693
1-Methoxy-2-propyl acetate,COCC(C)OC(C)=O,0.094,0.81,0.0,0.83,1.0871
"1,3,5-Trimethylbenzene",Cc1cc(C)cc(C)c1,0.649,0.52,0.0,0.19,1.1391
"3,5-Dimethylphenol",Cc1cc(C)cc(O)c1,0.83,0.86,0.55,0.37,1.0569
"3,5-Dimethylaniline",Cc1cc(C)cc(N)c1,0.956,0.95,0.2,0.49,1.098
"1,3,5-Trichlorobenzene",Clc1cc(Cl)cc(Cl)c1,0.98,0.73,0.0,0.0,1.0836
"1,3,5-Trihydroxybenzene",Oc1cc(O)cc(O)c1,1.36,1.39,1.4,0.73,0.8925
"2,4,6-Trimethylpyridine",Cc1cc(C)nc(C)c1,0.634,0.69,0.0,0.7,1.098
Desmethyldiazepam,OC1=Nc2ccc(Cl)cc2C(c2ccccc2)=NC1,2.21,1.68,0.26,1.16,1.933
"2,6-Dimethylheptan-4-ol",CC(C)CC(O)CC(C)C,0.116,0.3,0.33,0.67,1.4354
"2,6-Dimethylheptan-4-one",CC(C)CC(=O)CC(C)C,0.051,0.6,0.0,0.51,1.3924
Bromobenzene,Brc1ccccc1,0.882,0.73,0.0,0.09,0.8914
Methylcyclohexane,CC1CCCCC1,0.244,0.06,0.0,0.0,0.9863
Toluene,Cc1ccccc1,0.601,0.52,0.0,0.14,0.8573
4-Methylpyridine,Cc1ccncc1,0.63,0.82,0.0,0.54,0.8162
Chlorobenzene,Clc1ccccc1,0.718,0.65,0.0,0.07,0.8388
Cyclohexylamine,NC1CCCCC1,0.433,0.56,0.19,0.57,0.9452
Cyclohexanol,OC1CCCCC1,0.459,0.59,0.29,0.59,0.9041
Cyclohexanone,O=C1CCCCC1,0.403,0.86,0.0,0.56,0.8611
Phenol,Oc1ccccc1,0.805,0.89,0.6,0.3,0.7751
Thiophenol,Sc1ccccc1,1.0,0.8,0.12,0.17,0.8799
3-Methylpyridine,Cc1cccnc1,0.631,0.81,0.0,0.54,0.8162
N-Methylpiperazine,CN1CCNCC1,0.467,0.65,0.19,1.15,0.9041
2-Bromopyridine,Brc1ccccn1,0.921,1.21,0.0,0.36,0.8503
2-Methylpiperidine,CC1CCCCN1,0.369,0.37,0.06,0.74,0.9452
2-Methylpyridine,Cc1ccccn1,0.598,0.75,0.0,0.58,0.8162
2-Methylpiperazine,CC1CNCCN1,0.55,0.8,0.3,1.14,0.9041
2-Methylpyrazine,Cc1cnccn1,0.629,0.85,0.0,0.66,0.7751
2-Chloropyridine,Clc1ccccn1,0.738,1.04,0.0,0.37,0.7977
2-Aminopyrimidine,Nc1ncccn1,0.95,1.2,0.32,0.69,0.734
Butyl 3-methylbutanoate,CCCCOC(=O)CC(C)C,-0.01,0.53,0.0,0.47,1.4511
Butyl butanoate,CCCCOC(=O)CCC,0.044,0.56,0.0,0.45,1.3102
Hex-5-en-2-one,C=CCCC(C)=O,0.28,0.75,0.0,0.57,0.9267
Pentanoic acid,CCCCC(=O)O,0.205,0.63,0.62,0.45,0.8875
2-Methylpropyl vinyl ether,C=COCC(C)C,0.112,0.33,0.0,0.42,0.9697
3-Dimethylamino-1-propylamine,CN(C)CCCN,0.3,0.53,0.16,1.3,1.0127
Allylthiourea,C=CCNC(N)=S,0.94,0.76,0.45,0.95,0.9493
2-isopropoxyethanol,CC(C)OCCO,0.196,0.48,0.21,0.91,0.9305
Pent-1-ene,C=CCCC,0.093,0.08,0.0,0.07,0.7701
Malononitrile,N#CCC#N,0.34,1.58,0.2,0.56,0.5589
n-Butanethiol,CCCCS,0.382,0.43,0.0,0.21,0.8357
Dimethoxymethane,COCOC,0.099,0.46,0.0,0.52,0.6487
Furan,c1ccoc1,0.369,0.51,0.0,0.13,0.5363
Tetrahydrothiophene,C1CCSC1,0.623,0.66,0.0,0.26,0.7271
Thiophene,c1ccsc1,0.687,0.57,0.0,0.15,0.6411
Di-t-butylperoxide,CC(C)(C)OOC(C)(C)C,-0.106,-0.12,0.0,0.73,1.3532
Di-tert-butyldisulfide,CC(C)(C)SSC(C)(C)C,0.642,0.37,0.0,0.52,1.5628
Acyclovirn2acetyl,CC(=O)Nc1nc2c(ncn2COCCO)c(=O)[nH]1,2.42,2.2,0.87,2.13,1.8192
5-Methylhexan-2-one,CC(=O)CCC(C)C,0.114,0.68,0.0,0.53,1.1106
"2,5-Hexanedione",CC(=O)CCC(C)=O,0.26,1.31,0.06,0.81,0.9854
Succinamide,NC(=O)CCC(N)=O,0.85,1.98,0.97,1.13,0.9032
Sucinnic acid,O=C(O)CCC(=O)O,0.37,1.32,1.03,0.71,0.821
Maleic acid,O=C(O)C=CC(=O)O,0.71,1.19,0.75,0.76,0.778
Fumaric acid,O=C(O)/C=C/C(=O)O,0.71,0.94,0.87,0.59,0.778
Isobutyl acetate,CC(=O)OCC(C)C,0.052,0.57,0.0,0.47,1.0284
Isopropyl tetradecanoate,CCCCCCCCCCCCCC(=O)OC(C)C,-0.062,0.53,0.0,0.45,2.5783
ethyl decanoate,CCCCCCCCCC(=O)OCC,0.013,0.58,0.0,0.45,1.8738
Plinol,C=C(C)C1CCC(C)(O)C1C,0.51,0.47,0.32,0.69,1.4247
Diethyl sebaccate,CCOC(=O)CCCCCCCCC(=O)OCC,0.048,1.1,0.0,1.02,2.23
Methyl decanoate,CCCCCCCCCC(=O)OC,0.053,0.6,0.0,0.45,1.7329
Heptan-2-one,CCCCCC(C)=O,0.123,0.68,0.0,0.51,1.1106
Sorbic acid,CC=CC=CC(=O)O,0.48,0.83,0.55,0.51,0.9424
Isoamyl formate,CC(C)CCOC=O,0.092,0.6,0.0,0.4,1.0284
Isopentyl nitrite,CC(C)CCON=O,0.08,0.29,0.0,0.31,0.9873
1-Bromopentane,CCCCCBr,0.356,0.4,0.0,0.12,0.9881
n-Hexane,CCCCCC,0.0,0.0,0.0,0.0,0.954
"1,4-Dichlorobutane",ClCCCCCl,0.413,0.95,0.0,0.17,0.917
"trans-1,4-Dichlorobut-2-ene",ClCC=CCCl,0.534,0.95,0.0,0.22,0.874
n-Pentylamine,CCCCCN,0.211,0.35,0.16,0.61,0.9129
n-Valeronitrile,CCCCC#N,0.177,0.9,0.0,0.36,0.8269
"1,4-Diaminobutane",NCCCCN,0.431,0.62,0.42,1.14,0.8718
"1,2-Dicyanoethane",N#CCCC#N,0.35,2.1,0.0,0.5,0.6998
Pentanal,CCCCC=O,0.163,0.65,0.0,0.45,0.8288
"1,4-Butanediol",OCCCCO,0.395,0.93,0.72,0.9,0.7896
"But-2-en-1,4-diol",OCC=CCO,0.525,0.93,0.52,0.89,0.7466
Pentylthiol,CCCCCS,0.369,0.43,0.0,0.21,0.9766
Methyl-n-butylamine,CCCCNC,0.151,0.3,0.08,0.69,0.9129
Butanal oxime,CCC/C=N/O,0.357,0.58,0.35,0.54,0.7877
"1,2-Dimethoxyethane",COCCOC,0.116,0.67,0.0,0.68,0.7896
N-Ethylethanolamine,CCNCCO,0.367,0.58,0.38,0.94,0.8307
n-Propyl formate,CCCOC=O,0.132,0.63,0.0,0.38,0.7466
2-Chloroethylvinylether,C=COCCCl,0.29,0.76,0.0,0.38,0.8103
2-Ethoxyethylamine,CCOCCN,0.232,0.59,0.16,0.84,0.8307
Propyl isocyanate,CCCN=C=O,0.198,0.6,0.0,0.19,0.7447
2-Ethoxyethanol,CCOCCO,0.237,0.55,0.29,0.82,0.7896
Diethyl disulfide,CCSSCC,0.671,0.54,0.0,0.27,0.9992
Cyclohexane,C1CCCCC1,0.305,0.1,0.0,0.0,0.8454
Cyclohexene,C1=CCCCC1,0.395,0.28,0.0,0.09,0.8024
Pyridine,c1ccncc1,0.631,0.84,0.0,0.52,0.6753
"3,4-Dihydropyran",C1=COCCC1,0.388,0.51,0.0,0.33,0.7202
Trioxan,C1OCOCO1,0.233,0.93,0.0,0.51,0.5988
Piperidine,C1CCNCC1,0.422,0.4,0.06,0.77,0.8043
Morpholine,C1COCCN1,0.434,0.79,0.06,0.91,0.7221
6-Methylhept-5-en-2-one,CC(=O)CCC=C(C)C,0.282,0.73,0.0,0.58,1.2085
Glutaric acid,O=C(O)CCCC(=O)O,0.36,1.28,1.05,0.75,0.9619
Di-isobutylamine,CC(C)CNCC(C)C,0.046,0.24,0.05,0.66,1.3356
Diisopropanolamine,CC(O)CNCC(C)O,0.435,0.86,0.74,1.4,1.1712
Diglycolic acid,O=C(O)COCC(=O)O,0.38,1.15,1.14,0.94,0.8797
Butyl hexadecanoate,CCCCCCCCCCCCCCCC(=O)OCCCC,-0.04,0.56,0.0,0.46,3.001
methyl octanoate,CCCCCCCC(=O)OC,0.065,0.6,0.0,0.45,1.4511
Methyl 2-octynoate,CCCCCC#CC(=O)OC,0.3,0.71,0.0,0.58,1.3651
Octan-2-one,CCCCCCC(C)=O,0.108,0.68,0.0,0.51,1.2515
Heptanoic acid,CCCCCCC(=O)O,0.149,0.64,0.62,0.44,1.1693
2-Ethoxyethyl acetate,CCOCCOC(C)=O,0.099,0.79,0.0,0.79,1.0871
Pimelic acid,O=C(O)CCCCCC(=O)O,0.35,1.26,1.1,0.84,1.2437
1-Bromohexane,CCCCCCBr,0.349,0.4,0.0,0.12,1.129
n-Hexylamine,CCCCCCN,0.197,0.35,0.16,0.61,1.0538
Hexan-1-ol,CCCCCCO,0.21,0.42,0.37,0.48,1.0127
"Pentan-1,5-diol",OCCCCCO,0.388,0.9,0.72,0.92,0.9305
Omethoate,CNC(=O)CSP(=O)(OC)OC,0.69,1.5,0.31,1.53,1.4728
Glutaraldehyde,O=CCCCC=O,0.43,1.1,0.0,0.74,0.8445
Hexylthiol,CCCCCCS,0.361,0.42,0.0,0.21,1.1175
Butyl vinyl ether,C=COCCCC,0.144,0.34,0.0,0.27,0.9697
Butyl isocyanate,CCCCN=C=O,0.193,0.6,0.0,0.21,0.8856
Diethanolamine,OCCNCCO,0.523,0.8,0.82,1.3,0.8894
Di-n-propyl ether,CCCOCCC,0.008,0.25,0.0,0.45,1.0127
Bis(2-chloroethyl) ether,ClCCOCCCl,0.42,0.93,0.0,0.51,0.9757
"N,N-Diethylpropanamide",CCC(=O)N(CC)CC,0.304,1.27,0.0,0.8,1.2104
Diethyleneglycol,OCCOCCO,0.385,0.88,0.52,1.15,0.8483
Di-n-propyl sulfide,CCCSCCC,0.358,0.38,0.0,0.34,1.1175
Naltrindole,Oc1ccc2c3c1OC1c4[nH]c5ccccc5c4CC4(O)C(C2)N(CC2CC2)CCC314,3.52,2.3,0.81,2.25,2.9779
Ethylene diacetate,CC(=O)OCCOC(C)=O,0.169,0.95,0.0,0.8,1.1028
Ethyl octadecanoate,CCCCCCCCCCCCCCCCCC(=O)OCC,0.0,0.58,0.0,0.45,3.001
n-Octane,CCCCCCCC,0.0,0.0,0.0,0.0,1.2358
Oct-1-ene,C=CCCCCCC,0.094,0.08,0.0,0.07,1.1928
Trioctylamine,CCCCCCCCN(CCCCCCCC)CCCCCCCC,-0.01,0.15,0.0,0.82,3.59
n-Heptylamine,CCCCCCCN,0.197,0.35,0.16,0.61,1.1947
"1,4-Dicyanobutane",N#CCCCCC#N,0.322,2.08,0.0,0.62,0.9816
Heptan-1-ol,CCCCCCCO,0.211,0.42,0.37,0.48,1.1536
Dipropyl malonate,CCCOC(=O)CC(=O)OCCC,0.071,1.04,0.0,0.78,1.5255
Heptanal,CCCCCCC=O,0.14,0.65,0.0,0.45,1.1106
Hexyl octanoate,CCCCCCCC(=O)OCCCCCC,0.002,0.56,0.0,0.45,2.1556
Hexyl pentanoate,CCCCCCOC(=O)CCCC,0.0,0.56,0.0,0.45,1.7329
2-Butoxyethanol,CCCCOCCO,0.201,0.53,0.26,0.83,1.0714
Diethyleneglycolmethylether,COCCOCCO,0.261,0.72,0.21,1.14,0.9892
"Cycloocta-1,5-diene",C1=CCCC=CCC1,0.606,0.35,0.0,0.2,1.0412
"Octan-1,2-diol",CCCCCCC(O)CO,0.298,0.91,0.58,0.84,1.3532
1-Bromooctane,CCCCCCCCBr,0.339,0.4,0.0,0.12,1.4108
n-Nonane,CCCCCCCCC,0.0,0.0,0.0,0.0,1.3767
1-Chlorooctane,CCCCCCCCCl,0.191,0.4,0.0,0.09,1.3582
n-Octylamine,CCCCCCCCN,0.187,0.35,0.16,0.61,1.3356
N-Isopropylacetamide,CC(=O)NC(C)C,0.32,1.25,0.4,0.72,0.9286
Octan-1-ol,CCCCCCCCO,0.199,0.42,0.37,0.48,1.2945
1-Octanethiol,CCCCCCCCS,0.353,0.41,0.0,0.21,1.3993
Diethylene glycol ethyl ether,CCOCCOCCO,0.227,0.72,0.21,1.2,1.1301
Bis(2-chloroethoxy)methane,ClCCOCOCCCl,0.3,0.98,0.0,0.63,1.1753
Di-n-butylamine,CCCCNCCCC,0.107,0.3,0.08,0.69,1.3356
Dimethyl glutarate,COC(=O)CCCC(=O)OC,0.181,1.11,0.0,0.91,1.2437
Hept-3-en-2-one,CCCC=CC(C)=O,0.31,0.82,0.0,0.55,1.0676
n-Butylacetamide,CCCCNC(C)=O,0.32,1.29,0.4,0.72,1.0695
Hept-2-yne,CC#CCCCC,0.237,0.3,0.0,0.15,1.0089
Bis(2-methoxyethyl)ether,COCCOCCOC,0.113,0.76,0.0,1.17,1.1301
Quetiapine,OCCOCCN1CCN(C2=Nc3ccccc3Sc3ccccc32)CC1,2.72,1.91,0.28,2.24,2.9124
Decan-2-ol,CCCCCCCCC(C)O,0.166,0.36,0.33,0.56,1.5763
n-Undecane,CCCCCCCCCCC,0.0,0.0,0.0,0.0,1.6585
Methyl eicosanate,CCCCCCCCCCCCCCCCCCCC(=O)OC,0.003,0.6,0.0,0.45,3.1419
Tetradec-1-ene,C=CCCCCCCCCCCCC,0.085,0.08,0.0,0.07,2.0382
Nonanoic acid,CCCCCCCCC(=O)O,0.132,0.65,0.62,0.45,1.4511
Heptyl acetate,CCCCCCCOC(C)=O,0.05,0.6,0.0,0.45,1.4511
2-Butoxyethyl acetate,CCCCOCCOC(C)=O,0.062,0.8,0.0,0.8,1.3689
2-Methylcyclopentanone,CC1CCCC1=O,0.37,0.85,0.0,0.5,0.8611
3-Iodopyridine,Ic1cccnc1,1.21,0.98,0.0,0.37,0.9335
N-Methylsuccinimide,CN1C(=O)CCC1=O,0.588,1.76,0.0,0.78,0.8357
Undecan-2-one,CCCCCCCCCC(C)=O,0.101,0.68,0.0,0.51,1.6742
Dicyclopropylketone,O=C(C1CC1)C1CC1,0.474,1.41,0.0,0.38,0.8934
Octyl acetate,CCCCCCCCOC(C)=O,0.046,0.6,0.0,0.45,1.592
2-(2-Ethoxyethoxy)ethyl acetate,CCOCCOCCOC(C)=O,0.103,1.03,0.0,1.18,1.4276
3-Vinylpyridine,C=Cc1cccnc1,0.832,0.93,0.0,0.58,0.9141
Decyl acetate,CCCCCCCCCCOC(C)=O,0.041,0.6,0.0,0.45,1.8738
4-Chloropyridine N-oxide,[O-][n+]1ccc(Cl)cc1,0.814,1.09,0.49,0.9,0.8564
m-Fluoroiodobenzene,Fc1cccc(I)c1,1.036,0.85,0.0,0.07,0.9923
Azocane,C1CCCNCCC1,0.36,0.46,0.13,0.55,1.0861
n-Nonylamine,CCCCCCCCCN,0.187,0.35,0.16,0.61,1.4765
Heptyl formate,CCCCCCCOC=O,0.089,0.63,0.0,0.38,1.3102
4-Acetylpyridine,CC(=O)c1ccncc1,0.771,1.13,0.0,0.84,0.9728
"N,N-Dimethyl-4-pyridinamine",CN(C)c1ccncc1,0.98,1.2,0.0,0.8,1.0569
Nitrocyclohexane,O=[N+]([O-])C1CCCCC1,0.441,0.97,0.0,0.31,1.0196
4-Nitropyridine,O=[N+]([O-])c1ccncc1,0.89,1.22,0.0,0.64,0.8495
2-Acetylpyridine,CC(=O)c1ccccn1,0.73,1.09,0.0,0.64,0.9728
Triethyleneglycol,OCCOCCOCCO,0.384,1.33,0.54,1.42,1.1888
1-Bromodecane,CCCCCCCCCCBr,0.331,0.4,0.0,0.12,1.6926
Decan-1-ol,CCCCCCCCCCO,0.191,0.42,0.37,0.48,1.5763
Decanal,CCCCCCCCCC=O,0.128,0.65,0.0,0.45,1.5333
Diethylene glycol butyl ether,CCCCOCCOCCO,0.189,0.78,0.2,1.17,1.4119
Triethyleneglycolmethylether,COCCOCCOCCO,0.26,0.98,0.28,1.44,1.3297
Bis(2-ethoxyethyl)ether,CCOCCOCCOCC,0.037,0.87,0.0,1.2,1.4119
Undecanoic acid,CCCCCCCCCCC(=O)O,0.1,0.64,0.62,0.45,1.7329
2-Phenylpropan-1-ol,CC(CO)c1ccccc1,0.81,0.9,0.3,0.64,1.1978
Methyl hexadecanoate,CCCCCCCCCCCCCCCC(=O)OC,0.018,0.6,0.0,0.45,2.5783
3-Methyl-4-ethylphenol,CCc1ccc(O)cc1C,0.83,0.89,0.56,0.37,1.1978
n-Dodecane,CCCCCCCCCCCC,0.0,0.0,0.0,0.0,1.7994
"2,5-Dichloro-p-xylene",Cc1cc(Cl)c(C)cc1Cl,0.949,0.78,0.0,0.02,1.243
Tetramethylpyrazine,Cc1nc(C)c(C)nc1C,0.685,0.8,0.0,0.85,1.1978
Dodec-1-ene,C=CCCCCCCCCCC,0.089,0.08,0.0,0.07,1.7564
Undecan-1-ol,CCCCCCCCCCCO,0.181,0.42,0.37,0.48,1.7172
4-Nitropyridine N-oxide,O=[N+]([O-])c1cc[n+]([O-])cc1,0.934,1.92,0.21,0.76,0.9082
Undecanal,CCCCCCCCCCC=O,0.122,0.65,0.0,0.45,1.6742
"Decan-1,10-diol",OCCCCCCCCCCO,0.37,0.96,0.75,0.97,1.635
"2,5,8,11-Tetraoxododecane",COCCOCCOCCOC,0.0,0.98,0.0,1.44,1.4706
1-Chlorododecane,CCCCCCCCCCCCCl,0.181,0.4,0.0,0.1,1.9218
Dodecan-1-ol,CCCCCCCCCCCCO,0.175,0.42,0.37,0.48,1.8581
Dodecanal,CCCCCCCCCCCC=O,0.116,0.65,0.0,0.45,1.8151
Dodecylthiol,CCCCCCCCCCCCS,0.32,0.4,0.0,0.21,1.9629
"5,6,7,8-Tetrahydro-2-naphthol",Oc1ccc2c(c1)CCCC2,1.04,0.99,0.56,0.41,1.2301
Dihexyl ether,CCCCCCOCCCCCC,0.0,0.25,0.0,0.45,1.8581
Diethyleneglycolhexylether,CCCCCCOCCOCCO,0.15,0.72,0.2,1.16,1.6937
Tetraethyleneglycol,OCCOCCOCCOCCO,0.375,1.71,0.56,1.73,1.5293
Methyl octadecanoate,CCCCCCCCCCCCCCCCCC(=O)OC,0.01,0.6,0.0,0.45,2.8601
Methyl oleate,CCCCCCCCC=CCCCCCCCC(=O)OC,0.15,0.6,0.0,0.62,2.8171
"Methyl 9,12-octadecadienoate",CCCCCC=CCC=CCCCCCCCC(=O)OC,0.296,0.64,0.0,0.73,2.7741
Methyl 4-chlorobenzoate,COC(=O)c1ccc(Cl)cc1,0.8,1.15,0.0,0.3,1.195
Dodecyl acetate,CCCCCCCCCCCCOC(C)=O,0.038,0.6,0.0,0.45,2.1556
Butylphenylether,CCCCOc1ccccc1,0.66,0.7,0.0,0.32,1.3387
1-Bromotetradecane,CCCCCCCCCCCCCCBr,0.319,0.4,0.0,0.12,2.2562
Tetradecan-1-ol,CCCCCCCCCCCCCCO,0.163,0.42,0.37,0.48,2.1399
1-Ethylnaphthalene,CCc1cccc2ccccc12,1.37,0.76,0.0,0.22,1.3672
1-Bromohexadecane,CCCCCCCCCCCCCCCCBr,0.313,0.4,0.0,0.13,2.538
Docosanoic acid,CCCCCCCCCCCCCCCCCCCCCC(=O)O,0.0,0.66,0.62,0.45,3.2828
1-Bromooctadecane,CCCCCCCCCCCCCCCCCCBr,0.309,0.4,0.0,0.13,2.8198
1-octadecanol,CCCCCCCCCCCCCCCCCCO,0.145,0.42,0.37,0.48,2.7035
4-Methoxybenzenesulfonamide,COc1ccc(S(N)(=O)=O)cc1,1.23,1.65,0.66,1.03,1.2967
Methyl 4-cyanobenzoate,COC(=O)c1ccc(C#N)cc1,0.89,1.47,0.0,0.62,1.2273
metolcarb,CNC(=O)Oc1cccc(C)c1,0.773,1.45,0.27,0.67,1.3133
Ergotamine,CN1CCC(C(=O)NC2(C)OC3(O)C4CCCN4C(=O)C(Cc4ccccc4)N3C2=O)=C2c3cccc4[nH]cc(c34)CC21,5.0,3.8,0.7,3.0,4.209
4-Phenylpyridine N-oxide,[O-][n+]1ccc(-c2ccccc2)cc1,1.494,1.55,0.49,1.03,1.3418
"5,6,7,8-Tetrahydronaphthalene-2-carboxylic acid",O=C(O)c1ccc2c(c1)CCCC2,1.01,1.02,0.6,0.41,1.3867
4-Propylbenzenesulfonamide,CCCc1ccc(S(N)(=O)=O)cc1,1.12,1.45,0.55,0.91,1.5198
Methylphenidate,COC(=O)C(c1ccccc1)C1CCCCN1,1.01,1.77,0.08,1.2,1.9092
2-Butylnaphthalene,CCCCc1ccc2ccccc2c1,1.3,0.74,0.0,0.25,1.649
3-Methoxy-4-hydroxycinnamic acid,COc1cc(C=CC(=O)O)ccc1O,1.25,1.53,0.8,0.91,1.4288
5-Ethyl-5-isobutylbarbituric acid,CCC1(CC(C)C)C(=O)NC(=O)NC1=O,1.03,1.11,0.47,1.23,1.6557
Isolongifolene,CC1(C)C2=CCCC(C)(C)[C@]23CC[C@H]1C3,0.728,0.14,0.0,0.27,1.8533
"3,7-Dimethyldibenzothiophene",Cc1ccc2c(c1)sc1cc(C)ccc12,1.96,1.18,0.0,0.21,1.6609
Longicyclene,CC1(C)CCCC2(C)C3CC4C(C31)C42C,0.656,0.11,0.0,0.22,1.7877
4-Aminobenzophenone,Nc1ccc(C(=O)c2ccccc2)cc1,1.659,1.86,0.32,0.73,1.5806
4-Hydroxybenzophenone,O=C(c1ccccc1)c1ccc(O)cc1,1.59,1.89,0.81,0.59,1.5395
Cidofovir,Nc1ccn(CC(CO)OCP(=O)(O)O)c(=O)n1,2.09,2.08,2.2,3.0,1.8544
"3,5-Di-tert-butylphenol",CC(C)(C)c1cc(O)cc(C(C)(C)C)c1,0.805,0.93,0.51,0.5,1.9023
4-Butoxybenzenesulfonamide,CCCCOc1ccc(S(N)(=O)=O)cc1,1.18,1.49,0.55,1.07,1.7194
Erythromycin,CC[C@H]1OC(=O)[C@H](C)[C@@H](O[C@H]2C[C@@](C)(OC)[C@@H](O)[C@H](C)O2)[C@H](C)[C@@H](O[C@@H]2O[C@H](C)C[C@H](N(C)C)[C@H]2O)[C@](C)(O)C[C@@H](C)C(=O)[C@H](C)[C@@H](O)[C@]1(C)O,2.9,3.73,1.25,4.96,5.773
o-Chlorophenylurea,NC(=O)Nc1ccccc1Cl,1.188,1.36,0.78,0.77,1.195
Losartan,CCCCc1nc(Cl)c(CO)n1Cc1ccc(-c2ccccc2-c2nnn[nH]2)cc1,3.49,2.97,0.95,1.68,3.1239
Phenformin,N=C(N)NC(=N)NCCc1ccccc1,1.69,1.05,0.76,2.05,1.693
"2,2',6',2''-Terpyridine",c1ccc(-c2cccc(-c3ccccn3)n2)nc1,2.08,1.78,0.0,1.25,1.8087
Isobutene,C=C(C)C,0.12,0.08,0.0,0.08,0.6292
2-Methylbut-3-en-2-ol,C=CC(C)(C)O,0.29,0.41,0.28,0.41,0.8288
2-Methylbut-3-yn-2-ol,C#CC(C)(C)O,0.292,0.47,0.46,0.73,0.7858
"2,2,2-Trichloroethanol",OCC(Cl)(Cl)Cl,0.558,1.02,0.4,0.3,0.8163
Sulfonal,CCS(=O)(=O)C(C)(C)S(=O)(=O)CC,0.32,1.15,0.0,1.24,1.6567
Octafluorocyclobutane,FC1(F)C(F)(F)C(F)(F)C1(F)F,-0.51,-0.39,0.0,0.07,0.7052
Thebaine,COC1=CC=C2C3Cc4ccc(OC)c5c4C2(CCN3C)C1O5,1.53,3.98,0.0,1.09,2.3036
5-Phenyl-5-allylbarbituric acid,C=CCC1(c2ccccc2)C(=O)NC(=O)NC1=O,1.76,1.89,0.78,1.23,1.7978
5-Allyl-5-sec-butylbarbital,C=CCC1(C(C)CC)C(=O)NC(=O)NC1=O,1.16,1.2,0.49,1.31,1.7536
5-Pentyl-5-ethyl barbituric acid,CCCCCC1(CC)C(=O)NC(=O)NC1=O,1.03,1.14,0.47,1.18,1.7966
Phenglutarimide,CCN(CC)CCC1(c2ccccc2)CCC(=O)NC1=O,1.47,2.1,0.34,1.53,2.3887
"2',8-Dihydroxyflavone",O=c1cc(-c2ccccc2O)oc2c(O)cccc12,2.15,1.97,0.94,1.06,1.7871
Pentaerythritol,OCC(CO)(CO)CO,0.8,0.7,1.5,1.63,1.0479
1-Methyl-2-ethyl-3-hydroxypyridin-4-one,CCc1c(O)c(=O)ccn1C,0.932,1.31,0.1,1.21,1.2154
triphenyl phosphate,O=P(Oc1ccccc1)(Oc1ccccc1)Oc1ccccc1,1.75,1.78,0.0,1.05,2.3714
"1,2-Diethyl-3-hydroxypyridin-4-one",CCc1c(O)c(=O)ccn1CC,0.894,1.31,0.1,1.21,1.3563
Linalyl acetate,C=CC(C)(CCC=C(C)C)OC(C)=O,0.311,0.6,0.0,0.55,1.7878
Hydroxyacetone,CC(=O)CO,0.359,0.77,0.29,0.73,0.6057
Tetrafluoroethene,FC(F)=C(F)F,-0.31,-0.1,0.0,0.0,0.4182
Sulfabromomethazine,Cc1nc(NS(=O)(=O)c2ccc(N)cc2)nc(C)c1Br,2.4,2.68,0.57,1.43,2.1793
Androstanolone acetate,CC(=O)OC1CCC2(C)C(CCC3C4CCC(=O)C4(C)CCC32)C1,1.16,2.8,0.0,1.1,2.7232
2-Methylbutanoic acid,CCC(C)C(=O)O,0.188,0.6,0.61,0.45,0.8875
"2,3,5,6-Tetrachloronitrobenzene",O=[N+]([O-])c1c(Cl)c(Cl)cc(Cl)c1Cl,1.465,1.43,0.0,0.09,1.3802
"3,3',4',5,7-Pentahydroxyflavone",O=c1c(O)c(-c2ccc(O)c(O)c2)oc2cc(O)cc(O)c12,2.68,2.2,1.92,1.4,1.9632
Dexamethasone acetate,CC(=O)OCC(=O)C1(O)C(C)CC2C3CCC4=CC(=O)C=CC4(C)C3(F)C(O)CC21C,1.95,3.16,0.56,2.09,3.2107
di(2-ethylhexyl) phthalate,CCCCC(CC)COC(=O)c1ccccc1C(=O)OCC(CC)CCCC,0.641,1.25,0.0,1.02,3.4014
Di-(2-methoxyethyl) phthalate,COCCOC(=O)c1ccccc1C(=O)OCCOC,0.78,1.69,0.0,1.63,2.1098
Di(n-butoxyethyl)phthalate,CCCCOCCOC(=O)c1ccccc1C(=O)OCCOCCCC,0.75,1.71,0.0,1.67,2.9552
Trifluoperazine,CN1CCN(CCCN2c3ccccc3Sc3ccc(C(F)(F)F)cc32)CC1,2.24,1.83,0.0,1.53,2.8911
Karanal,CCC(C)C1(C)COC(C2CCC(C)=CC2C)OC1,0.64,1.04,0.0,0.74,2.3611
2-Hydroxybenzophenone,O=C(c1ccccc1)c1ccccc1O,1.54,1.46,0.0,0.46,1.5395
Hexaphenoxycyclotriphosphazene,c1ccc(OP2(Oc3ccccc3)=NP(Oc3ccccc3)(Oc3ccccc3)=NP(Oc3ccccc3)(Oc3ccccc3)=N2)cc1,4.29,2.29,0.0,2.2,4.9122
"2,2-dimethyl-1-butanol",CCC(C)(C)CO,0.225,0.36,0.37,0.48,1.0127
Phenyl salicylate,O=C(Oc1ccccc1)c1ccccc1O,1.5,1.48,0.14,0.62,1.5982
Dimethyl dichlorovinylphosphonate,COP(=O)(C=C(Cl)Cl)OC,0.61,1.13,0.0,0.81,1.2547
Ethyl salicylate,CCOC(=O)c1ccccc1O,0.802,0.91,0.03,0.43,1.2722
Z-β-Caryophyllene,C=C1CC/C=C(\C)CC[C@@H]2[C@@H]1CC2(C)C,0.724,0.33,0.0,0.26,1.9189
"2,2,3,4-Tetramethylpentane",CC(C)C(C)C(C)(C)C,0.0,0.0,0.0,0.0,1.3767
"2,6-Dichlorotoluene",Cc1c(Cl)cccc1Cl,0.919,0.75,0.0,0.03,1.1021
Tetraethylurea,CCN(CC)C(=O)N(CC)CC,0.274,1.09,0.0,0.92,1.592
Maltol,Cc1occc(=O)c1O,0.93,1.18,0.16,0.81,0.8925
Hexachlorobenzene,Clc1c(Cl)c(Cl)c(Cl)c(Cl)c1Cl,1.49,0.75,0.0,0.09,1.4508
"Methylenebis(2,6-di-t-butylphenol)",CC(C)(C)c1cc(Cc2cc(C(C)(C)C)c(O)c(C(C)(C)C)c2)cc(C(C)(C)C)c1O,1.7,1.77,0.46,1.08,3.8369
2-Methylbenzoic acid,Cc1ccccc1C(=O)O,0.73,0.84,0.42,0.44,1.0726
2-Chlorobenzoic acid,O=C(O)c1ccccc1Cl,0.84,1.01,0.68,0.4,1.0541
o-aminobenzoic acid,Nc1ccccc1C(=O)O,1.075,1.49,0.77,0.48,1.0315
2-Hydroxyacetophenone,CC(=O)c1ccccc1O,0.948,1.32,0.0,0.37,1.0726
"2-Isopropyl-4,6-dinitrophenol",CC(C)c1cc([N+](=O)[O-])cc([N+](=O)[O-])c1O,1.17,1.56,0.04,0.55,1.5462
"2,4,6-Trinitrotoluene",Cc1c([N+](=O)[O-])cc([N+](=O)[O-])cc1[N+](=O)[O-],1.43,1.84,0.0,0.63,1.3799
Cyclobutanone,O=C1CCC1,0.354,0.86,0.0,0.52,0.5793
"cis-1,2-Dimethylcyclopentane",CC1CCCC1C,0.247,0.1,0.0,0.0,0.9863
Cyclopentanone oxime,ON=C1CCCC1,0.58,0.94,0.33,0.61,0.82
Methylenecyclohexane,C=C1CCCCC1,0.385,0.26,0.0,0.1,0.9433
Phenylmercury(II) bromide,[Br][Hg][c]1ccccc1,1.8,1.75,0.15,0.33,1.1658
4-Methyl-3-nitroaniline,Cc1ccc(N)cc1[N+](=O)[O-],1.2,1.72,0.37,0.43,1.1313
4-methyl-2-nitrophenol,Cc1ccc(O)c([N+](=O)[O-])c1,1.03,1.04,0.06,0.4,1.0902
4-Amino-2-nitrophenol,Nc1ccc(O)c([N+](=O)[O-])c1,1.36,1.5,0.3,0.66,1.0491
Methyl 2-pyrrolecarboxylate,COC(=O)c1ccc[nH]1,0.71,1.03,0.3,0.5,0.9336
Methyl 2-hydroxybenzoate,COC(=O)c1ccccc1O,0.85,0.84,0.02,0.47,1.1313
Methyl phenyl sulfoxide,CS(=O)c1ccccc1,1.104,1.75,0.0,0.88,1.0795
"1,1,1,2,2,3,4,4-Octafluorobutane",FC(F)C(F)C(F)(F)C(F)(F)F,-0.787,-0.13,0.18,0.14,0.8138
"1,1,2,4,4-pentafluorobutane",FC(F)CC(F)C(F)F,-0.492,0.48,0.23,0.14,0.7607
"2,6-Dichlorobenzonitrile",N#Cc1c(Cl)cccc1Cl,1.095,1.22,0.0,0.27,1.1159
2-Methylbenzo[b]thiophene,Cc1cc2ccccc2s1,1.32,0.85,0.0,0.19,1.151
4-Methyl-a-methylstyrene,C=C(C)c1ccc(C)cc1,0.843,0.66,0.0,0.23,1.237
benzoin,O=C(c1ccccc1)C(O)c1ccccc1,1.585,2.11,0.2,0.85,1.6804
Fenchone,CC12CCC(C1)C(C)(C)C2=O,0.61,0.7,0.0,0.39,1.3161
Verbenone,CC1=CC(=O)C2CC1C2(C)C,0.636,1.16,0.0,0.53,1.2731
Dicyclohexylketone,O=C(C1CCCCC1)C1CCCCC1,0.64,1.28,0.0,0.57,1.7388
Benzophenone,O=C(c1ccccc1)c1ccccc1,1.37,1.34,0.0,0.5,1.4808
"1,2,3,4-tetrahydronaphthalene",c1ccc2c(c1)CCCC2,0.891,0.65,0.0,0.17,1.1714
Isoquinoline,c1ccc2cnccc2c1,1.211,1.0,0.0,0.54,1.0443
3-Phenylpentane,CCC(CC)c1ccccc1,0.593,0.53,0.0,0.17,1.4209
2-Formylbenzoic acid,O=Cc1ccccc1C(=O)O,1.01,1.34,0.58,0.53,1.0883
2-(4-Methylphenyl)-propan-2-ol,Cc1ccc(C(C)(C)O)cc1,0.794,0.74,0.33,0.74,1.3387
5-Bromo-8-hydroxyquinoline,Oc1ccc(Br)c2cccnc12,1.67,1.3,0.0,0.48,1.278
"2,4-Dimethylquinoline",Cc1cc(C)c2ccccc2n1,1.352,0.95,0.0,0.57,1.3261
Dihydrocoumarin,O=C1CCc2ccccc2O1,0.948,1.67,0.0,0.42,1.1049
Tetrachlorocatechol,Oc1c(O)c(Cl)c(Cl)c(Cl)c1Cl,1.402,1.63,0.96,0.19,1.3234
"2,2'-Biquinoline",c1ccc2nc(-c3ccc4ccccc4n3)ccc2c1,2.54,1.9,0.0,0.83,1.98
1-Phenyl-2-acetamido-ethane,NC(=O)CCCc1ccccc1,0.95,1.57,0.38,0.88,1.3955
"N,N-Dimethyl-3-phenylpropylamine",CN(C)CCCc1ccccc1,0.7,0.75,0.0,0.8,1.5207
Donepezil,COc1cc2c(cc1OC)C(=O)C(CC1CCN(Cc3ccccc3)CC1)C2,2.12,2.45,0.0,1.64,3.0307
Anthracene,c1ccc2cc3ccccc3cc2c1,2.29,1.34,0.0,0.28,1.4544
Azimsulfuron,COc1cc(OC)nc(NC(=O)NS(=O)(=O)c2c(-c3nnn(C)n3)cnn2C)n1,4.011,4.41,0.35,1.73,2.7255
Methyl 2-indolecarboxylate,COC(=O)c1cc2ccccc2[nH]1,1.32,1.45,0.12,0.52,1.3026
Tenidap,NC(=O)N1C(=O)C(=C(O)c2cccs2)c2cc(Cl)ccc21,2.4,2.1,0.2,1.4,2.073
Methyl 4-dimethylaminobenzoate,COC(=O)c1ccc(N(C)C)cc1,1.08,1.49,0.0,0.61,1.4542
3-Methoxy-4-ethoxybenzaldehyde,CCOc1ccc(C=O)cc1OC,0.98,1.58,0.0,0.79,1.4131
Tropine,CN1C2CCC1CC(O)C2,0.82,0.8,0.32,1.26,1.1771
Desciclovirnodiacetyl,CC(=O)Nc1ncc2ncn(COCCOC(C)=O)c2n1,2.05,2.96,0.41,2.02,2.058
Ethyl 4-hydroxybenzoate,CCOC(=O)c1ccc(O)cc1,0.91,1.44,0.73,0.45,1.2722
Benzyl benzoate,O=C(OCc1ccccc1)c1ccccc1,1.264,1.35,0.0,0.53,1.6804
"a-Methyl-1,3-benzodioxole-5-propanal",CC(C=O)Cc1ccc2c(c1)OCO2,0.919,1.65,0.0,0.69,1.4454
Piperonal,O=Cc1ccc2c(c1)OCO2,1.13,1.26,0.0,0.65,1.0227
Dimethyl terephthalate,COC(=O)c1ccc(C(=O)OC)cc1,0.78,1.43,0.0,0.64,1.4288
o-Methylacetanilide,CC(=O)Nc1ccccc1C,0.87,1.27,0.31,0.92,1.2546
"4,6-Dimethyldibenzothiophene",Cc1cccc2c1sc1c(C)cccc12,1.96,1.18,0.0,0.21,1.6609
"2,8-Dimethyldibenzothiophene",Cc1ccc2sc3ccc(C)cc3c2c1,1.96,1.18,0.0,0.21,1.6609
Indole,c1ccc2[nH]ccc2c1,1.2,1.26,0.44,0.18,0.9464
Purine,c1ncc2[nH]cnc2n1,1.32,1.25,0.78,0.88,0.8231
N-Methylphenothiazine,CN1c2ccccc2Sc2ccccc21,1.954,1.55,0.0,0.29,1.6198
Catechol,Oc1ccccc1O,0.97,1.1,0.88,0.47,0.8338
"1,2,4-Trichlorobenzene",Clc1ccc(Cl)c(Cl)c1,0.98,0.81,0.0,0.0,1.0836
"2,4-Dichlorophenol",Oc1ccc(Cl)cc1Cl,0.96,0.82,0.54,0.17,1.0199
Cyclopentanone,O=C1CCCC1,0.373,0.86,0.0,0.52,0.7202
N-Methylpyrrolidine,CN1CCCC1,0.303,0.98,0.0,0.4,0.8043
"2,4,8-Trimethyldibenzothiophene",Cc1cc(C)c2sc3cccc(C)c3c2c1,1.96,1.18,0.0,0.22,1.8018
"2,4-Dinitrotoluene",Cc1ccc([N+](=O)[O-])cc1[N+](=O)[O-],1.15,1.58,0.0,0.49,1.2057
7-epi-a-Selinene,C=C(C)C1CCC2(C)CCC=C(C)C2C1,0.823,0.26,0.0,0.34,1.9189
3-Ethoxy-4-hydroxybenzaldehyde,CCOc1cc(C=O)ccc1O,1.04,1.37,0.24,0.72,1.2722
Vanillin,COc1cc(C=O)ccc1O,0.99,1.3,0.31,0.68,1.1313
3-Methoxy-4-hydroxybenzoic acid,COc1cc(C(=O)O)ccc1O,1.05,1.33,0.94,0.72,1.19
Trimethylborate,COB(OC)OC,-0.02,0.44,0.0,0.72,0.8465
Triethylamine,CCN(CC)CC,0.101,0.15,0.0,0.79,1.0538
"2,5-Norbornadiene",C1=CC2C=CC1C2,0.495,0.32,0.0,0.11,0.7917
3-Nitrobenzenesulfonamide,NS(=O)(=O)c1cccc([N+](=O)[O-])c1,1.39,2.07,0.77,0.87,1.2713
Cyprodinil,Cc1cc(C2CC2)nc(Nc2ccccc2)n1,2.06,0.97,0.07,0.92,1.7968
4-N-Acetylbenzenesulfonamide,CC(=O)Nc1ccc(S(N)(=O)=O)cc1,1.42,2.28,0.81,1.27,1.4944
"N,N-Dimethylaniline",CN(C)c1ccccc1,0.957,0.81,0.0,0.41,1.098
"1,1-Bis(acetoacetyl)ferrocene",CC(=O)CC(=O)C1=CC[C]([Fe][C]2=C(C(=O)CC(C)=O)C=CC2)=C1,2.214,2.88,0.0,1.64,2.3943
"3-Methyl-N,N-dimethylaniline",Cc1cccc(N(C)C)c1,0.993,0.86,0.0,0.43,1.2389
1-Chloro-3-nitrobenzene,O=[N+]([O-])c1cccc(Cl)c1,1.0,1.14,0.0,0.25,1.013
"Propyl 3,4,5-trihydroxybenzoic aci",CCCOC(=O)c1cc(O)c(O)c(O)c1,1.21,1.59,1.35,0.92,1.5305
Pidotimod,O=C1CCC(C(=O)N2CSCC2C(=O)O)N1,1.66,2.1,0.83,1.5,1.6284
"3,5-Dinitrobenzamide",NC(=O)c1cc([N+](=O)[O-])cc([N+](=O)[O-])c1,1.56,2.9,0.2,0.61,1.3212
Cyclonite,O=[N+]([O-])N1CN([N+](=O)[O-])CN([N+](=O)[O-])C1,1.63,1.44,0.0,0.97,1.2447
2-Chloro-4-nitrotoluene,Cc1ccc([N+](=O)[O-])cc1Cl,1.0,1.14,0.0,0.22,1.1539
3'-Nitroacetophenone,CC(=O)c1cccc([N+](=O)[O-])c1,1.01,1.5,0.0,0.63,1.1881
Isophthalic acid,O=C(O)c1cccc(C(=O)O)c1,1.1,1.21,0.96,0.59,1.147
3-Nitrobenzoic acid,O=C(O)c1cccc([N+](=O)[O-])c1,0.99,1.18,0.73,0.52,1.1059
Octyl 4-hydroxybenzoate,CCCCCCCCOC(=O)c1ccc(O)cc1,0.89,1.49,0.74,0.43,2.1176
1-n-Propyl-3-isopropylbenzene,CCCc1cccc(C(C)C)c1,0.6,0.48,0.0,0.2,1.5618
Methyl 4-methoxybenzoate,COC(=O)c1ccc(OC)cc1,0.83,1.2,0.0,0.52,1.2722
4-Methylacetophenone,CC(=O)c1ccc(C)cc1,0.842,1.0,0.0,0.52,1.1548
4-Isopropylbenzaldehyde,CC(C)c1ccc(C=O)cc1,0.859,0.89,0.0,0.46,1.2957
Sulfamonomethoxine,COc1cc(NS(=O)(=O)c2ccc(N)cc2)ncn1,2.12,2.73,0.55,1.45,1.9221
Sulfadimethoxine,COc1cc(NS(=O)(=O)c2ccc(N)cc2)nc(OC)n1,2.14,2.39,0.51,1.53,2.1217
Fenitrothion,COP(=S)(OC)Oc1ccc([N+](=O)[O-])c(C)c1,1.44,1.2,0.0,0.99,1.8575
Galaxolide,CC1COCc2cc3c(cc21)C(C)(C)C(C)C3(C)C,1.09,1.15,0.0,0.63,2.2487
3-Nitroacetanilide,CC(=O)Nc1cccc([N+](=O)[O-])c1,1.11,2.05,0.64,0.57,1.2879
Simazine,CCNc1nc(Cl)nc(NCC)n1,1.25,1.32,0.18,0.98,1.4787
"N,N-Diphenylamine",c1ccc(Nc2ccccc2)cc1,1.47,1.13,0.31,0.31,1.424
Amyl cinnamal,CCCCC/C(C=O)=C/c1ccccc1,0.99,1.06,0.0,0.48,1.8163
Propham,CC(C)OC(=O)Nc1ccccc1,0.9,1.25,0.37,0.64,1.4542
3-Methylphenyl acetate,CC(=O)Oc1cccc(C)c1,0.66,1.13,0.0,0.57,1.2135
Triethylphosphite,CCOP(OCC)OCC,0.077,1.19,0.0,0.9,1.3347
4-Phenylbut-3-ene-2-one,CC(=O)C=Cc1ccccc1,1.22,1.35,0.0,0.6,1.2527
Phenoxyacetic acid,O=C(O)COc1ccccc1,0.914,0.93,0.71,0.76,1.1313
"1,2-Diphenylhydrazine",c1ccc(NNc2ccccc2)cc1,1.75,1.25,0.26,0.78,1.5238
3-Phenylpropyl acetate,CC(=O)OCCCc1ccccc1,0.78,1.12,0.0,0.69,1.4953
4-Methyl-8-methylene-2-adamantyl acetate,C=C1C2CC3CC1C(OC(C)=O)C(C2)C3C,0.97,1.06,0.0,0.55,1.7868
Phenylacetaldehyde,O=CCc1ccccc1,0.811,1.02,0.0,0.43,1.0139
Phenyl acetate,CC(=O)Oc1ccccc1,0.661,1.13,0.0,0.54,1.0726
p-Chlorophenoxyacetic acid,O=C(O)COc1ccc(Cl)cc1,1.02,1.01,0.72,0.68,1.2537
4-Butoxyphenol,CCCCOc1ccc(O)cc1,0.84,1.16,0.57,0.52,1.3974
3-Phenylpropan-1-ol,OCCCc1ccccc1,0.821,0.94,0.31,0.65,1.1978
2-phenoxyethanol,OCCOc1ccccc1,0.85,0.95,0.3,0.78,1.1156
Acetoacetylferrocene,CC(=O)CC(=O)C1=[C]([Fe][C]2=CC=CC2)CC=C1,1.804,1.83,0.0,0.95,1.7993
Tridecylbenzene,CCCCCCCCCCCCCc1ccccc1,0.52,0.47,0.0,0.15,2.5481
3-Isopropylbenzenesulfonamide,CC(C)c1cccc(S(N)(=O)=O)c1,1.1,1.42,0.55,0.96,1.5198
3-Butoxybenzenesulfonamide,CCCCOc1cccc(S(N)(=O)=O)c1,1.18,1.48,0.5,1.07,1.7194
2-ethylhexanal,CCCCC(C=O)CC,0.15,0.62,0.0,0.45,1.2515
4-Ethylphenol,CCc1ccc(O)cc1,0.8,0.9,0.55,0.36,1.0569
4-Hydroxybenzaldehyde,O=Cc1ccc(O)cc1,1.01,1.39,0.8,0.44,0.9317
p-methoxybenzaldehyde,COc1ccc(C=O)cc1,0.92,1.35,0.0,0.47,1.0726
2-Methylpentanal,CCCC(C)C=O,0.135,0.58,0.0,0.41,0.9697
Heptan-4-one,CCCC(=O)CCC,0.113,0.64,0.0,0.51,1.1106
Vinyl butanoate,C=COC(=O)CCC,0.2,0.56,0.0,0.45,0.9854
Diethyl succinate,CCOC(=O)CCC(=O)OCC,0.108,1.0,0.0,0.84,1.3846
ethyl nonanoate,CCCCCCCCC(=O)OCC,0.022,0.58,0.0,0.45,1.7329
4-Aminophenol,Nc1ccc(O)cc1,1.15,1.47,0.66,0.73,0.8749
Pymetrozine,CC1=NNC(=O)N(N=Cc2cccnc2)C1,1.63,1.87,0.16,1.54,1.6001
Hydroquinone,Oc1ccc(O)cc1,1.063,1.27,1.06,0.57,0.8338
"2,5-Dimethylpyrazine",Cc1cnc(C)cn1,0.686,0.74,0.0,0.74,0.916
N-Methylformamide,CNC=O,0.405,1.36,0.4,0.55,0.5059
4-Methyl-4-hydroxpentan-2-one,CC(=O)CC(C)(C)O,0.232,0.62,0.06,1.02,1.0284
Rivastigmine,CCN(C)C(=O)Oc1cccc(C(C)N(C)C)c1,0.96,1.78,0.0,1.47,2.1176
3-Methylbutan-1-ol,CC(C)CCO,0.192,0.39,0.37,0.48,0.8718
"Pentan-2,4-dione",CC(=O)CC(C)=O,0.412,0.78,0.0,0.63,0.8445
Succinimide,O=C1CCC(=O)N1,0.528,1.84,0.52,0.65,0.6948
Paraldehyde,CC1OC(C)OC(C)O1,0.136,0.72,0.0,0.69,1.0215
Ethyl hexanoate,CCCCCC(=O)OCC,0.043,0.58,0.0,0.45,1.3102
Pyrrolidine,C1CCNC1,0.406,0.95,0.24,0.42,0.6634
4-Oxopentanoic acid,CC(=O)CCC(=O)O,0.343,1.5,0.56,0.72,0.9032
Ethylene dipropanoate,CCC(=O)OCCOC(=O)CC,0.13,0.81,0.0,0.91,1.3846
n-Butyl acetate,CCCCOC(C)=O,0.071,0.6,0.0,0.45,1.0284
"1,4-Dioxane",C1COCCO1,0.329,0.75,0.0,0.64,0.681
Isoamyl acetate,CC(=O)OCCC(C)C,0.051,0.57,0.0,0.47,1.1693
g-Caryophyllene,C=C1CC/C=C(/C)CC[C@@H]2[C@@H]1CC2(C)C,0.699,0.33,0.0,0.26,1.9189
Butyl stearate,CCCCCCCCCCCCCCCCCC(=O)OCCCC,-0.04,0.56,0.0,0.46,3.2828
Octan-2-ol,CCCCCCC(C)O,0.158,0.36,0.33,0.56,1.2945
Azelaic acid,O=C(O)CCCCCCCC(=O)O,0.34,1.36,1.1,0.87,1.5255
Diallylamine,C=CCNCC=C,0.329,0.58,0.08,0.65,0.9678
Adipic acid,O=C(O)CCCCC(=O)O,0.35,1.21,1.13,0.76,1.1028
Ethyl tetradecanoate,CCCCCCCCCCCCCC(=O)OCC,0.0,0.58,0.0,0.45,2.4374
Octanoic acid,CCCCCCCC(=O)O,0.15,0.65,0.62,0.45,1.3102
"1,6-Diaminohexane",NCCCCCCN,0.416,0.64,0.38,1.15,1.1536
Methyl tetradecanoate,CCCCCCCCCCCCCC(=O)OC,0.026,0.6,0.0,0.45,2.2965
Non-1-ene,C=CCCCCCCC,0.09,0.08,0.0,0.07,1.3337
1-Cyanoheptane,CCCCCCCC#N,0.162,0.9,0.0,0.36,1.2496
Octanal,CCCCCCCC=O,0.137,0.65,0.0,0.45,1.2515
n-Decane,CCCCCCCCCC,0.0,0.0,0.0,0.0,1.5176
Nonanal,CCCCCCCCC=O,0.15,0.65,0.0,0.45,1.3924
Dodecylamine,CCCCCCCCCCCCN,0.173,0.35,0.16,0.61,1.8992
Tetradecanal,CCCCCCCCCCCCCC=O,0.104,0.65,0.0,0.45,2.0969
Chlorodibromomethane,ClC(Br)Br,0.775,0.68,0.12,0.1,0.7219
"1-Bromo-1,2,2,2-tetrafluoroethane",FC(Br)C(F)(F)F,-0.064,0.3,0.09,0.04,0.6362
Isoborneol,CC1(C)C2CCC1(C)C(O)C2,0.65,0.49,0.31,0.59,1.3591
Valocyclovir,CC(C)C(N)C(=O)OCCOCn1cnc2c(=O)[nH]c(N)nc21,2.07,2.42,0.6,2.62,2.3417
Diantipyrylmethane,Cc1c(Cc2c(C)n(C)n(-c3ccccc3)c2=O)c(=O)n(-c2ccccc2)n1C,2.664,2.52,0.0,2.66,3.0015
Dihydrocodeine,COc1ccc2c3c1OC1C(O)CCC4C(C2)N(C)CCC341,1.87,1.91,0.22,1.75,2.2487
Hydrocodone,COc1ccc2c3c1OC1C(=O)CCC4C(C2)N(C)CCC314,1.78,2.25,0.0,1.72,2.2057
5-Ethyl-5-sec-butylbarbituric acid,CCC(C)C1(CC)C(=O)NC(=O)NC1=O,1.03,1.11,0.47,1.23,1.6557
5-Ethyl-5(methylbuten-1-yl)barbital,CCC1(C=CC(C)C)C(=O)NC(=O)NC1=O,1.2,1.15,0.49,1.27,1.7536
Methadone,CCC(=O)C(CC(C)N(C)C)(c1ccccc1)c1ccccc1,1.46,1.83,0.0,1.57,2.7078
Carminic acid,Cc1c(C(=O)O)c(O)cc2c1C(=O)c1c(O)c(C3OC(CO)C(O)C(O)C3O)c(O)c(O)c1C2=O,3.83,3.72,2.64,2.67,3.1501
1-Ethyl-3-n-butylbenzene,CCCCc1cccc(CC)c1,0.622,0.49,0.0,0.18,1.5618
Griseofulvin,COC1=CC(=O)CC(C)C12Oc1c(Cl)c(OC)cc(OC)c1C2=O,1.75,2.64,0.0,1.44,2.3947
"2,2-Dimethylpropan-1,3-diol",CC(C)(CO)CO,0.367,0.9,0.7,0.91,0.9305
Mesoporphyrin ix dimethyl ester,CCC1=C(C)c2cc3[nH]c(cc4nc(cc5[nH]c(cc1n2)c(C)c5CCC(=O)OC)C(CCC(=O)OC)=C4C)c(C)c3CC,2.9,1.86,0.31,2.29,4.713
"2-Methyl-2-ethyl-1,3-dioxolane",CCC1(C)OCCO1,0.16,0.56,0.0,0.65,0.9628
Tri-n-butyl phosphate,CCCCOP(=O)(OCCCC)OCCCC,-0.091,0.62,0.0,1.29,2.2388
"5,5-Dimethyl-1,3-cyclohexanedione",CC1(C)CC(=O)CC(=O)C1,0.5,1.67,0.1,0.71,1.1586
Methacrylonitrile,C=C(C)C#N,0.263,0.65,0.0,0.36,0.643
beta-chloroprene,C=CC(=C)Cl,0.453,0.36,0.0,0.14,0.7086
Acetylferrocene,CC(=O)c1cc[cH-]c1.[Fe+2].c1cc[cH-]c1,1.537,1.56,0.0,0.83,1.4184
Pyruvic acid,CC(=O)C(=O)O,0.39,1.34,0.57,0.54,0.6214
Tetrachloroethene,ClC(Cl)=C(Cl)Cl,0.639,0.44,0.0,0.0,0.837
Dimethylacetamide,CC(=O)N(C)C,0.363,1.38,0.0,0.8,0.7877
Pentylferrocene,CCCCCc1ccc[cH-]1.[Fe+2].c1cc[cH-]c1,1.366,0.9,0.0,0.25,1.9088
a-Ionone,CC(=O)C=CC1C(C)=CCCC1(C)C,0.7,0.95,0.0,0.68,1.7614
Ethylferrocene,CCC1=CC=C[CH]1.[CH]1C=CC=C1.[Fe],1.409,0.89,0.0,0.25,1.4861
Diphenyl sulfone,O=S(=O)(c1ccccc1)c1ccccc1,1.57,2.1,0.0,0.71,1.6051
Sulfisoxazole,Cc1noc(NS(=O)(=O)c2ccc(N)cc2)c1C,1.9,2.26,0.65,1.35,1.8653
Sulfabenzamide,Nc1ccc(S(=O)(=O)NC(=O)c2ccccc2)cc1,2.13,2.9,0.45,1.16,1.9613
Sulfamerazine,Cc1ccnc(NS(=O)(=O)c2ccc(N)cc2)n1,2.1,2.65,0.65,1.42,1.8634
beta-pinene,C=C1CCC2CC1C2(C)C,0.515,0.19,0.0,0.15,1.2574
"4-Methyl-2,6-di-tert-butylphenol",Cc1cc(C(C)(C)C)c(O)c(C(C)(C)C)c1,0.84,0.9,0.18,0.52,2.0432
"2,6-Di-tert-butylphenol",CC(C)(C)c1cccc(C(C)(C)C)c1O,0.84,0.9,0.23,0.54,1.9023
Org30526,Clc1ccc2c(c1)C1CNCC1c1ccccc1O2,2.0,1.52,0.13,0.83,1.9515
Pyrene,c1cc2ccc3cccc4ccc(c1)c2c34,2.808,1.71,0.0,0.28,1.5846
Org32104,Cc1cccc2c1Oc1ccccc1C1(O)CCNCC21,2.13,2.0,0.3,1.2,2.1696
4-Iodoantipyrine,Cc1c(I)c(=O)n(-c2ccccc2)n1C,1.95,2.0,0.0,1.29,1.7428
"1,4-Naphthoquinone",O=C1C=CC(=O)c2ccccc21,1.08,1.13,0.0,0.64,1.1598
5-Chloro-8-hydroxyquinoline,Oc1ccc(Cl)c2cccnc12,1.51,1.22,0.0,0.48,1.2254
2-Methylheptan-3-one,CCCCC(=O)C(C)C,0.089,0.65,0.0,0.52,1.2515
5-Chloro-7-iodo-8-hydroxyquinoline,Oc1c(I)cc(Cl)c2cccnc12,2.07,1.22,0.0,0.59,1.4836
PCB 4,Clc1ccccc1-c1ccccc1Cl,1.6,1.22,0.0,0.2,1.569
4-Heptoxyphenol,CCCCCCCOc1ccc(O)cc1,0.8,1.13,0.57,0.45,1.8201
7-Hydroxyisoflavone,O=c1c(-c2ccccc2)coc2cc(O)ccc12,1.98,1.68,0.68,0.88,1.7284
Z-γ-Bisabolene,CC(C)=CCC/C(C)=C1\CC=C(C)CC1,0.668,0.35,0.0,0.39,1.9845
"2,6-Diethylpyrazine",CCc1cncc(CC)n1,0.623,0.67,0.0,0.74,1.1978
O-Butanoylzidovudine,CCCC(=O)OC[C@H]1O[C@@H](n2cc(C)c(=O)[nH]c2=O)C[C@@H]1N=[N+]=[N-],1.74,1.81,0.3,2.01,2.3985
2-Methyl-6-nitrophenol,Cc1cccc([N+](=O)[O-])c1O,1.03,1.01,0.14,0.36,1.0902
Quinine,C=C[C@H]1CN2CC[C@H]1C[C@H]2[C@H](O)c1ccnc2ccc(OC)cc12,2.469,1.23,0.37,1.97,2.5512
Pentyl 4-aminobenzoate,CCCCCOC(=O)c1ccc(N)cc1,1.0,1.25,0.28,0.68,1.736
Dimethyl phthalate,COC(=O)c1ccccc1C(=O)OC,0.78,1.26,0.0,0.88,1.4288
o-Bromophenylurea,NC(=O)Nc1ccccc1Br,1.225,1.42,0.82,0.76,1.2476
dipropyl phthalate,CCCOC(=O)c1ccccc1C(=O)OCCC,0.713,1.28,0.0,0.94,1.9924
Diallyl phthalate,C=CCOC(=O)c1ccccc1C(=O)OCC=C,0.914,1.3,0.0,0.94,1.9064
Dipentyl phthalate,CCCCCOC(=O)c1ccccc1C(=O)OCCCCC,0.68,1.27,0.0,0.95,2.556
Methyl 3-furoate,COC(=O)c1ccoc1,0.477,0.84,0.0,0.46,0.8925
1-Phenyl-3-cyclopropylurea,O=C(Nc1ccccc1)NC1CC1,1.3,1.65,0.7,0.8,1.3867
1-Phenyl-3-cyclopentylurea,O=C(Nc1ccccc1)NC1CCCC1,1.34,1.6,0.7,0.84,1.6685
3-Methyldecane,CCCCCCCC(C)CC,0.0,0.0,0.0,0.0,1.6585
5-Methyldecane,CCCCCC(C)CCCC,0.0,0.0,0.0,0.0,1.6585
2-Hydroxy-4-methoxybenzophenone,COc1ccc(C(=O)c2ccccc2)c(O)c1,1.65,1.63,0.0,0.62,1.7391
2-Methylbenzophenone,Cc1ccccc1C(=O)c1ccccc1,1.449,1.5,0.0,0.53,1.6217
2-Bromododecane,CCCCCCCCCCC(C)Br,0.296,0.35,0.0,0.14,1.9744
1-Nitroso-2-naphthol,O=Nc1c(O)ccc2ccccc12,1.434,1.41,0.06,0.58,1.2596
4-Ethyl-6-methyldibenzothiophene,CCc1cccc2c1sc1c(C)cccc12,1.96,1.18,0.0,0.21,1.8018
"4,6-Diethyldibenzothiophene",CCc1cccc2c1sc1c(CC)cccc12,1.96,1.18,0.0,0.22,1.9427
4-tert-Butoxybenzoic acid,CC(C)(C)Oc1ccc(C(=O)O)cc1,0.83,0.88,0.58,0.52,1.554
4-(Methylthio)benzoic acid,CSc1ccc(C(=O)O)cc1,1.18,1.0,0.61,0.49,1.2361
Cilnidipine,COCCOC(=O)C1=C(C)NC(C)=C(C(=O)OC/C=C/c2ccccc2)C1c1cccc([N+](=O)[O-])c1,2.32,2.33,0.25,2.2,3.6816
chlorpheniramine,CN(C)CCC(c1ccc(Cl)cc1)c1ccccn1,1.465,1.41,0.0,1.33,2.2098
"2,5-Diethylpyrazine",CCc1cnc(CC)cn1,0.62,0.73,0.0,0.72,1.1978
2-Nitroso-1-naphthol,O=Nc1ccc2ccccc2c1O,1.434,1.26,0.44,0.58,1.2596
Triglycol nicotinate,O=C(OCCOCCOCCO)c1cccnc1,0.95,1.58,0.37,1.78,1.9121
Methyltriglycol nicotinate,COCCOCCOCCOC(=O)c1cccnc1,0.73,1.42,0.0,1.79,2.053
Olanzapine,Cc1cc2c(s1)Nc1ccccc1N=C2N1CCN(C)CC1,2.45,1.4,0.23,1.75,2.3742
Dibenzofuran,c1ccc2c(c1)oc1ccccc12,1.78,0.86,0.0,0.25,1.2743
Dibenzothiophene,c1ccc2c(c1)sc1ccccc12,1.959,1.2,0.0,0.2,1.3791
trans-Hex-3-ene,CC/C=C/CC,0.126,0.08,0.0,0.06,0.911
1-Naphthylacetonitrile,N#CCc1cccc2ccccc12,1.481,1.55,0.0,0.51,1.381
Org12962,FC(F)(F)c1ccc(N2CCNCC2)nc1Cl,1.1,1.15,0.26,0.93,1.6463
"1,3-Dihydroxynaphthalene",Oc1cc(O)c2ccccc2c1,1.71,1.65,1.09,0.58,1.2028
Methylisopentylsulfide,CSCCC(C)C,0.344,0.38,0.0,0.38,1.1175
"(2,5-dihydroxyphenyl)diphenylphosphine oxide",O=P(c1ccccc1)(c1ccccc1)c1cc(O)ccc1O,2.33,2.18,0.36,1.91,2.3127
Flutamide,CC(C)C(=O)Nc1ccc([N+](=O)[O-])c(C(F)(F)F)c1,0.83,1.53,0.53,0.68,1.7637
Chloroprocaine,CCN(CC)CCOC(=O)c1ccc(N)cc1Cl,1.25,1.38,0.25,1.3,2.0991
4-Aminobutan-1-ol,NCCCCO,0.458,0.88,0.41,1.06,0.8307
4-Iodoacetophenone,CC(=O)c1ccc(I)cc1,1.4,1.26,0.0,0.44,1.2721
Hydrogen,[H][H],0.0,0.0,0.0,0.0,0.1086
Tartaric acid,O=C(O)C(O)C(O)C(=O)O,0.82,1.62,1.19,1.02,0.9384
3(4-Bromo-3-chlorophenyl)-1-methoxy-1-methylurea,CON(C)C(=O)Nc1ccc(Br)c(Cl)c1,1.55,1.15,0.2,0.95,1.7105
Pentadec-1-ene,C=CCCCCCCCCCCCCC,0.083,0.08,0.0,0.07,2.1791
Ethylbutylamine,CCCCNCC,0.124,0.32,0.08,0.65,1.0538
2-Methyl-5-ethylpyrazine,CCc1cnc(C)cn1,0.66,0.79,0.0,0.7,1.0569
Trichloromethiazide,NS(=O)(=O)c1cc2c(cc1Cl)NC(C(Cl)Cl)NS2(=O)=O,2.6,2.95,1.1,1.6,2.118
trans-Oct-2-ene,CC=CCCCCC,0.123,0.07,0.0,0.07,1.1928
Fenoterol,CC(Cc1ccc(O)cc1)NCC(O)c1cc(O)cc(O)c1,2.09,2.2,1.88,2.04,2.3633
Epicatechin,Oc1cc(O)c2c(c1)OC(c1ccc(O)c(O)c1)C(O)C2,2.924,2.73,2.3,1.84,1.9905
N-Methyl-N-propylaniline,CCCN(C)c1ccccc1,0.943,0.8,0.0,0.45,1.3798
Methyl 2-aminobenzoate,COC(=O)c1ccccc1N,1.124,0.91,0.01,0.68,1.1724
Germanium tetraiodide,[I][Ge]([I])([I])[I],2.23,0.57,0.32,1.22,1.429
"N,N-Diethyl-3-methylbenzamide",CCN(CC)C(=O)c1cccc(C)c1,0.957,1.4,0.0,1.02,1.6773
3-carene,CC1=CCC2C(C1)C2(C)C,0.492,0.22,0.0,0.14,1.2574
Lamivudine,Nc1ccn(C2CSC(CO)O2)c(=O)n1,2.25,1.6,0.44,1.86,1.5286
E-α-Bergamotene,CC(C)=CCC[C@]1(C)[C@H]2CC=C(C)[C@@H]1C2,0.695,0.28,0.0,0.38,1.9189
"2,2,4,6,6-Pentamethylheptane",CC(CC(C)(C)C)CC(C)(C)C,0.0,0.0,0.0,0.0,1.7994
Hexyl 4-aminobenzoate,CCCCCCOC(=O)c1ccc(N)cc1,1.0,1.34,0.24,0.7,1.8769
"2,3-Dicyanopyrazine",N#Cc1nccnc1C#N,0.893,1.25,0.0,0.72,0.9436
Benzil,O=C(C(=O)c1ccccc1)c1ccccc1,1.445,1.59,0.0,0.62,1.6374
4-Methylbenzophenone,Cc1ccc(C(=O)c2ccccc2)cc1,1.45,1.5,0.0,0.53,1.6217
4-Chlorobenzophenone,O=C(c1ccccc1)c1ccc(Cl)cc1,1.51,1.42,0.0,0.46,1.6032
"1,2-Diethylbenzene",CCc1ccccc1CC,0.688,0.54,0.0,0.18,1.28
2-Methoxybenzaldehyde,COc1ccccc1C=O,0.956,1.12,0.0,0.59,1.0726
2-Naphthol,Oc1ccc2ccccc2c1,1.52,1.08,0.61,0.4,1.1441
Pindolol,CC(C)NCC(O)COc1cccc2[nH]ccc12,1.7,1.59,0.3,1.4,2.009
Pentacene,c1ccc2cc3cc4cc5ccccc5cc4cc3cc2c1,4.0,2.71,0.0,0.44,2.1924
Misonidazole,COCC(O)Cn1ccnc1[N+](=O)[O-],1.02,1.75,0.31,1.3,1.3915
fluoromisonidazole,O=[N+]([O-])c1nccn1CC(O)CF,0.92,1.85,0.37,1.1,1.2096
Phenoxazine,c1ccc2c(c1)Nc1ccccc1O2,1.57,1.46,0.2,0.24,1.3741
p-Quaterphenyl,c1ccc(-c2ccc(-c3ccc(-c4ccccc4)cc3)cc2)cc1,2.65,1.85,0.0,0.45,2.5398
Beloxepin,Cc1cccc2c1Oc1ccccc1C1(O)CCN(C)CC21,2.08,1.5,0.25,1.45,2.3105
Hydrocortisone-17-butanoate,CCCC(=O)OC1(C(=O)CO)CCC2C3CCC4=CC(=O)CCC4(C)C3C(O)CC21C,1.93,3.1,0.4,2.21,3.3769
"1,2-Diethyl-3-methylbenzene",CCc1cccc(C)c1CC,0.761,0.59,0.0,0.2,1.4209
"1,4-Diethyl-2-methylbenzene",CCc1ccc(CC)c(C)c1,0.705,0.54,0.0,0.19,1.4209
"2,3-Dimethylbenzyl alcohol",Cc1cccc(CO)c1C,0.87,0.88,0.39,0.63,1.1978
Alprenolol,C=CCc1ccccc1OCC(O)CNC(C)C,1.25,1.09,0.15,1.44,2.1587
Butyl benzoate,CCCCOC(=O)c1ccccc1,0.668,0.8,0.0,0.46,1.4953
N-p-Tolyl-2-methylbenzohydroxamic acid,Cc1ccc(N(O)C(=O)c2ccccc2C)cc1,1.71,1.29,0.42,1.06,1.9211
Nefopam,CN1CCOC(c2ccccc2)c2ccccc2C1,1.6,1.78,0.0,1.18,2.0786
Delavirdine,CC(C)Nc1cccnc1N1CCN(C(=O)c2cc3cc(NS(C)(=O)=O)ccc3[nH]2)CC1,3.22,3.8,0.89,2.65,3.3684
Methyl 2-cyano-2-propenoic acid,C=C(C#N)C(=O)OC,0.35,0.88,0.0,0.58,0.8583
Tolfenamic acid,Cc1c(Cl)cccc1Nc1ccccc1C(=O)O,1.84,1.43,0.72,0.5,1.9026
"2,4,5-Trimethylaniline",Cc1cc(C)c(N)cc1C,0.966,0.92,0.17,0.5,1.2389
"Methyl 2,5-dimethylbenzoate",COC(=O)c1cc(C)ccc1C,0.8,0.85,0.0,0.49,1.3544
2-Methylbutan-1-ol,CCC(C)CO,0.219,0.39,0.37,0.48,0.8718
Bromocyclopentane,BrC1CCCC1,0.571,0.48,0.0,0.16,0.8795
β-Cubebene,C=C1CC[C@@]23[C@@H]([C@@H]12)[C@H](C(C)C)CC[C@H]3C,0.616,0.19,0.0,0.27,1.8533
Lidocaine,CCN(CC)CC(=O)Nc1c(C)cccc1C,1.11,1.51,0.07,1.24,2.0589
DPP(TBFu)2,CCCCC(CC)CN1C(=O)C2=C(c3ccc(-c4cc5ccccc5o4)s3)N(CC(CC)CCCC)C(=O)C2=C1c1ccc(-c2cc3ccccc3o2)s1,4.99,4.06,0.0,1.69,5.7946
Butyl lactate,CCCCOC(=O)C(C)O,0.167,0.62,0.2,0.74,1.228
Enflurane,FC(F)OC(F)(F)C(F)Cl,-0.236,0.4,0.07,0.13,0.8009
4-Ethylbenzenesulfonamide,CCc1ccc(S(N)(=O)=O)cc1,1.13,1.5,0.55,0.9,1.3789
4-Sulfamoylbenzoic acid,NS(=O)(=O)c1ccc(C(=O)O)cc1,1.35,1.67,1.0,1.05,1.3124
Salicin,OCc1ccccc1OC1OC(CO)C(O)C(O)C1O,2.0,2.22,1.05,2.25,2.005
Ocimene-Y,C=CC(C)=CCC=C(C)C,0.581,0.29,0.0,0.21,1.3886
Limonene,C=C(C)C1CC=C(C)CC1,0.501,0.31,0.0,0.23,1.323
"4-Nitroso-N,N-dimethylaniline",CN(C)c1ccc(N=O)cc1,0.98,1.54,0.0,0.47,1.2135
Capsazepine,Oc1cc2c(cc1O)CN(C(=S)NCCc1ccc(Cl)cc1)CCC2,2.9,2.4,0.9,1.66,2.7618
2-Ethylpyrazine,CCc1cnccn1,0.616,0.84,0.0,0.67,0.916
"N,N′-di(1-naphthyl)-N,N′-diphenylbenzidine",c1ccc(N(c2ccc(-c3ccc(N(c4ccccc4)c4cccc5ccccc45)cc3)cc2)c2cccc3ccccc23)cc1,5.69,4.03,0.0,1.49,4.693
Propazine,CC(C)Nc1nc(Cl)nc(NC(C)C)n1,1.19,1.26,0.13,1.05,1.7605
sec-Butylamine,CCC(C)N,0.17,0.32,0.16,0.63,0.772
"4-Methyl-3,5-dibromophenol",Cc1c(Br)cc(O)cc1Br,1.3,0.97,0.79,0.16,1.266
"3,4-Dihydroxybenzaldehyde",O=Cc1ccc(O)c(O)c1,1.18,1.58,0.7,0.52,0.9904
Ethyl heptadecanoate,CCCCCCCCCCCCCCCCC(=O)OCC,0.0,0.58,0.0,0.45,2.8601
trans-Cinnamic acid,O=C(O)C=Cc1ccccc1,1.14,0.97,0.58,0.58,1.1705
Benzyl acetate,CC(=O)OCc1ccccc1,0.798,0.85,0.0,0.65,1.2135
Amoxapine,Clc1ccc2c(c1)C(N1CCNCC1)=Nc1ccccc1O2,2.5,1.64,0.16,1.43,2.249
Phenylacetonitrile,N#CCc1ccccc1,0.751,1.03,0.0,0.5,1.012
Butyl 3-butenoate,C=CCC(=O)OCCCC,0.211,0.59,0.0,0.43,1.2672
4-Chlorophenylurea,NC(=O)Nc1ccc(Cl)cc1,1.215,1.57,0.81,0.55,1.195
Neomycin,NCC1OC(OC2C(CO)OC(OC3C(O)C(N)CC(N)C3OC3OC(CN)C(O)C(O)C3N)C2O)C(N)C(O)C1O,3.96,4.2,2.5,6.0,4.2768
N-Propionylpiperidine,CCC(=O)N1CCCCC1,0.3,1.25,0.0,0.8,1.2427
Glycyrrhizic acid,CC1(C(=O)O)CCC2(C)CCC3(C)C(=CC(=O)C4C5(C)CCC(OC6OC(C(=O)O)C(O)C(O)C6OC6OC(C(=O)O)C(O)C(O)C6O)C(C)(C)C5CCC43C)C2C1,3.53,1.85,6.8,5.9,5.9904
Pramocaine,CCCCOc1ccc(OCCCN2CCOCC2)cc1,1.03,1.5,0.0,1.4,2.4336
4-Allylanisole,C=CCc1ccc(OC)cc1,0.802,0.73,0.0,0.44,1.2957
Menthone,CC1CCC(C(C)C)C(=O)C1,0.322,0.61,0.0,0.62,1.4247
Aminopotentidine,N#CNC(=NCCCOc1cccc(CN2CCCCC2)c1)NCCNC(=O)c1ccc(N)cc1,2.95,3.0,1.2,2.97,3.8322
Ethyl acrylate,C=CC(=O)OCC,0.212,0.64,0.0,0.42,0.8445
"Octan-2,4-dione",CCCCC(=O)CC(C)=O,0.41,0.67,0.07,0.62,1.2672
"Nonan-4,6-dione",CCCC(=O)CC(=O)CCC,0.41,0.64,0.11,0.64,1.4081
Benzo-18-crown-6,c1ccc2c(c1)OCCOCCOCCOCCOCCO2,1.045,2.47,0.0,1.9,2.369
Benzo-15-crown-5,c1ccc2c(c1)OCCOCCOCCOCCO2,1.055,1.94,0.0,1.59,2.0285
Di-n-butyl succinate,CCCCOC(=O)CCC(=O)OCCCC,0.04,0.95,0.0,0.84,1.9482
Propyl pentanoate,CCCCC(=O)OCCC,0.075,0.56,0.0,0.45,1.3102
Neryl acetate,CC(=O)OC/C=C(/C)CCC=C(C)C,0.35,0.7,0.0,0.65,1.7878
"7-Nitro-1,3,5-triazaadamantane",O=[N+]([O-])C12CN3CN(CN(C3)C1)C2,1.34,1.78,0.0,0.92,1.2427
Diethyl adipate,CCOC(=O)CCCCC(=O)OCC,0.087,1.1,0.0,1.01,1.6664
Tetratriacontane,CCCCCCCCCCCCCCCCCCCCCCCCCCCCCCCCCC,0.0,0.0,0.0,0.0,4.8992
4-Methyl-4-methoxypentan-2-ol,COC(C)(C)CC(C)O,0.184,0.65,0.31,0.98,1.2123
3-Iodopropanoic acid,O=C(O)CCI,0.77,1.02,0.62,0.53,0.8639
Ethyl acetate,CCOC(C)=O,0.106,0.62,0.0,0.45,0.7466
4-Methylpent-3-ene-2-one,CC(=O)C=C(C)C,0.412,0.66,0.0,0.54,0.9267
Malonic acid,O=C(O)CC(=O)O,0.38,1.46,0.99,0.59,0.6801
Dibenzo-18-crown-6,c1ccc2c(c1)OCCOCCOc1ccccc1OCCOCCO2,1.69,2.73,0.0,1.78,2.695
"1,3-Diethylbenzene",CCc1cccc(CC)c1,0.637,0.5,0.0,0.18,1.28
"3,4'-Dihydroxyflavone",O=c1c(O)c(-c2ccc(O)cc2)oc2ccccc12,2.18,1.9,1.04,1.08,1.7871
Ethyl acetoacetate,CCOC(=O)CC(C)=O,0.208,0.8,0.0,0.86,1.0441
Methyl 4-hydroxyphenylacetate,COC(=O)Cc1ccc(O)cc1,0.908,1.36,0.59,0.7,1.2722
"2-tert-Butyl-4,6-dinitrophenol",CC(C)(C)c1cc([N+](=O)[O-])cc([N+](=O)[O-])c1O,1.23,1.6,0.2,0.55,1.6871
Hexyl methacrylate,C=C(C)C(=O)OCCCCCC,0.154,0.49,0.0,0.45,1.549
Cyclopentene,C1=CCCC1,0.335,0.22,0.0,0.08,0.6615
4-Bromopyridine N-oxide,[O-][n+]1ccc(Br)cc1,0.978,1.12,0.49,0.83,0.909
Org13011,O=C1CCCN1CCCCN1CCN(c2cc(C(F)(F)F)ccn2)CC1,1.066,1.98,0.0,1.96,2.658
Hexanoic acid,CCCCCC(=O)O,0.174,0.63,0.62,0.44,1.0284
5-Chloropent-1-yne,C#CCCCCl,0.376,0.65,0.12,0.25,0.8495
Tetrahydropyran,C1CCOCC1,0.296,0.5,0.0,0.47,0.7632
n-Heptane,CCCCCCC,0.0,0.0,0.0,0.0,1.0949
"Hexa-2,4-dienal",CC=CC=CC=O,0.769,0.84,0.0,0.51,0.8837
Di-n-propylamine,CCCNCCC,0.124,0.3,0.08,0.69,1.0538
Dodecyl methacrylate,C=C(C)C(=O)OCCCCCCCCCCCC,0.133,0.49,0.0,0.45,2.3944
Ethyl-tert-butylsulfide,CCSC(C)(C)C,0.325,0.3,0.0,0.47,1.1175
n-Hexyl acetate,CCCCCCOC(C)=O,0.056,0.6,0.0,0.45,1.3102
Xipamide,Cc1cccc(C)c1NC(=O)c1cc(S(N)(=O)=O)c(Cl)cc1O,2.46,3.25,1.33,1.48,2.4242
Di-n-butyl ether,CCCCOCCCC,0.0,0.25,0.0,0.45,1.2945
Propyl tetradecanoate,CCCCCCCCCCCCCC(=O)OCCC,-0.01,0.56,0.0,0.45,2.5783
Dodecanoic acid,CCCCCCCCCCCC(=O)O,0.083,0.65,0.62,0.45,1.8738
Nonan-1-ol,CCCCCCCCCO,0.193,0.42,0.37,0.48,1.4354
Heptyl 4-aminobenzoate,CCCCCCCOC(=O)c1ccc(N)cc1,1.0,1.35,0.22,0.71,2.0178
Octyl 4-aminobenzoate,CCCCCCCCOC(=O)c1ccc(N)cc1,1.0,1.36,0.22,0.71,2.1587
2-Methylfluorene,Cc1ccc2c(c1)Cc1ccccc1-2,1.588,1.03,0.0,0.25,1.4974
1-Decanethiol,CCCCCCCCCCS,0.342,0.4,0.0,0.21,1.6811
Nonyl acetate,CCCCCCCCCOC(C)=O,0.043,0.6,0.0,0.45,1.7329
4-Methylbenzo[b]thiophene,Cc1cccc2sccc12,1.32,0.85,0.0,0.19,1.151
5-Methylbenzo[b]thiophene,Cc1ccc2sccc2c1,1.323,0.85,0.0,0.19,1.151
1-Bromododecane,CCCCCCCCCCCCBr,0.325,0.4,0.0,0.12,1.9744
Dihexylamine,CCCCCCNCCCCCC,0.073,0.3,0.08,0.69,1.8992
N-Ethylbenzylamine,CCNCc1ccccc1,0.76,0.78,0.1,0.75,1.2389
Triethylene glycol butyl ether,CCCCOCCOCCOCCO,0.171,0.96,0.28,1.44,1.7524
"2,5,8,11,14-Pentaoxopentadecane",COCCOCCOCCOCCOC,-0.02,1.11,0.0,1.79,1.8111
Methylmercury(II) iodide,[CH3][Hg][I],1.4,1.31,0.07,0.2,0.7821
Kresoxim-methyl,CON=C(C(=O)OC)c1ccccc1COc1ccccc1C,1.15,1.42,0.0,1.44,2.4182
2'-Hydroxy-5'-methyl-4-nitroazobenzene,Cc1ccc(O)c(N=Nc2ccc([N+](=O)[O-])cc2)c1,1.872,1.38,0.5,0.75,1.8546
4-Ethylphenylacetic acid,CCc1ccc(CC(=O)O)cc1,0.73,0.97,0.6,0.64,1.3544
N-Furfurylpyrrole,c1coc(Cn2cccc2)c1,0.826,1.1,0.0,0.46,1.146
Rizatriptan,CN(C)CCc1c[nH]c2ccc(Cn3cncn3)cc12,2.13,2.9,0.31,1.44,2.1373
Trihexylphenidyl,OC(CCN1CCCCC1)(c1ccccc1)C1CCCCC1,1.37,1.2,0.3,1.23,2.6303
9-OH Risperidone,Cc1nc2n(c(=O)c1CCN1CCC(c3noc4cc(F)ccc34)CC1)CCCC2O,3.05,2.75,0.32,2.82,3.0983
Lubeluzole,CN(c1nc2ccccc2s1)C1CCN(CC(O)COc2ccc(F)c(F)c2)CC1,2.67,2.0,0.14,1.9,3.0887
3-Methyl-trans-cinnamic acid,Cc1cccc(C=CC(=O)O)c1,1.14,0.99,0.58,0.57,1.3114
4-Ethoxypyridine N-oxide,CCOc1cc[n+]([O-])cc1,0.724,1.19,0.72,1.05,1.0745
Sulfacetamide,CC(=O)NS(=O)(=O)c1ccc(N)cc1,1.48,2.73,0.42,1.3,1.4944
Sulfamethizole,Cc1nnc(NS(=O)(=O)c2ccc(N)cc2)s1,2.14,2.4,0.61,1.44,1.7881
Sulfapyridine,Nc1ccc(S(=O)(=O)Nc2ccccn2)cc1,2.04,2.23,0.59,1.48,1.7636
N-m-Tolylbenzohydroxamic acid,Cc1cccc(N(O)C(=O)c2ccccc2)c1,1.71,1.3,0.31,1.07,1.7802
Chloropyrazine,Clc1cnccn1,0.727,0.94,0.0,0.45,0.7566
etorphine,CCC[C@@](C)(O)[C@H]1C[C@@]23C=C[C@]1(OC)[C@@H]1Oc4c(O)ccc5c4[C@@]12CCN(C)[C@@H]3C5,1.81,1.45,0.5,2.26,3.1421
2-Ethoxypyridine,CCOc1ccccn1,0.64,0.68,0.0,0.52,1.0158
1-Methylcycloheptene,CC1=CCCCCC1,0.43,0.22,0.0,0.1,1.0842
Nonadecan-1-ol,CCCCCCCCCCCCCCCCCCCO,0.143,0.42,0.37,0.48,2.8444
Heptadecan-1-ol,CCCCCCCCCCCCCCCCCO,0.148,0.42,0.37,0.48,2.5626
3-Methylbenzo[b]thiophene,Cc1csc2ccccc12,1.32,0.85,0.0,0.19,1.151
1-Nonanethiol,CCCCCCCCCS,0.347,0.4,0.0,0.21,1.5402
Bupranolol,Cc1ccc(Cl)c(OCC(O)CNC(C)(C)C)c1,1.0,1.15,0.17,1.39,2.1832
"cis-Hexa-1,3-diene",C=CC=CCC,0.346,0.23,0.0,0.1,0.868
Dimethyl isophthalate,COC(=O)c1cccc(C(=O)OC)c1,0.78,1.48,0.0,0.67,1.4288
"trans-Cyclohexane-1,2-diol",OC1CCCCC1O,0.63,0.8,0.75,0.9,0.9628
Tetrabutyltin,CCC[CH2][Sn]([CH2]CCC)([CH2]CCC)[CH2]CCC,0.467,0.16,0.0,0.16,2.7339
1-Methylcyclopentanol,CC1(O)CCCC1,0.387,0.44,0.27,0.59,0.9041
Nitrazepam,O=C1CN=C(c2ccccc2)c2cc([N+](=O)[O-])ccc2N1,2.3,1.53,0.33,1.43,1.9848
"2,3,6-Trimethylpyridine",Cc1ccc(C)c(C)n1,0.674,0.72,0.0,0.62,1.098
"2,8-Dimethylquinoline",Cc1ccc2cccc(C)c2n1,1.319,0.93,0.0,0.57,1.3261
Triflupromazine,CN(C)CCCN1c2ccccc2Sc2ccc(C(F)(F)F)cc21,1.66,1.37,0.0,1.0,2.4772
2-Carboxyethylphenylphosphinic acid,O=C(O)CCP(=O)(O)c1ccccc1,1.09,1.53,0.9,1.45,1.5355
Trimethylpyrazine,Cc1cnc(C)c(C)n1,0.659,0.74,0.0,0.81,1.0569
"2,6-Dimethoxybenzoic acid",COc1cccc(OC)c1C(=O)O,0.88,1.68,0.68,0.8,1.3309
3-Ethyl-2-methylheptane,CCCCC(CC)C(C)C,0.0,0.0,0.0,0.0,1.5176
(E)-Hept-2-ene,C/C=C/CCCC,0.119,0.08,0.0,0.07,1.0519
trans-Hept-3-ene,CC/C=C/CCC,0.121,0.08,0.0,0.07,1.0519
2-Trifluoromethyl-4-nitrozimidazole,O=[N+]([O-])c1cccc2nc(C(F)(F)F)[nH]c12,1.27,1.76,0.3,0.63,1.2735
Ziprasidone,O=C1Cc2cc(CCN3CCN(c4nsc5ccccc45)CC3)c(Cl)cc2N1,3.38,2.75,0.48,1.75,2.9243
5-Indanol,Oc1ccc2c(c1)CCC2,0.96,0.83,0.56,0.41,1.0892
Methyl 3-nitro-4-chlorobenzoate,COC(=O)c1ccc(Cl)c([N+](=O)[O-])c1,1.102,1.48,0.0,0.58,1.3692
Sulforidazine,CN1CCCCC1CCN1c2ccccc2Sc2ccc(S(C)(=O)=O)cc21,2.72,2.86,0.0,1.63,3.0191
"cis-1,4-Dichlorobut-2-ene",ClCC=CCCl,0.58,0.95,0.0,0.22,0.874
4-Methylsulfonylphenol,CS(=O)(=O)c1ccc(O)cc1,0.983,2.0,0.95,0.75,1.1969
3-Methylsulfonylphenol,CS(=O)(=O)c1cccc(O)c1,0.98,1.85,0.85,0.8,1.1969
Indole-2-carboxylic acid,O=C(O)c1cc2ccccc2[nH]1,1.41,1.43,0.88,0.44,1.1617
Arabinose,O=C[C@@H](O)[C@H](O)[C@H](O)CO,1.11,1.4,1.05,1.55,1.0636
2-Ethylanisole,CCc1ccccc1OC,0.741,0.8,0.0,0.3,1.1978
7-Methyloctan-2-one,CC(=O)CCCCC(C)C,0.1,0.65,0.0,0.52,1.3924
8-Hydroxyquinoline,Oc1cccc2cccnc12,1.4,1.03,0.0,0.6,1.103
"4',5-Dihydroxyisoflavone",O=c1c(-c2ccc(O)cc2)coc2cccc(O)c12,2.14,1.99,0.71,0.88,1.7871
"1,3-Dimethyl-4-sec.-butylbenzene",CCC(C)c1ccc(C)cc1C,0.689,0.55,0.0,0.23,1.5618
"1,3-Dimethyl-4-sec.-butylbenzene",CCC(C)c1ccc(C)cc1C,0.671,0.55,0.0,0.22,1.5618
Norephedrin,CC(N)C(O)c1ccccc1,1.03,1.03,0.44,1.12,1.2976
9-Methylcarbazole,Cn1c2ccccc2c2ccccc21,1.53,1.63,0.0,0.24,1.4563
2-Piperidineethanol,OCCC1CCCCN1,0.594,0.75,0.4,1.01,1.1448
cis-Oct-3-ene,CCC=CCCCC,0.125,0.08,0.0,0.07,1.1928
trans-Oct-4-ene,CCCC=CCCC,0.114,0.08,0.0,0.07,1.1928
o-Vanillin,COc1cccc(C=O)c1O,1.04,1.26,0.07,0.61,1.1313
Thiabendazole,c1ccc2[nH]c(-c3cscn3)nc2c1,2.22,1.9,0.35,0.64,1.3967
Ipronidazole,CC(C)c1ncc([N+](=O)[O-])n1C,0.9,1.59,0.0,0.78,1.2741
"1,2,3-Trifluorobenzene",Fc1cccc(F)c1F,0.306,0.59,0.0,0.04,0.7695
4-Cyanopyridine N-oxide,N#Cc1cc[n+]([O-])cc1,0.834,1.66,0.35,0.9,0.8887
α-Ylangene,CC1=CC[C@@H]2[C@H]3[C@H](C(C)C)CC[C@]2(C)[C@@H]13,0.64,0.13,0.0,0.33,1.8533
Oxymetazoline,Cc1cc(C(C)(C)C)c(O)c(C)c1CC1=NCCN1,1.35,1.45,0.84,1.36,2.2321
trans-Oct-3-ene,CCC=CCCCC,0.119,0.08,0.0,0.07,1.1928
"Methyl 2,6-dimethylbenzoate",COC(=O)c1c(C)cccc1C,0.815,0.85,0.0,0.49,1.3544
"Methyl 2,6-dichlorobenzoate",COC(=O)c1c(Cl)cccc1Cl,1.01,1.3,0.0,0.38,1.3174
Mercaptobenzothiazole,Sc1nc2ccccc2s1,1.81,1.35,0.1,0.46,1.1325
Erythritol,OCC(O)C(O)CO,0.785,1.5,1.65,1.42,0.907
1-Fluoro-2-nitrobenzene,O=[N+]([O-])c1ccccc1F,0.767,1.16,0.0,0.31,0.9083
4-Pentylphenol,CCCCCc1ccc(O)cc1,0.787,0.86,0.55,0.36,1.4796
2-Ethylhexanoic acid,CCCCC(CC)C(=O)O,0.18,0.6,0.61,0.45,1.3102
"1,2,3,6-PCN",Clc1ccc2c(Cl)c(Cl)c(Cl)cc2c1,1.81,1.24,0.0,0.0,1.575
"1,2,6,7-PCN",Clc1cc2ccc(Cl)c(Cl)c2cc1Cl,1.81,1.24,0.0,0.0,1.575
"1,2,5,8-PCN",Clc1ccc2c(Cl)ccc(Cl)c2c1Cl,1.81,1.24,0.0,0.0,1.575
"1,2,3,8-PCN",Clc1cc2cccc(Cl)c2c(Cl)c1Cl,1.81,1.24,0.0,0.0,1.575
"1,2,7,8-PCN",Clc1ccc2ccc(Cl)c(Cl)c2c1Cl,1.81,1.3,0.0,0.0,1.575
4-Butoxybenzoic acid,CCCCOc1ccc(C(=O)O)cc1,0.88,0.97,0.56,0.53,1.554
"9,10-Diphenylanthracene",c1ccc(-c2c3ccccc3c(-c3ccccc3)c3ccccc23)cc1,3.51,2.38,0.0,0.37,2.67
Gallic acid,O=C(O)c1cc(O)c(O)c(O)c1,1.29,1.54,1.62,0.88,1.1078
2-Nitropyridine,O=[N+]([O-])c1ccccn1,0.89,1.42,0.0,0.54,0.8495
"4,5-Dimethyl-8-hydroxyquinoline",Cc1ccnc2c(O)ccc(C)c12,1.4,1.18,0.0,0.62,1.3848
"Methyl 2,3-dimethylbenzoate",COC(=O)c1cccc(C)c1C,0.8,0.85,0.0,0.5,1.3544
4-Aminobenzoic acid,Nc1ccc(C(=O)O)cc1,1.075,1.65,0.94,0.6,1.0315
3-Methoxyphenol,COc1cccc(O)c1,0.879,1.17,0.59,0.39,0.9747
Cyclodecanol,OC1CCCCCCCCC1,0.632,0.54,0.27,0.59,1.4677
"1,2,3,7,8-PCN",Clc1cc2ccc(Cl)c(Cl)c2c(Cl)c1Cl,1.93,1.36,0.0,0.0,1.6974
cyclodecanone,O=C1CCCCCCCCC1,0.527,0.86,0.0,0.56,1.4247
"1,3,6,8-PCN",Clc1cc(Cl)c2c(Cl)cc(Cl)cc2c1,1.81,1.18,0.0,0.0,1.575
"1,2,3,6,7-PCN",Clc1cc2cc(Cl)c(Cl)c(Cl)c2cc1Cl,1.93,1.36,0.0,0.0,1.6974
"1,2,4,6,7-PCN",Clc1cc2c(Cl)cc(Cl)c(Cl)c2cc1Cl,1.93,1.3,0.0,0.0,1.6974
"1,2,3,5,6-PCN",Clc1cc2c(Cl)c(Cl)ccc2c(Cl)c1Cl,1.93,1.36,0.0,0.0,1.6974
"1,2,4,5,7-PCN",Clc1cc(Cl)c2c(Cl)cc(Cl)c(Cl)c2c1,1.93,1.3,0.0,0.0,1.6974
"1,2,4,5,6-PCN",Clc1cc(Cl)c2c(Cl)c(Cl)ccc2c1Cl,1.93,1.36,0.0,0.0,1.6974
"1,2,4,7,8-PCN",Clc1ccc2c(Cl)cc(Cl)c(Cl)c2c1Cl,1.93,1.36,0.0,0.0,1.6974
"1,2,4,6,8-PCN",Clc1cc(Cl)c2c(Cl)c(Cl)cc(Cl)c2c1,1.93,1.3,0.0,0.0,1.6974
"1,2,4,6,8-PCN",Clc1cc(Cl)c2c(Cl)c(Cl)cc(Cl)c2c1,1.93,1.36,0.0,0.0,1.6974
"1,2,3,5,8-PCN",Clc1cc2c(Cl)ccc(Cl)c2c(Cl)c1Cl,1.93,1.36,0.0,0.0,1.6974
"1,2,4,5,8-PCN",Clc1cc(Cl)c2c(Cl)ccc(Cl)c2c1Cl,1.93,1.36,0.0,0.0,1.6974
Indinavir,CC(C)(C)NC(=O)C1CN(Cc2cccnc2)CCN1CC(O)CC(Cc1ccccc1)C(=O)NC1c2ccccc2CC1O,3.5,3.83,1.12,4.0,4.8988
"2,2,5,5-Tetramethyltetrahydrofuran",CC1(C)CCC(C)(C)O1,0.16,0.36,0.0,0.66,1.1859
2-Methoxycinnamaldehyde,COc1ccccc1C=CC=O,1.046,1.48,0.0,0.62,1.3114
Dibenzyldisulfide,c1ccc(CSSCc2ccccc2)cc1,1.84,1.55,0.0,0.46,1.933
Monuron,CN(C)C(=O)Nc1ccc(Cl)cc1,1.14,1.5,0.47,0.78,1.4768
4-Methoxyphenol,COc1ccc(O)cc1,0.9,1.17,0.57,0.48,0.9747
"1,4-Dimethoxybenzene",COc1ccc(OC)cc1,0.806,1.0,0.0,0.5,1.1156
Phytol,CC(=CCO)CCCC(C)CCCC(C)CCCC(C)C,0.297,0.95,0.38,0.58,2.9423
Isobutanal oxime,CC(C)/C=N/O,0.37,0.59,0.35,0.57,0.7877
"1,3-Dimethoxybenzene",COc1cccc(OC)c1,0.816,1.01,0.0,0.45,1.1156
Zaleplon,CCN(C(C)=O)c1cccc(-c2ccnc3c(C#N)cnn23)c1,2.36,2.45,0.0,1.85,2.3058
"2,6-Difluoropyridine",Fc1cccc(F)n1,0.375,0.94,0.0,0.24,0.7107
Aziridine,C1CN1,0.37,0.92,0.17,0.44,0.3816
"1-Bromo-1-chloro-2,2,2-trifluoroethane",FC(F)(F)C(Cl)Br,0.102,0.39,0.13,0.05,0.7409
"4-Methoxy-N,N-dimethylbenzylamine",COc1ccc(CN(C)C)cc1,0.76,1.05,0.0,0.87,1.4385
1-Ethyl-4-n-butylbenzene,CCCCc1ccc(CC)cc1,0.624,0.49,0.0,0.18,1.5618
Methohexital,C=CCC1(C(C)C#CCC)C(=O)NC(=O)N(C)C1=O,1.367,1.55,0.21,1.48,2.0903
"3-Chloro-N,N-dimethylbenzylamine",CN(C)Cc1cccc(Cl)c1,0.78,0.81,0.0,0.63,1.3613
"3-Methoxy-N,N-dimethylbenzylamine",COc1cccc(CN(C)C)c1,0.76,1.05,0.0,0.87,1.4385
Diisobutyldisulphide,CC(C)CSSCC(C)C,0.6,0.4,0.0,0.38,1.5628
trans-Allo-ocimene,C/C=C/C=C/C=C/C,0.594,0.39,0.0,0.26,1.3886
Oct-3-yne,CCC#CCCCC,0.21,0.3,0.0,0.15,1.1498
Cortexolone,CC12CCC(=O)C=C1CCC1C2CCC2(C)C1CCC2(O)C(=O)CO,1.91,3.45,0.36,1.6,2.7389
Dydrogesterone,CC(=O)C1CCC2C3C=CC4=CC(=O)CCC4(C)C3CCC12C,1.63,3.33,0.0,1.15,2.5785
3-Methoxybenzonitrile,COc1cccc(C#N)c1,0.854,1.54,0.0,0.35,1.0707
Methylenecyclopentane,C=C1CCCC1,0.347,0.28,0.0,0.1,0.8024
Napropamide,CCN(CC)C(=O)C(C)Oc1cccc2ccccc12,1.63,1.53,0.0,1.3,2.2459
"1,1-Diphenylpropane",CCC(c1ccccc1)c1ccccc1,1.28,1.04,0.0,0.33,1.7469
Rutin,C[C@@H]1O[C@@H](OC[C@H]2O[C@@H](Oc3c(-c4ccc(O)c(O)c4)oc4cc(O)cc(O)c4c3=O)[C@H](O)[C@@H](O)[C@@H]2O)[C@H](O)[C@H](O)[C@H]1O,4.41,2.3,1.09,3.73,3.9651
Isoquinoline-N-oxide,[O-][n+]1ccc2ccccc2c1,1.35,2.14,0.28,0.74,1.103
RA12165,COc1cc2ncnc(Nc3cccc(Br)c3)c2cc1OC,2.64,2.54,0.25,1.2,2.285
Cephalothin,CC(=O)OCC1=C(C(=O)O)N2C(=O)C(NC(=O)Cc3cccs3)C2SC1,2.4,3.2,0.53,2.45,2.615
Thiamethoxam,CN1COCN(Cc2cnc(Cl)s2)C1=N[N+](=O)[O-],1.76,1.57,0.0,1.84,1.8076
2-Aminofluorene,Nc1ccc2c(c1)Cc1ccccc1-2,1.93,1.38,0.21,0.6,1.4563
5-Ethyl-5-tert-butylbarbituric acid,CCC1(C(C)(C)C)C(=O)NC(=O)NC1=O,1.03,1.08,0.47,1.28,1.6557
Lincomycin,CCCC1CC(C(=O)NC(C(C)O)C2OC(SC)C(O)C(O)C2O)N(C)C1,2.092,2.6,1.48,2.86,3.0999
Trapidil,CCN(CC)c1cc(C)nc2ncnn12,1.49,1.14,0.0,1.21,1.6274
Catechin,Oc1cc(O)c2c(c1)OC(c1ccc(O)c(O)c1)C(O)C2,2.61,2.05,2.3,1.83,1.9905
Germacrene B,CC(C)=C1C/C=C(\C)CC/C=C(\C)CC1,0.764,0.45,0.0,0.29,1.9845
Fluorodifen,O=[N+]([O-])c1ccc(Oc2ccc(C(F)(F)F)cc2[N+](=O)[O-])cc1,1.344,2.06,0.0,0.65,1.9253
Efavirenz,O=C1Nc2ccc(Cl)cc2C(C#CC2CC2)(C(F)(F)F)O1,1.56,1.4,0.44,0.6,1.8901
o-Chloro-3-phenyl-1-methylurea,CNC(=O)Nc1ccccc1Cl,1.158,1.36,0.66,0.83,1.3359
Methylisopropylsulfide,CSC(C)C,0.366,0.36,0.0,0.41,0.8357
Bromocyclooctane,BrC1CCCCCCC1,0.739,0.48,0.0,0.16,1.3022
"4,6-Dimethylpyrimidine",Cc1cc(C)ncn1,0.58,1.0,0.0,0.65,0.916
Tetraethylene glycol butyl ether,CCCCOCCOCCOCCOCCO,0.18,1.2,0.32,1.72,2.0929
Heneicosan-1-ol,CCCCCCCCCCCCCCCCCCCCCO,0.138,0.42,0.37,0.48,3.1262
carbofuran,CNC(=O)Oc1cccc2c1OC(C)(C)C2,0.918,1.08,0.21,1.1,1.6861
9-Bromoanthracene,Brc1c2ccccc2cc2ccccc12,2.56,1.55,0.0,0.23,1.6294
4-Acetylbenzenesulfonamide,CC(=O)c1ccc(S(N)(=O)=O)cc1,1.34,1.74,0.7,1.19,1.3946
"(Z)-1,2-Dichloroethene",Cl/C=C\Cl,0.436,0.61,0.11,0.05,0.5922
"(E)-1,2-Dichloroethene",Cl/C=C/Cl,0.425,0.41,0.09,0.05,0.5922
Sulpiride,CCN1CCCC1CNC(=O)c1cc(S(N)(=O)=O)ccc1OC,1.88,3.38,0.57,1.96,2.5306
Ibuprofen,CC(C)Cc1ccc(C(C)C(=O)O)cc1,0.73,0.7,0.57,0.79,1.7771
3-Aminopropan-1-ol,NCCCO,0.465,0.85,0.38,0.95,0.6898
6-Methylhept-5-en-2-ol,CC(C)=CCCC(C)O,0.332,0.41,0.33,0.63,1.2515
Ethyl isonicotinate,CCOC(=O)c1ccncc1,0.756,1.05,0.0,0.71,1.1724
4-Chloro-2-methylphenol,Cc1cc(Cl)ccc1O,0.89,0.91,0.63,0.22,1.0384
"2-Methyl-4,6-dichlorophenol",Cc1cc(Cl)cc(Cl)c1O,0.95,0.87,0.38,0.21,1.1608
Butyl 2-methylbutanoate,CCCCOC(=O)C(C)CC,0.0,0.53,0.0,0.47,1.4511
2-Methyl-3-ethylpyrazine,CCc1nccnc1C,0.657,0.9,0.0,0.75,1.0569
"2,3-Diethylpyrazine",CCc1nccnc1CC,0.651,0.82,0.0,0.79,1.1978
"1,4-Di-n-butylbenzene",CCCCc1ccc(CCCC)cc1,0.6,0.48,0.0,0.18,1.8436
Olsalazine,O=C(O)c1cc(N=Nc2ccc(O)c(C(=O)O)c2)ccc1O,2.21,1.61,1.43,0.84,2.0288
"cis-Penta-1,3-diene",C=C/C=C\C,0.345,0.23,0.0,0.1,0.7271
3-Carboxamidobenzenesulfonamide,NC(=O)c1cccc(S(N)(=O)=O)c1,1.51,2.37,0.6,1.28,1.3535
4-Hydroxybenzenesulfonamide,NS(=O)(=O)c1ccc(O)cc1,1.325,2.13,0.6,0.86,1.1558
"3,6-Dimethylphenanthrene",Cc1ccc2ccc3ccc(C)cc3c2c1,2.05,1.29,0.0,0.29,1.7362
trans-Pent-2-en-1-al,CCC=CC=O,0.383,0.75,0.0,0.43,0.7858
cis-Pent-2-en-1-ol,CCC=CCO,0.345,0.52,0.35,0.53,0.8288
trans-Pent-2-en-1-ol,CCC=CCO,0.337,0.52,0.35,0.53,0.8288
Nonadecyl acetate,CCCCCCCCCCCCCCCCCCCOC(C)=O,0.006,0.6,0.0,0.45,3.1419
"3-Methoxy-N,N-dimethylaniline",COc1cccc(N(C)C)c1,1.055,1.08,0.0,0.6,1.2976
"2,6-Dinitro-N,N-dipropyl-4-(trifluoromethyl)-benzamine",CCCN(CCC)c1c([N+](=O)[O-])cc(C(F)(F)F)cc1[N+](=O)[O-],0.99,1.72,0.0,0.6,2.204
Fentrazamide,CCN(C(=O)n1nnn(-c2ccccc2Cl)c1=O)C1CCCCC1,2.746,1.97,0.0,1.38,2.518
4-Iodopyridine,Ic1ccncc1,1.21,0.97,0.0,0.37,0.9335
PCB 29,Clc1cc(Cl)c(-c2ccccc2)cc1Cl,1.77,1.33,0.0,0.17,1.6914
3-Ethylheptane,CCCCC(CC)CC,0.0,0.0,0.0,0.0,1.3767
5-Methylnonane,CCCCC(C)CCCC,0.0,0.0,0.0,0.0,1.5176
4-Ethyloctane,CCCCC(CC)CCC,0.0,0.0,0.0,0.0,1.5176
"2,2-Dimethyloctane",CCCCCCC(C)(C)C,0.0,0.0,0.0,0.0,1.5176
"3,4-Dimethyloctane",CCCCC(C)C(C)CC,0.0,0.0,0.0,0.0,1.5176
"3,5-Dimethyloctane",CCCC(C)CC(C)CC,0.0,0.0,0.0,0.0,1.5176
"3,6-Dimethyloctane",CCC(C)CCC(C)CC,0.0,0.0,0.0,0.0,1.5176
"4,4-Dimethyloctane",CCCCC(C)(C)CCC,0.0,0.0,0.0,0.0,1.5176
Chloralose,OC[C@@H](O)[C@H]1O[C@@H]2O[C@H](C(Cl)(Cl)Cl)O[C@@H]2[C@H]1O,1.436,1.56,0.74,1.42,1.738
2-Methoxypropan-1-ol,COC(C)CO,0.233,0.59,0.3,0.85,0.7896
3-n-Butyltoluene,CCCCc1cccc(C)c1,0.617,0.5,0.0,0.18,1.4209
4-n-Butyltoluene,CCCCc1ccc(C)cc1,0.621,0.5,0.0,0.18,1.4209
"2,3,4-Trichlorophenol",Oc1ccc(Cl)c(Cl)c1Cl,1.07,0.96,0.7,0.15,1.1423
2-sec-Butyltoluene,CCC(C)c1ccccc1C,0.652,0.55,0.0,0.19,1.4209
2-n-Butyltoluene,CCCCc1ccccc1C,0.652,0.54,0.0,0.18,1.4209
4-sec.-Butyltoluene,CCC(C)c1ccc(C)cc1,0.631,0.53,0.0,0.19,1.4209
PCB 54,Clc1cccc(Cl)c1-c1c(Cl)cccc1Cl,1.84,1.48,0.0,0.15,1.8138
Alachlor,CCc1cccc(CC)c1N(COC)C(=O)CCl,1.16,1.2,0.0,1.15,2.1402
2-Methyl-3-propylpyrazine,CCCc1nccnc1C,0.655,0.87,0.0,0.76,1.1978
2-Methyl-3-butylpyrazine,CCCCc1nccnc1C,0.65,0.85,0.0,0.78,1.3387
"1,4-Dimethyl-2-n-butylbenzene",CCCCc1cc(C)ccc1C,0.692,0.54,0.0,0.19,1.5618
"1,3-Dimethyl-2-butylbenzene",CCCCc1c(C)cccc1C,0.635,0.53,0.0,0.19,1.5618
"1,3-Dimethyl-4-n-butylbenzene",CCCCc1ccc(C)cc1C,0.676,0.55,0.0,0.19,1.5618
"1,3-Dimethyl-5-n-butylbenzene",CCCCc1cc(C)cc(C)c1,0.636,0.5,0.0,0.18,1.5618
1-Ethyl-2-n-propylbenzene,CCCc1ccccc1CC,0.674,0.53,0.0,0.18,1.4209
"6-Methylhepta-3,5-diene-2-one",CC(=O)C=CC=C(C)C,0.859,0.79,0.0,0.75,1.1655
1-Aminopyrene,Nc1ccc2ccc3cccc4ccc1c2c34,3.15,2.06,0.21,0.61,1.6844
Atraton,CCNc1nc(NC(C)C)nc(OC)n1,1.12,1.13,0.2,1.16,1.6968
Prometon,COc1nc(NC(C)C)nc(NC(C)C)n1,1.07,1.1,0.22,1.12,1.8377
"3,5-Dibromotoluene",Cc1cc(Br)cc(Br)c1,1.24,0.85,0.0,0.05,1.2073
2-Propylquinoline,CCCc1ccc2ccccc2n1,1.29,0.88,0.0,0.57,1.467
2-Ethylquinoline,CCc1ccc2ccccc2n1,1.29,0.9,0.0,0.57,1.3261
Quinoline-N-oxide,[O-][n+]1cccc2ccccc21,1.4,1.91,0.27,0.81,1.103
Ethylisobutylsulfide,CCSCC(C)C,0.335,0.37,0.0,0.38,1.1175
Propylbutylsulfide,CCCCSCCC,0.352,0.34,0.0,0.36,1.2584
Ethyl 3-butenoate,C=CCC(=O)OCC,0.27,0.61,0.0,0.43,0.9854
Hexyl crotonate,CC=CC(=O)OCCCCCC,0.176,0.63,0.0,0.42,1.549
Rofecoxib,CS(=O)(=O)c1ccc(C2=C(c3ccccc3)C(=O)OC2)cc1,1.66,3.1,0.0,1.3,2.2324
Ethylidene norbornene,C/C=C1\CC2C=CC1C2,0.586,0.27,0.0,0.08,1.0735
Clonazepam,O=C1CN=C(c2ccccc2Cl)c2cc([N+](=O)[O-])ccc2N1,2.46,1.75,0.33,1.5,2.1072
Flunitrazepam,CN1C(=O)CN=C(c2ccccc2F)c2cc([N+](=O)[O-])ccc21,2.1,2.15,0.0,1.48,2.1434
Dibenzyl hydrogen phosphate,O=P(O)(OCc1ccccc1)OCc1ccccc1,1.2,1.52,0.95,1.34,2.0454
4-Octylaniline,CCCCCCCCc1ccc(N)cc1,0.892,0.9,0.23,0.46,1.9434
2-Methoxypyridine,COc1ccccn1,0.641,0.72,0.0,0.47,0.8749
Pent-1-en-3-one,C=CC(=O)CC,0.285,0.72,0.0,0.55,0.7858
"2,4-Dimethylbenzyl alcohol",Cc1ccc(CO)c(C)c1,0.857,0.88,0.39,0.63,1.1978
2-Ethylhex-1-ene,C=C(CC)CCCC,0.139,0.08,0.0,0.07,1.1928
3-Methylpyridazine,Cc1cccnn1,0.664,1.44,0.0,0.65,0.7751
1-Methylbenzimidazole,Cn1cnc2ccccc21,1.27,1.31,0.0,0.89,1.0462
Paracyclophane,c1cc2ccc1CCc1ccc(cc1)CC2,1.45,1.28,0.0,0.58,1.7792
N-Nitrosodiallylamine,C=CCN(CC=C)N=O,0.55,0.91,0.0,0.6,1.0833
N-Nitrosomethylheptylamine,CCCCCCCN(C)N=O,0.3,1.08,0.0,0.6,1.4511
N-Nitrosoethylisopropylamine,CCN(N=O)C(C)C,0.34,0.98,0.0,0.7,1.0284
N-Nitroso-N'-methylpiperazine,CN1CCN(N=O)CC1,0.6,1.22,0.0,0.97,1.0196
Methyl tert-butyl ether,COC(C)(C)C,0.024,0.22,0.0,0.55,0.8718
1-Butylnaphthalene,CCCCc1cccc2ccccc12,1.34,0.73,0.0,0.23,1.649
"1,1,1,2,2,3,3,4,4-Nonafluoro-4-methoxybutane",COC(F)(F)C(F)(F)C(F)(F)C(F)(F)F,-0.65,-0.27,0.0,0.13,1.0311
"2-[Difluoro(methoxy)methyl]-1,1,1,2,3,3,3-heptafluoropropane",COC(F)(F)C(F)(C(F)(F)F)C(F)(F)F,-0.65,-0.27,0.0,0.13,1.0311
4-n-Butylphenol,CCCCc1ccc(O)cc1,0.796,0.88,0.55,0.37,1.3387
"1,1-Dimethylcyclopentane",CC1(C)CCCC1,0.205,0.1,0.0,0.0,0.9863
p-Trifluoromethylphenoxyacetic acid,O=C(O)COc1ccc(C(F)(F)F)cc1,0.47,0.7,0.72,0.64,1.3253
Heptylthiol,CCCCCCCS,0.357,0.41,0.0,0.21,1.2584
Ethylcyclopentane,CCC1CCCC1,0.227,0.1,0.0,0.0,0.9863
Menthyl acetate,CC(=O)O[C@@H]1C[C@H](C)CC[C@H]1C(C)C,0.234,0.54,0.0,0.57,1.7652
a-Chloro-p-toluic acid,O=C(O)c1ccc(CCl)cc1,0.95,1.25,0.69,0.48,1.195
"1,1,2,2-Tetrafluoro-3-chloro-3-bromopropane",FC(F)C(F)(F)C(Cl)Br,0.04,0.9,0.07,0.13,0.8995
"1,9-Decadiene",C=CCCCCCCC=C,0.184,0.2,0.0,0.1,1.4316
"1,1-Difluoro-1,2-dichloroethane",FC(F)(Cl)CCl,0.012,0.48,0.0,0.05,0.6706
cis-3-Hexenyl butanoate,CCC=CCCOC(=O)CCC,0.148,0.56,0.0,0.45,1.549
Undecyl methacrylate,C=C(C)C(=O)OCCCCCCCCCCC,0.134,0.49,0.0,0.45,2.2535
"Propane, 1,1,1,3,3-pentafluoro-3-(fluoromethoxy)-2-(trifluoromethyl)-",FCOC(F)(F)C(C(F)(F)F)C(F)(F)F,-0.766,0.06,0.06,0.07,1.0311
2-undecanol,CCCCCCCCCC(C)O,0.161,0.36,0.33,0.56,1.7172
3-Propoxyphenol,CCCOc1cccc(O)c1,0.787,1.15,0.56,0.45,1.2565
6-Methylbenzo[b]thiophene,Cc1ccc2ccsc2c1,1.32,0.85,0.0,0.19,1.151
"3,6-Dimethylbenzo[b]thiophene",Cc1ccc2c(C)csc2c1,1.32,0.85,0.0,0.2,1.2919
3-Methyldibenzothiophene,Cc1ccc2c(c1)sc1ccccc12,1.959,1.18,0.0,0.2,1.52
PCB 5,Clc1cccc(-c2ccccc2)c1Cl,1.63,1.2,0.0,0.18,1.569
PCB 31,Clc1ccc(-c2cc(Cl)ccc2Cl)cc1,1.77,1.33,0.0,0.15,1.6914
Gallopamil,COc1ccc(CCN(C)CCCC(C#N)(c2cc(OC)c(OC)c(OC)c2)C(C)C)cc1OC,1.8,2.75,0.0,2.8,3.9857
Doxepin,CN(C)CCC=C1c2ccccc2COc2ccccc21,1.95,1.6,0.0,1.18,2.3174
Heptanophenone,CCCCCCC(=O)c1ccccc1,0.773,0.95,0.0,0.5,1.7184
1-Methyl-2-nitroimidazole,Cn1ccnc1[N+](=O)[O-],0.9,1.57,0.0,0.68,0.8514
Octanophenone,CCCCCCCC(=O)c1ccccc1,0.765,0.95,0.0,0.5,1.8593
Undecylphenylketone,CCCCCCCCCCCC(=O)c1ccccc1,0.737,0.95,0.0,0.5,2.4229
"2,3-Dimethylhex-1-ene",C=C(C)C(C)CCC,0.11,0.08,0.0,0.12,1.1928
"2,2,3-Trimethylhexane",CCCC(C)C(C)(C)C,0.0,0.0,0.0,0.0,1.3767
"2,2,4-Trimethylhexane",CCC(C)CC(C)(C)C,0.0,0.0,0.0,0.0,1.3767
"2,3,3-Trimethylhexane",CCCC(C)(C)C(C)C,0.0,0.0,0.0,0.0,1.3767
"2,4,4-Trimethylhexane",CCC(C)(C)CC(C)C,0.0,0.0,0.0,0.0,1.3767
"3,3,4-Trimethylhexane",CCC(C)C(C)(C)CC,0.0,0.0,0.0,0.0,1.3767
"3-Ethyl-2,2-dimethylpentane",CCC(CC)C(C)(C)C,0.0,0.0,0.0,0.0,1.3767
"3-Ethyl-2,3-dimethylpentane",CCC(C)(CC)C(C)C,0.0,0.0,0.0,0.0,1.3767
"2,3,3,4-Tetramethylpentane",CC(C)C(C)(C)C(C)C,0.0,0.0,0.0,0.0,1.3767
1-Methyl-1-ethylcyclopentane,CCC1(C)CCCC1,0.205,0.1,0.0,0.0,1.1272
Ethylcyclohexane,CCC1CCCCC1,0.263,0.1,0.0,0.0,1.1272
Propylcyclohexane,CCCC1CCCCC1,0.257,0.23,0.0,0.0,1.2681
Butylcyclohexane,CCCCC1CCCCC1,0.255,0.23,0.0,0.0,1.409
2-Methyl-3-ethylhexane,CCCC(CC)C(C)C,0.0,0.0,0.0,0.0,1.3767
tert-Pentylthiol,CCC(C)(C)S,0.34,0.31,0.0,0.3,0.9766
a-Methyl-g-butyrolactone,CC1CCOC1=O,0.34,1.23,0.0,0.6,0.7789
Monomethylterephthalate,COC(=O)c1ccc(C(=O)O)cc1,0.85,1.19,0.65,0.7,1.2879
Asiaticoside,CC1CCC2(C(=O)OC3OC(COC4OC(CO)C(OC5OC(C)C(O)C(O)C5O)C(O)C4O)C(O)C(O)C3O)CCC3(C)C(=CCC4C5(C)CC(O)C(O)C(C)(CO)C5CCC43C)C2C1C,4.69,6.92,3.0,6.1,7.0323
Bromoxynil,N#Cc1cc(Br)c(O)c(Br)c1,1.47,1.51,0.48,0.41,1.2798
Octyl trichloroacetate,CCCCCCCCOC(=O)C(Cl)(Cl)Cl,0.266,0.72,0.0,0.35,1.9592
Celecoxib,Cc1ccc(-c2cc(C(F)(F)F)nn2-c2ccc(S(N)(=O)=O)cc2)cc1,2.04,2.44,0.6,1.26,2.4675
"N,N-Diethylbenzamide",CCN(CC)C(=O)c1ccccc1,0.95,1.4,0.0,1.1,1.5364
Butylhexylsulfide,CCCCCCSCCCC,0.331,0.34,0.0,0.36,1.6811
Cuparene,Cc1ccc([C@]2(C)CCCC2(C)C)cc1,0.77,0.54,0.0,0.25,1.8759
"Benzene-1,4-disulfonamide",NS(=O)(=O)c1ccc(S(N)(=O)=O)cc1,1.65,2.54,0.86,1.44,1.4778
"Cycloocta-1,3-diene",C1=CCCCCC=C1,0.603,0.35,0.0,0.14,1.0412
4-(Methoxycarbonyl)acetanilide,COC(=O)c1ccc(NC(C)=O)cc1,1.15,1.51,0.46,0.86,1.4699
"5,5-Dibutylbarbital",CCCCC1(CCCC)C(=O)NC(=O)NC1=O,1.03,1.14,0.47,1.18,1.9375
2-Ethyl-5-methylfuran,CCc1ccc(C)o1,0.372,0.5,0.0,0.16,0.959
4-Methylhexan-3-one,CCC(=O)C(C)CC,0.112,0.63,0.0,0.53,1.1106
"2,4,5-Trimethylnaphthalene",Cc1cc(C)c2c(C)cccc2c1,1.441,1.14,0.0,0.18,1.5081
6-Methylchrysene,Cc1cc2c3ccccc3ccc2c2ccccc12,3.027,1.73,0.0,0.36,1.9643
"1,2-Dimethyl-3-n-propylbenzene",CCCc1cccc(C)c1C,0.737,0.6,0.0,0.19,1.4209
"1,3-Dimethyl-2-n-propylbenzene",CCCc1c(C)cccc1C,0.725,0.59,0.0,0.19,1.4209
"1,2,3,6,7,8-PCN",Clc1cc2cc(Cl)c(Cl)c(Cl)c2c(Cl)c1Cl,2.05,1.42,0.0,0.0,1.8198
β-Selinene,C=C(C)[C@@H]1CC[C@@]2(C)CCCC(=C)[C@@H]2C1,0.765,0.28,0.0,0.32,1.9189
Diphenylphosphinic acid,O=P(O)(c1ccccc1)c1ccccc1,1.5,1.3,0.87,1.23,1.6462
cis-Hept-3-en-1-ol,CCCC=CCCO,0.33,0.47,0.37,0.6,1.1106
"N,N-Diphenylbenzenesulfonamide",O=S(=O)(c1ccccc1)N(c1ccccc1)c1ccccc1,2.28,2.33,0.0,0.88,2.3127
N-Phenyl-2-methylbenzohydroxamic acid,Cc1ccccc1C(=O)N(O)c1ccccc1,1.71,1.28,0.41,1.06,1.7802
2-Chloroanthracene,Clc1ccc2cc3ccccc3cc2c1,2.4,1.47,0.0,0.21,1.5768
"1,1-Dichloro-1-fluoroethane",CC(F)(Cl)Cl,0.084,0.43,0.01,0.05,0.6529
"1,3-Di-n-propylbenzene",CCCc1cccc(CCC)c1,0.625,0.49,0.0,0.18,1.5618
"1,2-Di-n-butylbenzene",CCCCc1ccccc1CCCC,0.645,0.52,0.0,0.18,1.8436
"1,2-Epoxybut-3,4-diol",OCC(O)C1CO1,0.58,1.37,0.58,1.04,0.7397
5-Chloropyrimidine,Clc1cncnc1,0.72,1.0,0.0,0.5,0.7566
4-hydroxyphenylacetamide,NC(=O)Cc1ccc(O)cc1,1.18,2.08,0.84,0.94,1.1724
"2-[Chloro(difluoro)methoxy]-1,1,1,2-tetrafluoroethane",FC(OC(F)(F)Cl)C(F)(F)F,-0.334,0.03,0.0,0.06,0.8186
"2,3-Dimethylquinoline",Cc1cc2ccccc2nc1C,1.334,1.01,0.0,0.56,1.3261
2-Chloropyrimidine,Clc1ncccn1,0.72,0.86,0.0,0.6,0.7566
Propyl 2-ethylhexanoate,CCCCC(CC)C(=O)OCCC,0.049,0.53,0.0,0.5,1.7329
4-Hexyloxycarbonyloxyacetanilide,CCCCCCOC(=O)Oc1ccc(NC(C)=O)cc1,0.97,1.75,0.18,1.18,2.2331
4-Ethyloxycarbonyloxyacetanilide,CCOC(=O)Oc1ccc(NC(C)=O)cc1,0.97,1.75,0.25,1.17,1.6695
Cyclododecanol,OC1CCCCCCCCCCC1,0.684,0.54,0.27,0.59,1.7495
3-Chlorobenzenesulfonamide,NS(=O)(=O)c1cccc(Cl)c1,1.27,1.43,0.65,0.8,1.2195
Dihydro-b-ionone,CC(=O)CCC1=C(C)CCCC1(C)C,0.51,0.89,0.0,0.66,1.8044
4-Methylnonane,CCCCCC(C)CCC,0.0,0.0,0.0,0.0,1.5176
3-Methyl-3-ethylheptane,CCCCC(C)(CC)CC,0.0,0.0,0.0,0.0,1.5176
1-Methylfluorene,Cc1cccc2c1Cc1ccccc1-2,1.588,1.06,0.0,0.25,1.4974
Dimethyl dodecanedioate,COC(=O)CCCCCCCCCCC(=O)OC,0.12,1.28,0.0,0.99,2.23
Undecyl acetate,CCCCCCCCCCCOC(C)=O,0.039,0.6,0.0,0.45,2.0147
Methyl nonanoate,CCCCCCCCC(=O)OC,0.056,0.6,0.0,0.45,1.592
Methyl undecanoate,CCCCCCCCCCC(=O)OC,0.051,0.63,0.0,0.45,1.8738
Methyl tridecanoate,CCCCCCCCCCCCC(=O)OC,0.042,0.64,0.0,0.45,2.1556
Methyl heptadecanoate,CCCCCCCCCCCCCCCCC(=O)OC,0.014,0.6,0.0,0.45,2.7192
Methyl nonadecanoate,CCCCCCCCCCCCCCCCCCC(=O)OC,0.008,0.6,0.0,0.45,3.001
Dimethyl pimelate,COC(=O)CCCCCC(=O)OC,0.153,1.23,0.0,0.96,1.5255
Dimethyl suberate,COC(=O)CCCCCCC(=O)OC,0.147,1.26,0.0,0.99,1.6664
Dimethyl azelate,COC(=O)CCCCCCCC(=O)OC,0.139,1.27,0.0,0.99,1.8073
4-Methoxycarbonyloxyacetanilide,COC(=O)Oc1ccc(NC(C)=O)cc1,0.97,1.75,0.27,1.15,1.5286
"1,1,1-Trifluorohexane",CCCCCC(F)(F)F,-0.33,0.15,0.0,0.09,1.0071
Isopropyl tert-butyl ether,CC(C)OC(C)(C)C,-0.12,0.1,0.0,0.54,1.1536
Nonadecanal,CCCCCCCCCCCCCCCCCCC=O,0.08,0.65,0.0,0.45,2.8014
Dimethylaminoproprionitrile,CN(C)CCC#N,0.276,0.9,0.0,0.85,0.9267
Stobadine,Cc1ccc2c(c1)C1CN(C)CCC1N2,1.43,1.36,0.14,1.11,1.6851
Methylpentylsulfide,CCCCCSC,0.367,0.39,0.0,0.34,1.1175
Propylisobutylsulfide,CCCSCC(C)C,0.329,0.37,0.0,0.38,1.2584
Butylisobutylsulfide,CCCCSCC(C)C,0.323,0.37,0.0,0.38,1.3993
6-Chloroindole,Clc1ccc2cc[nH]c2c1,1.33,1.29,0.46,0.12,1.0688
18-Crown-6,C1COCCOCCOCCOCCOCCO1,0.4,1.47,0.0,2.1,2.043
Dicyclohexyl-18-crown-6,C1CCC2OCCOCCOC3CCCCC3OCCOCCOC2C1,1.01,1.46,0.0,2.2,2.953
2-Allylphenol,C=CCc1ccccc1O,0.92,0.9,0.43,0.41,1.1548
"2,3,7,8-Tetrachlorodibenzodioxin",Clc1cc2c(cc1Cl)Oc1cc(Cl)c(Cl)cc1O2,2.052,1.69,0.0,0.0,1.8226
4-tert-Butyl styrene,C=Cc1ccc(C(C)(C)C)cc1,0.83,0.6,0.0,0.3,1.5188
monolinuron,CON(C)C(=O)Nc1ccc(Cl)cc1,1.24,1.21,0.22,0.87,1.5355
5-Ethylbenzo[b]thiophene,CCc1ccc2sccc2c1,1.32,0.85,0.0,0.19,1.2919
"cis-2,3-Butylene oxide",C[C@@H]1O[C@@H]1C,0.205,0.7,0.05,0.31,0.6223
"1,3-Diethyl-4-methylbenzene",CCc1ccc(C)c(CC)c1,0.7,0.54,0.0,0.19,1.4209
"1,4-Dimethyl-2-ethylbenzene",CCc1cc(C)ccc1C,0.693,0.55,0.0,0.19,1.28
4-Methyl-5-vinylthiazole,C=Cc1scnc1C,0.956,0.81,0.0,0.52,0.9797
Cyclopropanecarboxylic acid,O=C(O)C1CC1,0.394,0.9,0.55,0.35,0.638
2-Hydroxy-5-bromobenzaldehyde,O=Cc1cc(Br)ccc1O,1.23,1.65,0.06,0.22,1.1067
flurazepam,CCN(CC)CCN1C(=O)CN=C(c2ccccc2F)c2cc(Cl)ccc21,2.04,1.68,0.0,1.9,2.8959
cis-3-Methylhex-2-ene,CC=C(C)CCC,0.137,0.1,0.0,0.09,1.0519
Hexyl 3-methyl-2-butenoate,CCCCCCOC(=O)C=C(C)C,0.237,0.55,0.0,0.45,1.6899
4-Bromo-p-terphenyl,Brc1ccc(-c2ccc(-c3ccccc3)cc2)cc1,2.31,1.69,0.0,0.25,2.107
"Trans-trans-trans-hepta-1,3,5-triene",C=CC=CC=CC,0.66,0.22,0.0,0.24,0.9659
α-Cubebene,CC1=CC[C@@]23[C@@H]([C@@H]12)[C@H](C(C)C)CC[C@H]3C,0.616,0.17,0.0,0.29,1.8533
"2,3,4-Trichloronitrobenzene",O=[N+]([O-])c1ccc(Cl)c(Cl)c1Cl,1.319,1.4,0.0,0.15,1.2578
3-sec.-Butyltoluene,CCC(C)c1cccc(C)c1,0.61,0.51,0.0,0.19,1.4209
3-Nitro-trans-cinnamic acid,O=C(O)C=Cc1cccc([N+](=O)[O-])c1,1.4,1.21,0.62,0.8,1.3447
Sulfacytine,CCn1ccc(NS(=O)(=O)c2ccc(N)cc2)nc1=O,2.29,2.0,0.5,2.17,2.063
N-Methylbutanamide,CCCC(=O)NC,0.31,1.3,0.4,0.72,0.9286
Phenylphosphinic acid,O=[PH](O)c1ccccc1,1.04,1.25,0.86,0.86,1.0384
2-Chlorobenzyl alcohol,OCc1ccccc1Cl,0.911,1.0,0.4,0.5,1.0384
Ftorafur,O=c1[nH]c(=O)n(C2CCCO2)cc1F,1.022,1.7,0.3,1.18,1.283
"cis-Cyclohexane-1,2-diol",OC1CCCCC1O,0.63,0.8,0.6,0.88,0.9628
2-Pyridinebutanol,OCCCCc1ccccn1,0.82,1.2,0.17,1.13,1.2976
4-Iodophenylacetic acid,O=C(O)Cc1ccc(I)cc1,1.31,1.22,0.61,0.58,1.3308
3-Methoxyphenylacetic acid,COc1cccc(CC(=O)O)c1,0.88,1.29,0.59,0.75,1.2722
p-Nitrophenoxyacetic acid,O=C(O)COc1ccc([N+](=O)[O-])cc1,1.18,1.47,0.73,0.82,1.3055
"1-Ethyl-3-nitro-1,2,4-triazole",CCn1cnc([N+](=O)[O-])n1,1.305,2.16,0.0,0.81,0.9512
Fentiazac,O=C(O)Cc1sc(-c2ccccc2)nc1-c1ccc(Cl)cc1,2.356,2.06,0.67,0.82,2.2942
Dipropyl hydrogen phosphate,CCCOP(=O)(O)OCCC,0.129,0.89,0.96,1.07,1.3934
4-Octylphenol,CCCCCCCCc1ccc(O)cc1,0.775,0.88,0.55,0.36,1.9023
Bromazepam,O=C1CN=C(c2ccccn2)c2cc(Br)ccc2N1,2.31,1.38,0.33,1.62,1.9445
2-Ethylbiphenyl,CCc1ccccc1-c1ccccc1,1.33,0.83,0.0,0.26,1.606
"2,3-Diethyl-5-methylpyrazine",CCc1ncc(C)nc1CC,0.64,0.75,0.0,0.84,1.3387
Isopropyl 4-aminobenzoate,CC(C)OC(=O)c1ccc(N)cc1,1.0,1.3,0.28,0.71,1.4542
tert-Butyl 4-aminobenzoate,CC(C)(C)OC(=O)c1ccc(N)cc1,0.98,1.4,0.26,0.73,1.5951
"1,1,1,2,2-Pentafluoropropane",CC(F)(F)C(F)(F)F,-0.492,0.01,0.01,0.05,0.6198
4-Decylpyridine,CCCCCCCCCCc1ccncc1,0.6,0.77,0.0,0.59,2.0843
Valdecoxib,Cc1onc(-c2ccccc2)c1-c1ccc(S(N)(=O)=O)cc1,2.3,2.5,0.4,1.25,2.2324
4-Decanoyl-1-phenyl-3-methyl-5-pyrazolone,CCCCCCCCCC(=O)C1C(=O)N(c2ccccc2)N=C1C,1.54,1.31,0.0,1.11,2.7684
4-Phenylbutanoic acid,O=C(O)CCCc1ccccc1,0.76,1.29,0.61,0.57,1.3544
Pentachloroanisole,COc1c(Cl)c(Cl)c(Cl)c(Cl)c1Cl,1.42,1.07,0.0,0.04,1.528
β-Copaene,C=C1CC[C@H]2[C@H]3[C@@H]1[C@]2(C)CC[C@H]3C(C)C,0.624,0.15,0.0,0.3,1.8533
Z-α-Bergamotene,CC(C)=CCC[C@@]1(C)[C@H]2CC=C(C)[C@@H]1C2,0.695,0.28,0.0,0.38,1.9189
"1,5-PCN",Clc1cccc2c(Cl)cccc12,1.57,1.06,0.0,0.09,1.3302
"1,4-PCN",Clc1ccc(Cl)c2ccccc12,1.57,1.06,0.0,0.09,1.3302
PCB 116,Clc1c(Cl)c(Cl)c(-c2ccccc2)c(Cl)c1Cl,2.04,1.61,0.0,0.13,1.9362
Ethyl nonadecananoate,CCCCCCCCCCCCCCCCCCC(=O)OCC,0.0,0.58,0.0,0.45,3.1419
Clindamycin,CCCC1CC(C(=O)NC(C(C)Cl)C2OC(SC)C(O)C(O)C2O)N(C)C1,2.08,2.44,0.98,2.5,3.1636
Isopropyl pentanoate,CCCCC(=O)OC(C)C,0.034,0.51,0.0,0.47,1.3102
Mithramycin,COC(C(=O)C(O)C(C)O)C1Cc2cc3cc(OC4CC(OC5CC(O)C(O)C(C)O5)C(O)C(C)O4)c(C)c(O)c3c(O)c2C(=O)C1OC1CC(OC2CC(O)C(OC3CC(C)(O)C(O)C(C)O3)C(C)O2)C(O)C(C)O1,6.4,6.81,4.14,7.2,7.6744
trans-Oct-2-ene-1-ol,CCCCC/C=C/CO,0.351,0.53,0.35,0.54,1.2515
trans-Dec-2-en-1-ol,CCCCCCCC=CCO,0.312,0.53,0.35,0.54,1.5333
2-Hydroxypentanophenone,CCCCC(=O)c1ccccc1O,0.94,1.19,0.0,0.45,1.4953
2-Thiomethoxypyridine,CSc1ccccn1,0.97,0.9,0.0,0.5,0.9797
"5,15-Dibutyl-2,3,7,8,12,13,17,18-octamethylporphyrin",CCCCc1c2nc(cc3[nH]c(c(C)c3C)c(CCCC)c3nc(cc4[nH]c1c(C)c4C)C(C)=C3C)C(C)=C2C,2.73,2.19,0.31,0.91,4.5642
Kermesic acid,Cc1c(C(=O)O)c(O)cc2c1C(=O)c1c(O)cc(O)c(O)c1C2=O,2.67,2.65,1.64,1.02,2.1198
salbutamol,CC(C)(C)NCC(O)c1ccc(O)c(CO)c1,1.376,1.96,1.4,1.85,1.9786
Benfluralin,CCCCN(CC)c1c([N+](=O)[O-])cc(C(F)(F)F)cc1[N+](=O)[O-],1.03,1.62,0.0,0.6,2.204
2-Isobutylthiazole,CC(C)Cc1nccs1,0.629,0.68,0.0,0.51,1.1636
3-Chlorocinnamic acid,O=C(O)C=Cc1cccc(Cl)c1,1.25,0.75,0.6,0.58,1.2929
4-Octanoyl-1-phenyl-3-methyl-5-pyrazolone,CCCCCCCC(=O)C1C(=O)N(c2ccccc2)N=C1C,1.54,1.3,0.0,1.11,2.4866
Fluorodibromomethane,FC(Br)Br,0.495,0.7,0.15,0.05,0.6172
2-Bromophenylacetic acid,O=C(O)Cc1ccccc1Br,1.0,0.94,0.62,0.62,1.2476
Methyl crotonate,C/C=C/C(=O)OC,0.284,0.66,0.0,0.42,0.8445
"2,4,6-Trichloronitrobenzene",O=[N+]([O-])c1c(Cl)cc(Cl)cc1Cl,1.319,1.35,0.0,0.16,1.2578
Monomethylisophthalate,COC(=O)c1cccc(C(=O)O)c1,0.85,1.19,0.65,0.7,1.2879
3-Cyanobenzoic acid,N#Cc1cccc(C(=O)O)c1,0.86,1.25,0.67,0.56,1.0864
p-Methoxyphenoxyacetic acid,COc1ccc(OCC(=O)O)cc1,1.02,1.13,0.71,0.92,1.3309
o-Methylphenoxyacetic acid,Cc1ccccc1OCC(=O)O,0.91,0.93,0.71,0.76,1.2722
3-Chlorophenylacetic acid,O=C(O)Cc1cccc(Cl)c1,0.84,1.02,0.61,0.57,1.195
3-Iodophenylacetic acid,O=C(O)Cc1cccc(I)c1,1.31,1.2,0.61,0.6,1.3308
Hexadecan-2-one,CCCCCCCCCCCCCCC(C)=O,0.095,0.68,0.0,0.51,2.3787
m-Hydroxyphenoxyacetic acid,O=C(O)COc1cccc(O)c1,1.08,1.34,1.3,0.9,1.19
p-Hydroxyphenyoxyacetic acid,O=C(O)COc1ccc(O)cc1,1.11,1.36,1.3,0.93,1.19
o-Nitrophenoxyacetic acid,O=C(O)COc1ccccc1[N+](=O)[O-],1.18,1.5,0.73,0.88,1.3055
m-Nitrophenoxyacetic acid,O=C(O)COc1cccc([N+](=O)[O-])c1,1.18,1.47,0.73,0.82,1.3055
E-β-Farnesene,C=CC(=C)CC/C=C(\C)CCC=C(C)C,0.711,0.37,0.0,0.46,2.0501
trans-Hept-2-ene-1-al,CCCC/C=C/C=O,0.371,0.75,0.0,0.43,1.0676
trans-Non-2-en-1-al,CCCCCCC=CC=O,0.351,0.75,0.0,0.43,1.3494
"2,2-Diphenylethanol",OCC(c1ccccc1)c1ccccc1,1.41,1.36,0.0,0.85,1.6647
trans-Cinnamonitrile,N#C/C=C/c1ccccc1,1.186,1.49,0.02,0.42,1.1099
"1,2-Dipropoxyethane",CCCOCCOCCC,0.0,0.64,0.0,0.78,1.3532
"2-(Difluoromethoxy)-1,1,1-trifluoroethane",FC(F)OCC(F)(F)F,-0.376,0.43,0.0,0.13,0.6785
Streptozocin,CN(N=O)C(=O)NC1C(O)OC(CO)C(O)C1O,2.108,2.75,1.2,1.9,1.7515
Cyclotridecanemethanol,OCC1CCCCCCCCCCCC1,0.5,0.8,0.31,0.43,2.0313
Hexachloropropene,ClC(Cl)=C(Cl)C(Cl)(Cl)Cl,0.952,0.55,0.0,0.02,1.2227
"2,4-Dimethoxy-b-nitrostyrene",COc1ccc(C=C[N+](=O)[O-])c(OC)c1,1.17,1.73,0.1,0.77,1.5286
Diethylene glycol pentyl ether,CCCCCOCCOCCO,0.165,0.72,0.2,1.17,1.5528
Cyclododecanemethanol,OCC1CCCCCCCCCCC1,0.5,0.8,0.31,0.44,1.8904
2-Cyanobutane,CCC(C)C#N,0.159,0.87,0.0,0.36,0.8269
1-Ethyl-2-isopropylbenzene,CCc1ccccc1C(C)C,0.672,0.54,0.0,0.2,1.4209
Chlorothalonil,N#Cc1c(Cl)c(Cl)c(Cl)c(C#N)c1Cl,1.56,2.3,0.0,0.28,1.5154
4-Propoxyphenol,CCCOc1ccc(O)cc1,0.84,1.17,0.57,0.52,1.2565
4-Pentoxyphenol,CCCCCOc1ccc(O)cc1,0.8,1.15,0.57,0.48,1.5383
4-Hexoxyphenol,CCCCCCOc1ccc(O)cc1,0.8,1.15,0.57,0.46,1.6792
3-Butoxyphenol,CCCCOc1cccc(O)c1,0.81,1.17,0.54,0.47,1.3974
3-Pentoxyphenol,CCCCCOc1cccc(O)c1,0.8,1.17,0.55,0.47,1.5383
2-Bromobenzyl alcohol,OCc1ccccc1Br,1.1,1.08,0.42,0.48,1.091
3-Methylbenzenesulfonamide,Cc1cccc(S(N)(=O)=O)c1,1.13,1.56,0.57,0.86,1.238
1-Phenyl-3-cycloheptylurea,O=C(Nc1ccccc1)NC1CCCCCC1,1.34,1.6,0.7,0.86,1.9503
Coronene,c1cc2ccc3ccc4ccc5ccc6ccc1c1c2c3c4c5c61,4.236,1.99,0.0,0.55,2.214
Atrazine,CCNc1nc(Cl)nc(NC(C)C)n1,1.22,1.29,0.17,1.01,1.6196
Benzo[ghi]perylene,c1cc2ccc3ccc4ccc5cccc6c(c1)c2c3c4c56,4.073,1.9,0.0,0.45,2.0838
"Dibenz[cd,jk]pyrene",c1cc2ccc3cc4cccc5ccc6cc(c1)c2c3c6c54,4.621,2.1,0.0,0.4,2.0838
Propachlor,CC(C)N(C(=O)CCl)c1ccccc1,1.02,0.91,0.0,0.99,1.6588
1-Iodotetradecane,CCCCCCCCCCCCCCI,0.577,0.4,0.0,0.16,2.3394
7-Aminoheptan-1-ol,NCCCCCCCO,0.43,0.81,0.48,1.08,1.2534
(4-Methoxyphenyl)propanoic acid,COc1ccc(CCC(=O)O)cc1,0.88,1.18,0.56,0.75,1.4131
Benz[e]pyrene,c1ccc2c(c1)c1cccc3ccc4cccc2c4c31,3.625,1.96,0.0,0.35,1.9536
"Indeno[1,2,3-cd]pyrene",c1ccc2c(c1)-c1ccc3ccc4cccc5cc-2c1c3c45,3.61,1.93,0.0,0.42,2.0838
1-Methylacenaphthylene,CC1=Cc2cccc3cccc1c23,1.75,1.14,0.0,0.26,1.3565
"1-Bromo-2,6-dichlorobenzene",Clc1cccc(Cl)c1Br,1.23,1.01,0.0,0.0,1.1362
"2,5-Dichlorotoluene",Cc1cc(Cl)ccc1Cl,0.888,0.76,0.0,0.03,1.1021
"4-Methyl-3,5-dinitroaniline",Cc1c([N+](=O)[O-])cc(N)cc1[N+](=O)[O-],1.45,2.09,0.49,0.4,1.3055
Abietatriene,CC(C)[C@H]1CC[C@H]2C(=CC=C3C(C)(C)CC=C[C@@]32C)C1,0.95,0.65,0.0,0.25,2.4718
2-Methoxyethyl nicotinate,COCCOC(=O)c1cccnc1,0.69,1.2,0.0,1.14,1.372
Oct-4-yne,CCCC#CCCC,0.208,0.3,0.0,0.15,1.1498
Dec-5-yne,CCCCC#CCCCC,0.193,0.3,0.0,0.15,1.4316
"11a-Hydroxy-16a,17a-epoxyprogesterone",CC(=O)C12OC1CC1C3CCC4=CC(=O)CCC4(C)C3C(O)CC12C,2.0,2.83,0.25,1.73,2.6303
N-Methylphenylcarbamate,CNC(=O)Oc1ccccc1,0.782,1.43,0.25,0.65,1.1724
Methyl 3-hydroxybenzoate,COC(=O)c1cccc(O)c1,0.905,1.4,0.66,0.45,1.1313
Non-2-yne,CC#CCCCCCC,0.225,0.3,0.0,0.15,1.2907
Amiodarone,CCCCc1oc2ccccc2c1C(=O)c1cc(I)c(OCCN(CC)CC)c(I)c1,3.33,2.48,0.0,1.37,3.7536
Benzo[c]phenanthrene,c1ccc2c(c1)ccc1ccc3ccccc3c12,2.992,1.68,0.0,0.28,1.8234
5-Hydroxyindole,Oc1ccc2[nH]ccc2c1,1.45,1.32,0.6,0.6,1.0051
1-Phenoxy-2-ethoxyethane,CCOCCOc1ccccc1,0.72,0.85,0.0,0.75,1.3974
p--Bromophenylurea,NC(=O)Nc1ccc(Br)cc1,1.345,1.63,0.82,0.56,1.2476
1-Bromopropan-2-ol,CC(O)CBr,0.533,0.9,0.35,0.6,0.765
Laniquidar,COC(=O)c1cnc2n1CCc1ccccc1C2=C1CCN(CCc2ccc(OCc3ccc4ccccc4n3)cc2)CC1,4.0,3.7,0.0,2.17,4.492
2-Methyl-3-nitrobenzoic acid,Cc1c(C(=O)O)cccc1[N+](=O)[O-],0.99,1.32,0.73,0.52,1.2468
1-Cyanononane,CCCCCCCCCC#N,0.156,0.9,0.0,0.36,1.5314
Loxapine,CN1CCN(C2=Nc3ccccc3Oc3ccc(Cl)cc32)CC1,2.45,1.51,0.0,1.45,2.3899
Dodec-5-yne,CCCCC#CCCCCCC,0.19,0.3,0.0,0.15,1.7134
2-Ethylbut-2-ene-1-al,C/C=C(/C=O)CC,0.4,0.7,0.0,0.5,0.9267
4-Ethyl-3-hexanol,CCC(O)C(CC)CC,0.17,0.36,0.33,0.57,1.2945
Ethyl thiolactate,CCOC(=O)C(C)S,0.52,0.75,0.0,0.61,1.051
Trazodone,O=c1n(CCCN2CCN(c3cccc(Cl)c3)CC2)nc2ccccn12,2.8,2.44,0.0,1.68,2.7304
2-Phenylanthracene,c1ccc(-c2ccc3cc4ccccc4cc3c2)cc1,2.9,1.86,0.0,0.42,2.0622
1-Phenyl-3-(2-methylcyclohexyl)urea,CC1CCCCC1NC(=O)Nc1ccccc1,1.22,1.55,0.59,0.82,1.9503
Javanol,CC1(CO)CC1CC1CC2CC2(C)C1(C)C,0.82,0.96,0.37,0.48,1.955
"2,5-Dichloroanisole",COc1cc(Cl)ccc1Cl,1.0,0.95,0.0,0.22,1.1608
"2,3-Dichloroanisole",COc1cccc(Cl)c1Cl,1.0,1.02,0.0,0.22,1.1608
"2,6-Dichloroanisole",COc1c(Cl)cccc1Cl,1.03,0.86,0.0,0.27,1.1608
2-Cyanopyrazine,N#Cc1cnccn1,0.761,1.07,0.0,0.65,0.7889
Perylene,c1cc2cccc3c4cccc5cccc(c(c1)c23)c54,3.256,1.76,0.0,0.42,1.9536
4-Butyloxycarbonyloxyacetanilide,CCCCOC(=O)Oc1ccc(NC(C)=O)cc1,0.97,1.75,0.2,1.18,1.9513
4-Heptylphenol,CCCCCCCc1ccc(O)cc1,0.78,0.87,0.55,0.35,1.7614
Org34167,C=CCC(N)c1ccccc1-c1noc2ccccc12,1.8,1.87,0.25,1.12,2.0924
metoxuron,COc1ccc(NC(=O)N(C)C)cc1Cl,1.24,1.78,0.32,1.07,1.6764
AI-9,Cc1nc(Nc2ccc(F)cc2)nc(N2CCc3ccccc3C2C)c1C,2.498,2.2,0.28,1.21,2.8039
N-Phenyl-2-nitrobenzohydroxamic acid,O=C(c1ccccc1[N+](=O)[O-])N(O)c1ccccc1,1.97,1.88,0.34,1.23,1.8135
"1,2,3,4-PCN",Clc1c(Cl)c(Cl)c2ccccc2c1Cl,1.81,1.24,0.0,0.0,1.575
1-Ethyl-4-n-propylbenzene,CCCc1ccc(CC)cc1,0.634,0.5,0.0,0.18,1.4209
"trans-Penta-1,3-diene",C=C/C=C/C,0.345,0.23,0.0,0.1,0.7271
a-Amorphene,CC1=CC2C(CC1)C(C)=CCC2C(C)C,0.821,0.25,0.0,0.36,1.9189
"2,6-Dichlorobenzamide",NC(=O)c1c(Cl)cccc1Cl,1.2,1.75,0.4,0.79,1.2176
"3,4,5-Trichloronitrobenzene",O=[N+]([O-])c1cc(Cl)c(Cl)c(Cl)c1,1.32,1.27,0.0,0.16,1.2578
"2,4-Diiodophenol",Oc1ccc(I)cc1I,1.95,1.29,0.5,0.3,1.2915
cis-Oct-3-en-1-ol,CCCCC=CCCO,0.33,0.48,0.37,0.6,1.2515
trans-Oct-3-en-1-ol,CCCCC=CCCO,0.33,0.48,0.37,0.6,1.2515
Tetradecylamine,CCCCCCCCCCCCCCN,0.168,0.35,0.16,0.61,2.181
Decylamine,CCCCCCCCCCN,0.182,0.35,0.16,0.61,1.6174
Non-3-yne,CCC#CCCCCC,0.204,0.3,0.0,0.15,1.2907
Non-4-yne,CCCC#CCCCC,0.207,0.3,0.0,0.15,1.2907
Methyl 4-isopropylbenzoate,COC(=O)c1ccc(C(C)C)cc1,0.76,0.8,0.0,0.47,1.4953
Ethylpropylamine,CCCNCC,0.14,0.32,0.08,0.65,0.9129
"1,1,1-Trifluoro-2-(trifluoromethoxy)ethane",FC(F)(F)COC(F)(F)F,-0.472,0.03,0.0,0.06,0.6962
Ethyl 3-phenylpropionate,CCOC(=O)CCc1ccccc1,0.654,1.2,0.0,0.62,1.4953
2-Ethylpentanoic acid,CCCC(CC)C(=O)O,0.18,0.6,0.61,0.45,1.1693
"trans-Hexa-1,3-diene",C=C/C=C/CC,0.346,0.23,0.0,0.1,0.868
2-Propylnaphthalene,CCCc1ccc2ccccc2c1,1.3,0.76,0.0,0.25,1.5081
Clofazimine,CC(C)N=c1cc2n(-c3ccc(Cl)cc3)c3ccccc3nc-2cc1Nc1ccc(Cl)cc1,3.21,2.1,0.31,1.53,3.4549
b-Sesquiphellandrene,C=C1C(C)=CCC(C=CCCCC)C1C,0.696,0.36,0.0,0.33,1.9845
δ-Elemene,C=C[C@@]1(C)CCC(C(C)C)=C[C@@H]1C(=C)C,0.714,0.38,0.0,0.34,1.9845
Benzo[ghi]fluoranthene,c1cc2c3c(c1)ccc1ccc4cccc-2c4c13,3.194,1.83,0.0,0.4,1.7148
N-Propylbenzylamine,CCCNCc1ccccc1,0.74,0.79,0.1,0.75,1.3798
4-Propylacetanilide,CCCc1ccc(NC(C)=O)cc1,0.87,1.38,0.52,0.71,1.5364
Methylethyldisulfide,CCSSC,0.69,0.6,0.0,0.25,0.8583
"3,4-Dimethoxyphenol",COc1ccc(O)cc1OC,0.96,1.56,0.52,0.6,1.1743
5-Methylpyrimidine,Cc1cncnc1,0.6,1.0,0.0,0.68,0.7751
4-bromostyrene,C=Cc1ccc(Br)cc1,1.13,0.86,0.0,0.11,1.1302
Butylcyclopentane,CCCCC1CCCC1,0.221,0.1,0.0,0.0,1.2681
n-Propiocyclopentane,CCCC1CCCC1,0.225,0.1,0.0,0.0,1.1272
4-Methyl-3-nitrophenol,Cc1ccc(O)cc1[N+](=O)[O-],1.065,1.57,0.77,0.25,1.0902
Cyclohexane carboxaldehyde,O=CC1CCCCC1,0.379,0.72,0.0,0.45,1.002
Bornaprine,CCN(CC)CCCOC(=O)C1(c2ccccc2)CC2CCC1C2,1.21,1.15,0.0,1.5,2.7869
Methyl-4-phenylbutyrate,COC(=O)CCCc1ccccc1,0.693,1.29,0.0,0.59,1.4953
4-Phenylbutyronitrile,N#CCCCc1ccccc1,0.759,1.38,0.0,0.51,1.2938
β-Ylangene,C=C1CC[C@@H]2[C@H]3C(C(C)C)CC[C@]2(C)C13,0.64,0.15,0.0,0.31,1.8533
Isopentylbenzene,CC(C)CCc1ccccc1,0.567,0.5,0.0,0.15,1.4209
tert-pentylbenzene,CCC(C)(C)c1ccccc1,0.62,0.49,0.0,0.16,1.4209
Pentyl benzoate,CCCCCOC(=O)c1ccccc1,0.663,0.79,0.0,0.46,1.6362
Isopentyl isobutanoate,CC(C)CCOC(=O)C(C)C,-0.05,0.52,0.0,0.47,1.4511
Pentyl 2-hydroxybenzoate,CCCCCOC(=O)c1ccccc1O,0.78,0.94,0.02,0.44,1.6949
Isopentyl pentanoate,CCCCC(=O)OCCC(C)C,-0.03,0.54,0.0,0.47,1.592
Diethyl pimelate,CCOC(=O)CCCCCC(=O)OCC,0.081,1.15,0.0,0.99,1.8073
Diethyl suberate,CCOC(=O)CCCCCCC(=O)OCC,0.07,1.12,0.0,1.01,1.9482
"1,3-Diethyl-5-methylbenzene",CCc1cc(C)cc(CC)c1,0.655,0.5,0.0,0.19,1.4209
"3,5-Dimethylacetanilide",CC(=O)Nc1cc(C)cc(C)c1,0.85,1.14,0.54,0.73,1.3955
PCB 11,Clc1cccc(-c2cccc(Cl)c2)c1,1.66,1.18,0.0,0.16,1.569
PCB 15,Clc1ccc(-c2ccc(Cl)cc2)cc1,1.64,1.18,0.0,0.16,1.569
"1,2-PCN",Clc1ccc2ccccc2c1Cl,1.57,1.12,0.0,0.09,1.3302
"1,6-PCN",Clc1ccc2c(Cl)cccc2c1,1.57,1.06,0.0,0.08,1.3302
"1,7-PCN",Clc1ccc2cccc(Cl)c2c1,1.57,1.06,0.0,0.1,1.3302
"1,8-PCN",Clc1cccc2cccc(Cl)c12,1.57,1.12,0.0,0.11,1.3302
1-Iododecane,CCCCCCCCCCI,0.593,0.4,0.0,0.15,1.7758
PCB 209,Clc1c(Cl)c(Cl)c(-c2c(Cl)c(Cl)c(Cl)c(Cl)c2Cl)c(Cl)c1Cl,2.72,2.26,0.0,0.02,2.5482
Benzo[c]fluorene,c1ccc2c(c1)Cc1ccc3ccccc3c1-2,2.622,1.59,0.0,0.24,1.7255
"2,6-Dimethyloctane",CCC(C)CCCC(C)C,0.0,0.0,0.0,0.0,1.5176
Decan-4-ol,CCCCCCC(O)CCC,0.14,0.36,0.33,0.56,1.5763
2-chlorobiphenyl,Clc1ccccc1-c1ccccc1,1.48,1.07,0.0,0.2,1.4466
3-chlorobiphenyl,Clc1cccc(-c2ccccc2)c1,1.51,1.05,0.0,0.18,1.4466
4-chlorobiphenyl,Clc1ccc(-c2ccccc2)cc1,1.5,1.05,0.0,0.18,1.4466
Butyl salicylate,CCCCOC(=O)c1ccccc1O,0.784,0.85,0.15,0.35,1.554
"Benzo[b]naphtho[1,2-d]thiophene",c1ccc2c(c1)ccc1sc3ccccc3c12,2.57,1.56,0.0,0.24,1.7481
Benz[j]fluoranthene,c1ccc2c3c(ccc2c1)-c1cccc2cccc-3c12,3.19,1.91,0.0,0.35,1.9536
1-Methylisatin,CN1C(=O)C(=O)c2ccccc21,1.25,1.86,0.0,0.8,1.1617
Nalbuphine,Oc1ccc2c3c1OC1C(O)CCC4(O)C(C2)N(CC2CCC2)CCC314,2.5,2.73,0.8,2.1,2.6215
Pimozide,O=c1[nH]c2ccccc2n1C1CCN(CCCC(c2ccc(F)cc2)c2ccc(F)cc2)CC1,2.508,2.544,0.33,1.702,3.4743
Fluoranthene,c1ccc2c(c1)-c1cccc3cccc-2c13,2.377,1.55,0.0,0.24,1.5846
4-Butylbenzoic acid,CCCCc1ccc(C(=O)O)cc1,0.73,0.9,0.63,0.42,1.4953
Methyl phenoxyacetate,COC(=O)COc1ccccc1,0.68,1.16,0.0,0.78,1.2722
"2,6-PCN",Clc1ccc2cc(Cl)ccc2c1,1.57,1.12,0.0,0.08,1.3302
"2,4,5-Trimethyloxazole",Cc1nc(C)c(C)o1,0.355,0.74,0.0,0.53,0.9179
"6,7-Dimethylquinoline",Cc1cc2cccnc2cc1C,1.32,0.93,0.0,0.57,1.3261
"7,8-Dimethylquinoline",Cc1ccc2cccnc2c1C,1.32,0.93,0.0,0.57,1.3261
Undecyl acrylate,C=CC(=O)OCCCCCCCCCCC,0.14,0.62,0.0,0.42,2.1126
Benzo[k]fluoranthene,c1ccc2cc3c(cc2c1)-c1cccc2cccc-3c12,3.19,1.91,0.0,0.33,1.9536
Oct-2-yn-1-ol,CCCCCC#CCO,0.382,0.57,0.33,0.59,1.2085
4-Methoxypyridine-N-oxide,COc1cc[n+]([O-])cc1,0.724,1.18,0.72,1.05,0.9336
CoolingAgent10,CC1CCC(C(C)C)C(OCC(O)CO)C1,0.7,1.42,0.54,1.22,2.0078
3(3-Chloro-4-methoxyphenyl)-1-methylurea,CNC(=O)Nc1ccc(OC)c(Cl)c1,1.23,1.6,0.66,0.94,1.5355
"2,6-Di-isopropylphenol",CC(C)c1cccc(C(C)C)c1O,0.815,0.88,0.32,0.51,1.6205
Daunorubicin,COc1cccc2c1C(=O)c1c(O)c3c(c(O)c1C2=O)CC(O)(C(C)=O)CC3OC1CC(N)C(O)C(C)O1,3.47,3.92,0.26,3.22,3.6697
m-Methoxyphenoxyacetic acid,COc1cccc(OCC(=O)O)c1,1.01,1.13,0.71,0.92,1.3309
Testosterone benzoate,CC12CCC(=O)C=C1CCC1C2CCC2(C)C(OC(=O)c3ccccc3)CCC12,2.05,2.3,0.0,1.31,3.1471
Acenaphthylene,C1=Cc2cccc3cccc1c23,1.75,1.14,0.0,0.26,1.2156
"p-Bromo-1-phenyl-3,3-dimethylurea",CN(C)C(=O)Nc1ccc(Br)cc1,1.285,1.63,0.41,0.8,1.5294
desmonomethylpromazine,CNCCCN1c2ccccc2Sc2ccccc21,2.0,1.38,0.08,1.05,2.1423
Ethylchlorpromazine,CN(C)CCN1c2ccccc2Sc2ccc(Cl)cc21,2.2,1.5,0.0,0.98,2.2647
Cyproterone,CC(=O)C1(O)CCC2C3C=C(Cl)C4=CC(=O)C5CC5C4(C)C3CCC21C,2.6,3.95,0.25,1.4,2.7919
Hex-4-en-1-al,CC=CCCC=O,0.34,0.77,0.0,0.46,0.9267
3-Nitrobiphenyl,O=[N+]([O-])c1cccc(-c2ccccc2)c1,1.66,1.48,0.0,0.38,1.4984
5-ethyl-5(3methyl-2butene)Barbituric acid,CCC1(CC=C(C)C)C(=O)NC(=O)NC1=O,1.16,1.2,0.49,1.28,1.7536
Oxaprozin,O=C(O)CCc1nc(-c2ccccc2)c(-c2ccccc2)o1,1.87,2.39,0.61,1.14,2.2079
"1,3,7-Trimethylnaphthalene",Cc1cc(C)c2cc(C)ccc2c1,1.414,1.1,0.0,0.22,1.5081
"1,4,5-Trimethylnaphthalene",Cc1ccc(C)c2c(C)cccc12,1.47,1.17,0.0,0.18,1.5081
"1,4,6-Trimethylnaphthalene",Cc1ccc2c(C)ccc(C)c2c1,1.441,1.16,0.0,0.17,1.5081
"1,2,5,6-Tetramethylnaphthalene",Cc1ccc2c(C)c(C)ccc2c1C,1.592,1.14,0.0,0.22,1.649
"1,4-Dimethyldibenzothiophene",Cc1ccc(C)c2c1sc1ccccc12,1.96,1.18,0.0,0.21,1.6609
PCB 202,Clc1cc(Cl)c(Cl)c(-c2c(Cl)c(Cl)cc(Cl)c2Cl)c1Cl,2.44,2.0,0.0,0.06,2.3034
4-Chlorocatechol,Oc1ccc(Cl)cc1O,1.078,1.18,0.9,0.42,0.9562
α-Calacorene,CC1=CCC(C(C)C)c2cc(C)ccc21,0.93,0.65,0.0,0.25,1.8329
3-Bromoacetophenone,CC(=O)c1cccc(Br)c1,1.098,1.15,0.0,0.43,1.1889
2-Ethylacetophenone,CCc1ccccc1C(C)=O,0.8,1.0,0.0,0.52,1.2957
2-Iodoacetophenone,CC(=O)c1ccccc1I,1.34,1.31,0.0,0.47,1.2721
"trans-2,3-Butylene oxide",C[C@H]1O[C@@H]1C,0.183,0.7,0.05,0.31,0.6223
Pemoline,NC1=NC(=O)C(c2ccccc2)O1,1.58,1.29,0.21,1.15,1.2615
Arabitol,OCC(O)C(O)C(O)CO,1.03,1.49,0.77,1.69,1.1066
Dibenz[ac]anthracene,c1ccc2cc3c4ccccc4c4ccccc4c3cc2c1,4.0,1.93,0.0,0.44,2.1924
Decyl acrylate,C=CC(=O)OCCCCCCCCCC,0.142,0.62,0.0,0.42,1.9717
Dodecyl acrylate,C=CC(=O)OCCCCCCCCCCCC,0.139,0.62,0.0,0.42,2.2535
Octyl methacrylate,C=C(C)C(=O)OCCCCCCCC,0.141,0.49,0.0,0.45,1.8308
Oct-7-en-1-al,C=CCCCCCC=O,0.25,0.73,0.0,0.52,1.2085
"1,8-Dichlorooctane",ClCCCCCCCCCl,0.38,0.95,0.0,0.18,1.4806
"1,6-Dichlorohexane",ClCCCCCCCl,0.397,0.96,0.0,0.17,1.1988
fluometuron,CN(C)C(=O)Nc1cccc(C(F)(F)F)c1,0.65,1.23,0.41,0.81,1.5484
4-Hexylbenzoic acid,CCCCCCc1ccc(C(=O)O)cc1,0.73,0.9,0.6,0.38,1.7771
"1,3-Butylene oxide",CC1CCO1,0.31,0.75,0.0,0.42,0.6223
Dibutylsulfoxide,CCCCS(=O)CCCC,0.441,1.7,0.0,0.97,1.458
"2,4,7-Trimethyldibenzothiophene",Cc1ccc2c(c1)sc1c(C)cc(C)cc12,1.96,1.18,0.0,0.22,1.8018
N-Propionylglycine,CCC(=O)NCC(=O)O,0.58,1.75,0.65,0.82,1.003
Cyanazine,CCNc1nc(Cl)nc(NC(C)(C)C#N)n1,1.41,1.31,0.26,1.15,1.7743
1-H-Tetrazole-1-acetic acid,O=C(O)Cn1cnnn1,0.82,1.42,1.05,1.05,0.8103
Pentyl pentanoate,CCCCCOC(=O)CCCC,0.016,0.56,0.0,0.45,1.592
Tetrapropyltin,CC[CH2][Sn]([CH2]CC)([CH2]CC)[CH2]CC,0.471,0.16,0.0,0.16,2.1703
2-Methylindene,CC1=Cc2ccccc2C1,1.123,0.77,0.0,0.2,1.1284
Methyl 2-methylpentanoate,CCCC(C)C(=O)OC,0.06,0.53,0.0,0.47,1.1693
Diallyldisulfide,C=CCSSCC=C,0.92,0.79,0.0,0.3,1.195
Allylpropyldisulfide,C=CCSSCCC,0.75,0.7,0.0,0.26,1.238
Methylpropyldisulfide,CCCSSC,0.674,0.58,0.0,0.26,0.9992
Chrysene,c1ccc2c(c1)ccc1c3ccccc3ccc21,3.027,1.73,0.0,0.36,1.8234
Bupivacaine,CCCCN1CCCC[C@H]1C(=O)Nc1c(C)cccc1C,1.32,2.1,0.34,1.33,2.5139
Nifedipine,COC(=O)C1=C(C)NC(C)=C(C(=O)OC)C1c1ccccc1[N+](=O)[O-],1.503,2.02,0.23,1.5,2.4945
1-Ethyloxycarbonyl-5-fluorouracil,CCOC(=O)n1cc(F)c(=O)[nH]c1=O,0.87,1.65,0.18,1.09,1.2664
n-Octylbenzene,CCCCCCCCc1ccccc1,0.579,0.48,0.0,0.15,1.8436
"Phenanthro[2,1-b]thiophene",c1ccc2c(c1)ccc1c3ccsc3ccc21,2.57,1.56,0.0,0.31,1.7481
2-Thiomethoxypyrazine,CSc1cnccn1,1.082,1.23,0.0,0.5,0.9386
"4',7-Dihydroxyflavone",O=c1cc(-c2ccc(O)cc2)oc2cc(O)ccc12,2.15,1.88,1.36,1.04,1.7871
"2,6-Dimethylacetanilide",CC(=O)Nc1c(C)cccc1C,0.85,1.56,0.37,0.95,1.3955
Isopentyl hexanoate,CCCCCC(=O)OCCC(C)C,0.003,0.53,0.0,0.47,1.7329
iso-Myristyl alcohol,CC(C)CCCCCCCCCCCO,0.155,0.39,0.37,0.48,2.1399
"1,3-PCN",Clc1cc(Cl)c2ccccc2c1,1.57,1.06,0.0,0.08,1.3302
Hydrocortisone 21-hemisuccinate,C[C@]12CCC(=O)C=C1CC[C@@H]1[C@@H]2[C@@H](O)C[C@@]2(C)[C@H]1CC[C@]2(O)C(=O)COC(=O)CCC(=O)O,2.1,3.15,1.06,2.61,3.4513
2-Acetylpyrazine,CC(=O)c1cnccn1,0.837,1.07,0.0,0.73,0.9317
Dodec-4-yne,CCCC#CCCCCCCC,0.19,0.3,0.0,0.15,1.7134
"cis-1,2-Dimethylcyclohexane",C[C@@H]1CCCC[C@@H]1C,0.281,0.24,0.0,0.0,1.1272
"trans-1,4-Dimethylcyclohexane",C[C@H]1CC[C@H](C)CC1,0.191,0.17,0.0,0.0,1.1272
Ketoprofen,CC(C(=O)O)c1cccc(C(=O)c2ccccc2)c1,1.65,2.26,0.55,0.89,1.9779
w-Dimethylamino-ethyl benzoate,CN(C)CCOC(=O)c1ccccc1,0.78,0.95,0.0,1.04,1.5951
Propyl methacrylate,C=C(C)C(=O)OCCC,0.182,0.49,0.0,0.45,1.1263
trans-Non-2-en-1-ol,CCCCCCC=CCO,0.33,0.53,0.35,0.54,1.3924
trans-2-Chloro-but-2-ene,CC=C(C)Cl,0.295,0.36,0.0,0.05,0.7516
cis-2-Chlorobut-2-ene,CC=C(C)Cl,0.315,0.39,0.0,0.05,0.7516
Molinate,CCSC(=O)N1CCCCCC1,0.88,1.09,0.0,0.7,1.5471
Alclofenac,C=CCOc1ccc(CC(=O)O)cc1Cl,1.06,1.48,0.56,0.8,1.6334
"2,4-Dimethylheptane",CCCC(C)CC(C)C,0.0,0.0,0.0,0.0,1.3767
"2,4-Dimethylpent-1-ene",C=C(C)CC(C)C,0.089,0.08,0.0,0.11,1.0519
4-Phenoxybenzoic acid,O=C(O)c1ccc(Oc2ccccc2)cc1,1.39,1.42,0.57,0.46,1.5982
1-Nitrononane,CCCCCCCCC[N+](=O)[O-],0.191,0.95,0.0,0.29,1.5509
"2,5-Dimethylheptane",CCC(C)CCC(C)C,0.0,0.0,0.0,0.0,1.3767
4-Ethylheptane,CCCC(CC)CCC,0.0,0.0,0.0,0.0,1.3767
3-Methyloctane,CCCCCC(C)CC,0.0,0.0,0.0,0.0,1.3767
4-methyloctane,CCCCC(C)CCC,0.0,0.0,0.0,0.0,1.3767
1-Methoxynaphthalene,COc1cccc2ccccc12,1.412,1.15,0.0,0.36,1.285
Undecan-3-one,CCCCCCCCC(=O)CC,0.09,0.68,0.0,0.52,1.6742
"5,5-Dipropylbarbital",CCCC1(CCC)C(=O)NC(=O)NC1=O,1.03,1.14,0.47,1.18,1.6557
Tetronal,CCC(CC)(S(=O)(=O)CC)S(=O)(=O)CC,0.32,1.15,0.0,1.24,1.9385
2-tert-Butyl-6-methylphenol,Cc1cccc(C(C)(C)C)c1O,0.83,0.88,0.37,0.56,1.4796
Naproxen,COc1ccc2cc([C@H](C)C(=O)O)ccc2c1,1.51,2.02,0.6,0.67,1.7821
Methoxyethoxymethane,CCOCOC,0.08,0.49,0.0,0.68,0.7896
3-Benzylphenol,Oc1cccc(Cc2ccccc2)c1,1.437,1.38,0.55,0.5,1.5238
Thiobenzamide,NC(=S)c1ccccc1,1.414,2.01,0.46,0.41,1.0776
"1,2,3,4-Tetrabromobenzene",Brc1ccc(Br)c(Br)c1Br,1.87,1.28,0.0,0.0,1.4164
clobazam,CN1C(=O)CC(=O)N(c2ccccc2)c2cc(Cl)ccc21,2.2,2.71,0.0,1.29,2.1326
"1,2,3,4,5,6,7,8-PCN",Clc1c(Cl)c(Cl)c2c(Cl)c(Cl)c(Cl)c(Cl)c2c1Cl,2.29,1.54,0.0,0.0,2.0646
"2,4-Dichloroacetophenone",CC(=O)c1ccc(Cl)cc1Cl,1.052,1.16,0.0,0.42,1.2587
"1,2,4-trimethylcyclohexane",CC1CCC(C)C(C)C1,0.23,0.12,0.0,0.0,1.2681
3-Cyanoaniline,N#Cc1cccc(N)c1,1.077,1.59,0.38,0.48,0.9709
Propyl hexadecanoate,CCCCCCCCCCCCCCCC(=O)OCCC,-0.02,0.56,0.0,0.45,2.8601
Nonanenitrile,CCCCCCCCC#N,0.159,0.9,0.0,0.36,1.3905
2-Phenoxybenzoic acid,O=C(O)c1ccccc1Oc1ccccc1,1.39,1.46,0.5,0.68,1.5982
3-Aminobiphenyl,Nc1cccc(-c2ccccc2)c1,1.56,1.51,0.26,0.48,1.424
"2,4,6-Trimethylquinoline",Cc1ccc2nc(C)cc(C)c2c1,1.32,0.95,0.0,0.57,1.467
"2,6,8-Trimethylquinoline",Cc1cc(C)c2nc(C)ccc2c1,1.32,0.9,0.0,0.57,1.467
Undec-1-yne,C#CCCCCCCCCC,0.139,0.22,0.09,0.1,1.5725
1-Cyanodecane,CCCCCCCCCCC#N,0.154,0.9,0.0,0.36,1.6723
Dibenz[aj]anthracene,c1ccc2c(c1)ccc1cc3ccc4ccccc4c3cc12,4.0,1.98,0.0,0.44,2.1924
"2,3,5-Trimethylnaphthalene",Cc1cc2cccc(C)c2cc1C,1.47,1.0,0.0,0.25,1.5081
Cyclosativene,CC(C)[C@H]1CC[C@]2(C)[C@H]3C[C@@H]4[C@H](C13)[C@@]42C,0.613,0.08,0.0,0.24,1.7877
Diflunisal,O=C(O)c1cc(-c2ccc(F)cc2F)ccc1O,1.55,1.49,0.73,0.51,1.6336
"1,1,1,2,2,3,3-Heptafluoropropane",FC(F)C(F)(F)C(F)(F)F,-0.69,-0.24,0.12,0.1,0.6552
Benz[c]acridine,c1ccc2nc3c(ccc4ccccc43)cc2c1,2.97,1.51,0.0,0.72,1.7823
y-Gurjunene,C=C(C)[C@H]1C=C2C(C)CC[C@@H]2[C@H](C)CC1,0.734,0.28,0.0,0.25,1.9189
Phenethylisothiocyanate,S=C=NCCc1ccccc1,1.233,0.97,0.0,0.38,1.3164
4-Butanoyl-1-phenyl-3-methyl-5-pyrazolone,CCCC(=O)C1C(=O)N(c2ccccc2)N=C1C,1.54,1.31,0.0,1.11,1.923
Metipranolol,CC(=O)Oc1c(C)cc(OCC(O)CNC(C)C)c(C)c1C,1.16,2.25,0.3,2.25,2.5579
3-Ethylacetophenone,CCc1cccc(C(C)=O)c1,0.836,1.0,0.0,0.52,1.2957
3-Bromobenzamide,NC(=O)c1cccc(Br)c1,1.28,1.61,0.5,0.53,1.1478
Miconazole,Clc1ccc(COC(Cn2ccnc2)c2ccc(Cl)cc2Cl)c(Cl)c1,2.37,2.35,0.0,1.15,2.7229
Dimethametryn,CCNc1nc(NC(C)C(C)C)nc(SC)n1,1.41,1.2,0.11,1.0,2.0834
Undec-5-yne,CCCCC#CCCCCC,0.191,0.3,0.0,0.15,1.5725
1-Amino-4-bromonaphthalene,Nc1ccc(Br)c2ccccc12,1.91,1.49,0.25,0.44,1.3602
Benzo[c]quinoline,c1ccc2c(c1)cnc1ccccc12,1.878,1.25,0.0,0.5,1.4133
Diallate,CC(C)N(C(=O)SCC(Cl)=CCl)C(C)C,1.0,0.98,0.0,0.94,1.9984
Triallate,CC(C)N(C(=O)SCC(Cl)=C(Cl)Cl)C(C)C,1.07,0.85,0.0,0.95,2.1208
g-Dodecalactone,CCCCCCCCC1CCC(=O)O1,0.282,1.44,0.0,0.61,1.7652
Octyl octanoate,CCCCCCCCOC(=O)CCCCCCC,-0.01,0.056,0.0,0.45,2.4374
4-Hexenylbenzene,CC=CCCCc1ccccc1,0.73,0.6,0.0,0.21,1.5188
Halazepam,O=C1CN=C(c2ccccc2)c2cc(Cl)ccc2N1CC(F)(F)F,1.8,1.6,0.1,1.2,2.2679
Phosalone,CCOP(=S)(OCC)SCn1c(=O)oc2cc(Cl)ccc21,2.005,1.14,0.0,1.35,2.3988
Pirimicarb,Cc1nc(N(C)C)nc(OC(=O)N(C)C)c1C,1.177,1.33,0.0,1.34,1.8945
Isopropyl hexanoate,CCCCCC(=O)OC(C)C,0.044,0.53,0.0,0.45,1.4511
Oxamyl,CNC(=O)ON=C(SC)C(=O)N(C)C,0.99,1.62,0.19,1.6,1.6049
4-Methylhexan-2-ol,CCC(C)CC(C)O,0.163,0.33,0.33,0.56,1.1536
3-Methylhexan-2-ol,CCCC(C)C(C)O,0.16,0.33,0.33,0.55,1.1536
Dimethyl trithiocarbonate,CSC(=S)SC,1.24,1.4,0.0,0.25,0.9788
Fosfomycin,CC1OC1P(=O)(O)O,0.82,1.32,2.2,1.45,0.8621
Propyl benzoate,CCCOC(=O)c1ccccc1,0.675,0.8,0.0,0.46,1.3544
Pentyl 3-butenoate,C=CCC(=O)OCCCCC,0.198,0.59,0.0,0.43,1.4081
Doxorubicin,COc1cccc2c1C(=O)c1c(O)c3c(c(O)c1C2=O)CC(O)(C(=O)CO)CC3OC1CC(N)C(O)C(C)O1,3.63,4.1,1.3,3.41,3.7284
Deprenyl,C#CCN(C)C(C)Cc1ccccc1,0.95,1.14,0.05,0.85,1.7165
"3,4-Dichlorophenylurea",NC(=O)Nc1ccc(Cl)c(Cl)c1,1.4,1.46,0.77,0.53,1.3174
"Naphtho[2,1-b]thiophene",c1ccc2c(c1)ccc1sccc12,2.03,1.22,0.0,0.23,1.3791
Triethyleneglycolpropylether,CCCOCCOCCOCCO,0.2,0.95,0.28,1.44,1.6115
"1-Chloro-1-[chloro(difluoro)methoxy]-1,2,2,2-tetrafluoroethane",FC(F)(Cl)OC(F)(Cl)C(F)(F)F,-0.194,-0.37,0.0,0.07,0.941
"2‐(difluoromethoxy)‐1,1,1,2,3,3‐hexafluoropropane",FC(F)OC(F)(C(F)F)C(F)(F)F,-0.668,0.21,0.04,0.07,0.8725
"2-Trifluoromethyl-5,6-dichlorobenzimidazole",FC(F)(F)c1nc2cc(Cl)c(Cl)cc2[nH]1,1.27,1.41,0.3,0.28,1.3441
"2-Trifluoromethyl-4,5,6,7-tetrabromobenzimidazole",FC(F)(F)c1nc2c(Br)c(Br)c(Br)c(Br)c2[nH]1,2.24,1.81,0.3,0.37,1.7993
"Naphtho[1,2-b]thiophene",c1ccc2c(c1)ccc1ccsc12,2.03,1.22,0.0,0.21,1.3791
"4H-pyrido[1,2-a]pyrimidin-4-one",O=c1ccnc2ccccn12,1.39,1.36,0.0,0.95,1.0619
Tetradecan-2-one,CCCCCCCCCCCCC(C)=O,0.099,0.68,0.0,0.51,2.0969
Pentadecan-2-one,CCCCCCCCCCCCCC(C)=O,0.097,0.68,0.0,0.51,2.2378
4-Acetoxybenzoic acid,CC(=O)Oc1ccc(C(=O)O)cc1,0.84,1.51,0.61,0.7,1.2879
Hexyl isobutanoate,CCCCCCOC(=O)C(C)C,0.0,0.53,0.0,0.47,1.592
Heptyl isobutanoate,CCCCCCCOC(=O)C(C)C,0.0,0.53,0.0,0.47,1.7329
"1,1,1,2-Tetrafluoro-2-(trifluoromethoxy)ethane",FC(OC(F)(F)F)C(F)(F)F,-0.573,-0.13,0.0,0.05,0.7139
N-Methyl-3-phenylpropylamine,CNCCCc1ccccc1,0.75,0.82,0.08,0.86,1.3798
"1‐bromo‐1‐chloro‐1‐(difluoromethoxy)‐2,2,2‐trifluoroethane",FC(F)OC(Cl)(Br)C(F)(F)F,0.092,0.18,0.0,0.14,0.9759
"Methyl 2,4-dimethylbenzoate",COC(=O)c1ccc(C)cc1C,0.77,0.85,0.0,0.48,1.3544
Heneicosanoic acid,CCCCCCCCCCCCCCCCCCCCC(=O)O,0.0,0.66,0.62,0.45,3.1419
"3,4-Dimethyldibenzothiophene",Cc1ccc2c(sc3ccccc32)c1C,1.96,1.18,0.0,0.22,1.6609
1-Fluorobutane,CCCCF,0.016,0.26,0.0,0.13,0.6899
"2,2-dimethylpentanol",CCCC(C)(C)CO,0.22,0.36,0.37,0.48,1.1536
2-Ethoxyethylmethacrylate,C=C(C)C(=O)OCCOCC,0.189,0.78,0.0,0.86,1.3259
Undecan-6-ol,CCCCCC(O)CCCCC,0.165,0.36,0.33,0.56,1.7172
3-Methylheptan-2-one,CCCCC(C)C(C)=O,0.11,0.66,0.0,0.51,1.2515
5-Ethyl-5-allylbarbituric acid,C=CCC1(CC)C(=O)NC(=O)NC1=O,1.16,1.2,0.6,1.22,1.4718
"2,4,6-Trichlorotoluene",Cc1c(Cl)cc(Cl)cc1Cl,1.06,0.77,0.0,0.0,1.2245
Methyl 4-methylphenylacetate,COC(=O)Cc1ccc(C)cc1,0.7,1.13,0.0,0.62,1.3544
1-Methylpyrene,Cc1ccc2ccc3cccc4ccc1c2c34,2.808,1.7,0.0,0.26,1.7255
Dec-2-yne,CC#CCCCCCCC,0.217,0.3,0.0,0.15,1.4316
Dec-3-yne,CCC#CCCCCCC,0.195,0.3,0.0,0.15,1.4316
Mirex,ClC1(Cl)C2(Cl)C3(Cl)C4(Cl)C(Cl)(Cl)C5(Cl)C3(Cl)C1(Cl)C5(Cl)C24Cl,3.07,1.75,0.0,1.08,2.4434
Cyperene,CC1=C2C[C@H]3CC[C@@H](C)[C@]2(CC1)C3(C)C,0.72,0.18,0.0,0.24,1.8533
Benzo[a]fluorene,c1ccc2c(c1)Cc1c-2ccc2ccccc12,2.622,1.59,0.0,0.23,1.7255
"Benzo[b]naphtho[2,1-d]thiophene",c1ccc2c(c1)ccc1c3ccccc3sc21,2.57,1.56,0.0,0.24,1.7481
Ethirimol,CCCCc1c(C)nc(NCC)[nH]c1=O,1.11,0.83,0.35,1.26,1.779
9-Methoxyanthracene,COc1c2ccccc2cc2ccccc12,2.25,1.56,0.0,0.48,1.654
"9,10-Dimethoxyanthracene",COc1c2ccccc2c(OC)c2ccccc12,2.3,1.62,0.0,0.65,1.8536
Dipropyleneglycol,OCCCOCCCO,0.309,1.14,0.6,1.17,1.1301
3-Bromoanisole,COc1cccc(Br)c1,0.982,0.9,0.0,0.24,1.091
Tolnaftate,Cc1cccc(N(C)C(=S)Oc2ccc3ccccc3c2)c1,2.97,2.2,0.0,0.93,2.3949
Bromocycloheptane,BrC1CCCCCC1,0.682,0.48,0.0,0.16,1.1613
2-tert-Butyl-4-methylphenol,Cc1ccc(O)c(C(C)(C)C)c1,0.826,0.95,0.53,0.41,1.4796
Triheptylamine,CCCCCCCN(CCCCCCC)CCCCCCC,-0.002,0.15,0.0,0.81,3.1673
Methyl 4-methylpentanoate,COC(=O)CCC(C)C,0.074,0.57,0.0,0.47,1.1693
Propylcyclopropane,CCCC1CC1,0.37,0.1,0.0,0.0,0.8454
"2,3,6-Trimethylphenol",Cc1ccc(C)c(O)c1C,0.86,0.78,0.36,0.41,1.1978
2-Phenoxyphenol,Oc1ccccc1Oc1ccccc1,1.39,1.26,0.25,0.5,1.4416
5-Methylbarbituric acid,CC1C(=O)NC(=O)NC1=O,1.06,1.17,0.46,1.16,0.9512
Mianserin,CN1CCN2c3ccccc3Cc3ccccc3C2C1,2.07,1.7,0.0,1.09,2.152
12-Methylbenz[a]anthracene,Cc1c2ccccc2cc2ccc3ccccc3c12,2.992,1.7,0.0,0.35,1.9643
"2,6-Dimethyl-4-nitrophenol",Cc1cc([N+](=O)[O-])cc(C)c1O,1.12,1.64,0.79,0.25,1.2311
1-Chlorotetradecane,CCCCCCCCCCCCCCCl,0.176,0.41,0.0,0.1,2.2036
Butylglycidylether,CCCCOCC1CO1,0.202,0.94,0.0,0.58,1.1037
Methyl 4-(acetoxy)benzoate,COC(=O)c1ccc(OC(C)=O)cc1,0.753,1.41,0.0,0.8,1.4288
2-Acetylthiazole,CC(=O)c1nccs1,0.834,1.13,0.0,0.6,0.8975
6-phenylhexanol,OCCCCCCc1ccccc1,0.804,0.9,0.33,0.72,1.6205
"2,3,4-Trichlorobut-1-ene",C=C(Cl)C(Cl)CCl,0.607,1.09,0.0,0.15,0.9964
Benzo[b]fluorene,c1ccc2c(c1)Cc1cc3ccccc3cc1-2,2.622,1.57,0.0,0.24,1.7255
Didodecyl phthalate,CCCCCCCCCCCCOC(=O)c1ccccc1C(=O)OCCCCCCCCCCCC,0.615,1.32,0.0,1.1,4.5286
Tricosanoic acid,CCCCCCCCCCCCCCCCCCCCCCC(=O)O,0.0,0.66,0.62,0.45,3.4237
Isobutyl 3-butenoate,C=CCC(=O)OCC(C)C,0.131,0.59,0.0,0.45,1.2672
"6,8-Dimethylquinoline",Cc1cc(C)c2ncccc2c1,1.32,0.93,0.0,0.57,1.3261
1-Cyanoundecane,CCCCCCCCCCCC#N,0.132,0.9,0.0,0.36,1.8132
"1,4,6-PCN",Clc1ccc2c(Cl)ccc(Cl)c2c1,1.69,1.12,0.0,0.0,1.4526
"1,4,5-PCN",Clc1ccc(Cl)c2c(Cl)cccc12,1.69,1.12,0.0,0.0,1.4526
Tridec-1-ene,C=CCCCCCCCCCCC,0.087,0.08,0.0,0.07,1.8973
PCB 47,Clc1ccc(-c2ccc(Cl)cc2Cl)c(Cl)c1,1.88,1.48,0.0,0.15,1.8138
4-Propylbenzoic acid,CCCc1ccc(C(=O)O)cc1,0.73,0.9,0.6,0.39,1.3544
Ethylmercury(II) iodide,C[CH2][Hg][I],1.45,1.38,0.07,0.2,0.923
Oct-1-ene-3-yl acetate,C=CC(CCCCC)OC(C)=O,0.14,0.55,0.0,0.49,1.549
2-Chlorophenylacetic acid,O=C(O)Cc1ccccc1Cl,0.84,0.94,0.62,0.58,1.195
Nonivamide,CCCCCCCCC(=O)NCc1ccc(O)c(OC)c1,1.08,2.01,0.55,1.41,2.4992
"5,5-dimethylbarbituric acid",CC1(C)C(=O)NC(=O)NC1=O,1.03,1.17,0.46,1.18,1.0921
Isobutyl 2-methylbutanoate,CCC(C)C(=O)OCC(C)C,-0.02,0.5,0.0,0.47,1.4511
Pentyl isobutanoate,CCCCCOC(=O)C(C)C,0.0,0.53,0.0,0.47,1.4511
Hexyl propanoate,CCCCCCOC(=O)CC,0.074,0.56,0.0,0.45,1.4511
4-Hexylphenol,CCCCCCc1ccc(O)cc1,0.785,0.87,0.55,0.35,1.6205
Sulfadoxine,COc1ncnc(NS(=O)(=O)c2ccc(N)cc2)c1OC,2.14,2.53,0.4,1.64,2.1217
Cyclononanol,OC1CCCCCCCC1,0.606,0.54,0.27,0.59,1.3268
Chlorocycloheptane,ClC1CCCCCC1,0.536,0.46,0.0,0.1,1.1087
Methyl 2-pyridinecarboxylate,COC(=O)c1ccccn1,0.72,1.72,0.0,0.68,1.0315
Methyl 1-naphthoate,COC(=O)c1cccc2ccccc12,1.432,1.25,0.0,0.52,1.4416
Methyl 2-naphthoate,COC(=O)c1ccc2ccccc2c1,1.432,1.25,0.0,0.52,1.4416
2'-Hydroxy-5'-chloro-4-nitroazobenzene,O=[N+]([O-])c1ccc(N=Nc2cc(Cl)ccc2O)cc1,1.99,1.52,0.6,0.61,1.8361
N-Acetylimidazole,CC(=O)n1ccnc1,0.83,1.41,0.0,0.75,0.8338
4-Methoxycinnamaldehyde,COc1ccc(C=CC=O)cc1,1.046,1.48,0.0,0.62,1.3114
Bicyclogermacrene,C/C1=C\[C@H]2[C@@H](CC/C(C)=C/CC1)C2(C)C,0.8,0.29,0.0,0.38,1.9189
1-Chlorononane,CCCCCCCCCCl,0.188,0.4,0.0,0.09,1.4991
1-Chloroundecane,CCCCCCCCCCCCl,0.183,0.4,0.0,0.09,1.7809
Butylpentylsulfide,CCCCCSCCCC,0.338,0.34,0.0,0.36,1.5402
Propylheptylsulfide,CCCCCCCSCCC,0.331,0.34,0.0,0.36,1.6811
"3-Nitro-1,2,4-triazole",O=[N+]([O-])c1nc[nH]n1,1.002,0.96,0.58,0.7,0.6694
cis-Cinnamonitrile,N#C/C=C\c1ccccc1,1.098,1.41,0.02,0.43,1.1099
Methyl dihydrojasmonate,CCCCCC1C(=O)CCC1CC(=O)OC,0.342,1.53,0.0,0.97,1.9218
3-Cyanobenzaldehyde,N#Cc1cccc(C=O)c1,0.97,1.49,0.0,0.52,1.0277
trans-2-Hexenyl acetate,CCCC=CCOC(C)=O,0.195,0.6,0.0,0.45,1.2672
"Benz[a]anthracene-7,12-dione",O=C1c2ccccc2C(=O)c2c1ccc1ccccc21,2.5,2.06,0.0,0.64,1.8978
1-Methylbenz[a]anthracene,Cc1cccc2ccc3cc4ccccc4cc3c12,2.992,1.7,0.0,0.35,1.9643
Heptyl acrylate,C=CC(=O)OCCCCCCC,0.152,0.62,0.0,0.42,1.549
Octyl acrylate,C=CC(=O)OCCCCCCCC,0.148,0.62,0.0,0.42,1.6899
Hexyl acrylate,C=CC(=O)OCCCCCC,0.161,0.62,0.0,0.42,1.4081
N-Nitrosomethyl-t-butylamine,CN(N=O)C(C)(C)C,0.34,1.05,0.0,0.65,1.0284
"Methyl 3,5-dimethylbenzoate",COC(=O)c1cc(C)cc(C)c1,0.79,0.85,0.0,0.49,1.3544
5-Aminopentan-1-ol,NCCCCCO,0.443,0.81,0.48,1.08,0.9716
Pentylcyclopropane,CCCCCC1CC1,0.365,0.1,0.0,0.0,1.1272
"E,E-Deca-2,4-dienal",CCCCCC=CC=CC=O,0.791,0.9,0.0,0.52,1.4473
Cyclopropylcarbinol,OCC1CC1,0.381,0.87,0.31,0.45,0.6223
2-Chloro-5-nitrobenzoic acid,O=C(O)c1cc([N+](=O)[O-])ccc1Cl,1.25,1.4,0.67,0.46,1.2283
5-Ethylbarbituric acid,CCC1C(=O)NC(=O)NC1=O,1.06,1.14,0.46,1.16,1.0921
9-Methylfluorene,CC1c2ccccc2-c2ccccc21,1.588,1.03,0.0,0.25,1.4974
Ethyl 2-pyridinecarboxylate,CCOC(=O)c1ccccn1,0.714,1.69,0.0,0.71,1.1724
Alloaromadendrene,C=C1CC[C@H]2[C@@H]([C@H]3[C@@H](C)CC[C@@H]13)C2(C)C,0.722,0.23,0.0,0.29,1.8533
5-Bromo-methyl-2-furoate,COC(=O)c1ccc(Br)o1,0.785,1.13,0.0,0.45,1.0675
tri-n-pentyl phosphate,CCCCCOP(=O)(OCCCCC)OCCCCC,-0.11,0.52,0.0,1.33,2.6615
4-Iodoethylbenzene,CCc1ccc(I)cc1,1.19,0.8,0.0,0.12,1.2564
N-p-Tolyl-phenoxyacetohydroxamic acid,Cc1ccc(N(O)C(=O)COc2ccccc2)cc1,1.75,1.4,0.39,1.23,1.9798
Isofenphos,CCOP(=S)(NC(C)C)Oc1ccccc1C(=O)OC(C)C,1.18,1.33,0.0,1.5,2.6442
2-Methylphenanthrene,Cc1ccc2c(ccc3ccccc32)c1,2.055,1.25,0.0,0.29,1.5953
"cis-1,3-Dimethylcyclopentane",CC1CCC(C)C1,0.169,0.1,0.0,0.0,0.9863
exo-2-Bromonorbornane,BrC1CC2CCC1C2,0.718,0.67,0.0,0.04,1.0527
Phthalazine,c1ccc2cnncc2c1,1.36,1.83,0.0,0.63,1.0032
Thiazafluron,CNC(=O)N(C)c1nnc(C(F)(F)F)s1,0.85,1.55,0.4,1.04,1.3909
Cinnoline,c1ccc2nnccc2c1,1.36,1.65,0.0,0.59,1.0032
Quinazoline,c1ccc2ncncc2c1,1.35,1.2,0.0,0.68,1.0032
Isooctyl thioglycolate,CC(C)CCCCCOC(=O)CS,0.34,1.0,0.0,0.59,1.7555
N-Nitrosopropylbutylamine,CCCCN(CCC)N=O,0.31,1.02,0.0,0.63,1.3102
2-Methoxyfuran,COc1ccco1,0.408,0.76,0.0,0.25,0.7359
Pentyl 3-methylbutanoate,CCCCCOC(=O)CC(C)C,-0.02,0.52,0.0,0.47,1.592
Ethyl 4-methylpentanoate,CCOC(=O)CCC(C)C,0.068,0.53,0.0,0.47,1.3102
Propyl 4-methylpentanoate,CCCOC(=O)CCC(C)C,0.058,0.53,0.0,0.47,1.4511
Pentyl 4-methylpentanoate,CCCCCOC(=O)CCC(C)C,0.049,0.52,0.0,0.47,1.7329
Isopentyl 4-methylpentanoate,CC(C)CCOC(=O)CCC(C)C,0.0,0.51,0.0,0.49,1.7329
Pentyl crotonate,CC=CC(=O)OCCCCC,0.198,0.64,0.0,0.42,1.4081
Isopentyl crotonate,CC=CC(=O)OCCC(C)C,0.154,0.63,0.0,0.45,1.4081
2-Ethyl-1-hexyl butanoate,CCCCC(CC)COC(=O)CCC,0.02,0.53,0.0,0.47,1.8738
7-Methylbenz[a]anthracene,Cc1c2ccccc2cc2c1ccc1ccccc12,2.992,1.7,0.0,0.35,1.9643
Felbamate,NC(=O)OCC(COC(N)=O)c1ccccc1,1.19,3.04,0.74,1.08,1.7693
N-Hexylbenzylamine,CCCCCCNCc1ccccc1,0.68,0.78,0.1,0.75,1.8025
"1,5-Naphthylridine",c1cnc2cccnc2c1,1.35,1.21,0.0,0.81,1.0032
Cyclohexyl 2-hydroxybenzoate,O=C(OC1CCCCC1)c1ccccc1O,1.2,1.29,0.02,0.47,1.7272
(E)-Oct-2-enal,CCCCC/C=C/C=O,0.351,0.75,0.0,0.43,1.2085
3-Methylhexan-2-one,CCCC(C)C(C)=O,0.11,0.63,0.0,0.53,1.1106
4-Phenylbutan-2-one,CC(=O)CCc1ccccc1,0.745,1.14,0.0,0.65,1.2957
Sulfur hexafluoride,FS(F)(F)(F)(F)F,-0.6,-0.2,0.0,0.0,0.4643
E-α-Bisabolene,CC(C)=CC/C=C(\C)C1CC=C(C)CC1,0.668,0.35,0.0,0.39,1.9845
"2',3'-Dihydroxyflavone",O=c1cc(-c2cccc(O)c2O)oc2ccccc12,2.15,1.9,0.88,1.04,1.7871
Artemisone,CC1CCC2C(C)C(N3CCS(=O)(=O)CC3)OC3OC4(C)CCC1C32OO4,1.85,2.1,0.0,2.1,2.8582
1-Methylbarbituric acid,CN1C(=O)CC(=O)NC1=O,1.15,1.21,0.21,1.14,0.9512
"3-Methylbutan-1,3-diol",CC(C)(O)CCO,0.368,0.96,0.9,0.92,0.9305
"2-Ethyl-1,3-dioxolane",CCC1OCCO1,0.21,0.59,0.0,0.62,0.8219
Pentadecylamine,CCCCCCCCCCCCCCCN,0.166,0.35,0.16,0.61,2.3219
Gemfibrozil,Cc1ccc(C)c(OCCCC(C)(C)C(=O)O)c1,0.81,1.41,0.55,0.8,2.1176
3-Methyl-4-nitrophenol,Cc1cc(O)ccc1[N+](=O)[O-],1.07,1.63,0.8,0.25,1.0902
Hept-3-yne,CCC#CCCC,0.232,0.3,0.0,0.15,1.0089
4-Hydroxypentanophenone,CCCCC(=O)c1ccc(O)cc1,1.0,1.32,0.77,0.56,1.4953
Cefazolin,Cc1nnc(SCC2=C(C(=O)O)N3C(=O)C(NC(=O)Cn4cnnn4)C3SC2)s1,3.65,3.6,0.53,2.84,2.8265
Triethylene glycol pentyl ether,CCCCCOCCOCCOCCO,0.165,0.95004,0.28,1.44,1.8933
Flutoprazepam,O=C1CN=C(c2ccccc2F)c2cc(Cl)ccc2N1CC1CC1,2.348,2.05,0.0,1.3,2.4057
Xylose,OC1COC(O)C(O)C1O,1.11,1.4,1.05,1.55,0.998
Methyl N-phenylcarbamate,COC(=O)Nc1ccccc1,0.9,1.3,0.38,0.57,1.1724
Acridine,c1ccc2nc3ccccc3cc2c1,2.356,1.32,0.0,0.58,1.4133
Amiloride,NC(N)=NC(=O)c1nc(Cl)c(N)nc1N,2.28,2.3,1.06,1.33,1.5101
Ethylpentylsulfide,CCCCCSCC,0.352,0.37,0.0,0.36,1.2584
Naproxen methyl ester,COC(=O)C(C)c1ccc2cc(OC)ccc2c1,1.43,1.61,0.0,0.89,1.923
Naproxol,COc1ccc2cc(C(C)CO)ccc2c1,1.59,1.43,0.31,0.85,1.7664
Tolmetin,Cc1ccc(C(=O)c2ccc(CC(=O)O)n2C)cc1,1.54,1.87,0.65,1.09,1.9798
Dibenzo-p-dioxin,c1ccc2c(c1)Oc1ccccc1O2,1.463,1.37,0.0,0.03,1.333
Ethofumesate,CCOC1Oc2ccc(OS(C)(=O)=O)cc2C1(C)C,1.03,1.26,0.0,1.21,2.0511
"cis-4,4-Dimethylpent-2-ene",CC=CC(C)(C)C,0.085,0.08,0.0,0.12,1.0519
"5,8-Dimethylquinoline",Cc1ccc(C)c2ncccc12,1.32,0.92,0.0,0.57,1.3261
2-Iodobenzaldehyde,O=Cc1ccccc1I,1.6,1.3,0.0,0.29,1.1312
4-Vinylphenol,C=Cc1ccc(O)cc1,1.044,0.98,0.63,0.37,1.0139
"1,1,1-Trifluorodecane",CCCCCCCCCC(F)(F)F,-0.33,0.2,0.0,0.09,1.5707
4-Pentylbenzoic acid,CCCCCc1ccc(C(=O)O)cc1,0.73,0.9,0.6,0.39,1.6362
Hexyl butanoate,CCCCCCOC(=O)CCC,0.016,0.56,0.0,0.45,1.592
Glycerol triisostearate,CC(C)CCCCCCCCCCCCCCC(=O)OCC(COC(=O)CCCCCCCCCCCCCCC(C)C)OC(=O)CCCCCCCCCCCCCCC(C)C,-0.05,1.14,0.0,1.26,8.3631
Zeranol,CC1CCCC(O)CCCCCc2cc(O)cc(O)c2C(=O)O1,1.5,1.8,0.95,1.2,2.5491
"N,N-Diethyl-2-methylbenzamide",CCN(CC)C(=O)c1ccccc1C,0.96,1.4,0.0,1.02,1.6773
8-Phenyloctanoic acid,O=C(O)CCCCCCCc1ccccc1,0.79,1.28,0.59,0.63,1.918
"(Z, E)-α-Farnesene",C=C/C(C)=C/C/C=C(/C)CCC=C(C)C,0.711,0.38,0.0,0.45,2.0501
Cyclononanemethanol,OCC1CCCCCCCC1,0.48,0.82,0.31,0.45,1.4677
"1-Methyl-3-nitro-1,2,4-triazole",Cn1cnc([N+](=O)[O-])n1,1.328,1.98,0.0,0.77,0.8103
Nonyl acrylate,C=CC(=O)OCCCCCCCCC,0.145,0.62,0.0,0.42,1.8308
1-Iodoheptadecane,CCCCCCCCCCCCCCCCCI,0.567,0.4,0.0,0.16,2.7621
Timolol,CC(C)(C)NCC(O)COc1nsnc1N1CCOCC1,1.47,1.85,0.17,1.79,2.3759
"2,3-Diaminotoluene",Cc1cccc(N)c1N,1.26,1.5,0.24,0.9,1.0569
"Naphtho[2,3-b]thiophene",c1ccc2cc3sccc3cc2c1,2.03,1.22,0.0,0.21,1.3791
"3,5-Diisopropylphenol",CC(C)c1cc(O)cc(C(C)C)c1,0.817,0.92,0.52,0.42,1.6205
Dioctylsulfide,CCCCCCCCSCCCCCCCC,0.322,0.38,0.0,0.36,2.5265
Octogen,O=[N+]([O-])N1CN([N+](=O)[O-])CN([N+](=O)[O-])CN([N+](=O)[O-])C1,1.77,2.76,0.0,1.29,1.6596
3-Aminofluoranthene,Nc1ccc2c3c(cccc13)-c1ccccc1-2,2.72,1.9,0.21,0.59,1.6844
6-Methylheptan-1-ol,CC(C)CCCCCO,0.168,0.39,0.37,0.53,1.2945
Nonyl methacrylate,C=C(C)C(=O)OCCCCCCCCC,0.138,0.49,0.0,0.45,1.9717
Carfecillin,CC1(C)SC2C(NC(=O)C(C(=O)Oc3ccccc3)c3ccccc3)C(=O)N2C1C(=O)O,3.46,4.0,0.84,2.0,3.2002
"Methyl 3,5-dinitrobenzoate",COC(=O)c1cc([N+](=O)[O-])cc([N+](=O)[O-])c1,1.255,1.82,0.0,0.7,1.421
"3,5-Dimethylbenzyl alcohol",Cc1cc(C)cc(CO)c1,0.839,0.9,0.39,0.62,1.1978
Indazole,c1ccc2[nH]ncc2c1,1.18,1.22,0.53,0.35,0.9053
"2,1-Benzisoxazole",c1ccc2nocc2c1,0.971,1.2,0.0,0.36,0.8642
7-Azaindole,c1cnc2[nH]ccc2c1,1.445,1.15,0.37,0.38,0.9053
"1,2,4-Trimethylnaphthalene",Cc1cc(C)c2ccccc2c1C,1.497,1.19,0.0,0.19,1.5081
benzo[b]furan,c1ccc2occc2c1,0.888,0.83,0.0,0.15,0.9053
"1,2-Benzisoxazole",c1ccc2oncc2c1,0.877,1.0,0.0,0.33,0.8642
"Tramadol, axial",COc1cccc(C2(O)CCCCC2CN(C)C)c1,1.35,1.15,0.0,1.47,2.234
g-Tetradecalactone,CCCCCCCCCCC1CCC(=O)O1,0.263,1.44,0.0,0.63,2.047
iso-Stearic acid,CC(C)CCCCCCCCCCCCCCC(=O)O,0.015,0.57,0.6,0.49,2.7192
"N,N-Diethyl-4-methylbenzamide",CCN(CC)C(=O)c1ccc(C)cc1,0.96,1.4,0.0,0.98,1.6773
Benzoxazole,c1ccc2ocnc2c1,0.9,1.07,0.0,0.38,0.8642
2-Methylhex-2-ene,CCCC=C(C)C,0.137,0.1,0.0,0.09,1.0519
"1,3-Benzodioxole",c1ccc2c(c1)OCO2,0.79,0.97,0.0,0.21,0.8661
"3,4,5-Tribromocatechol",Oc1cc(Br)c(Br)c(Br)c1O,2.021,2.22,1.42,0.2,1.3588
2-Ethylpentan-1-ol,CCCC(CC)CO,0.22,0.39,0.37,0.48,1.1536
5-Ethoxypyrimidine,CCOc1cncnc1,0.63,0.94,0.0,0.75,0.9747
Azulene,c1ccc2cccc-2cc1,1.34,1.17,0.0,0.16,1.0854
Diisooctyl phthalate,CC(C)CCCCCOC(=O)c1ccccc1C(=O)OCCCCCC(C)C,0.64,1.26,0.0,1.02,3.4014
1-Methylcyclopent-1-en-3-one,CC1=CC(=O)CC1,0.567,1.25,0.0,0.49,0.8181
Azosemide,NS(=O)(=O)c1cc(-c2nnn[nH]2)c(NCc2cccs2)cc1Cl,2.84,2.78,0.9,2.03,2.3382
"cis-Cyclooctane-1,2-diol",OC1CCCCCCC1O,0.726,0.8,0.6,0.89,1.2446
3-Methylbutyl 2-methylbutanoate,CCC(C)C(=O)OCCC(C)C,-0.02,0.5,0.0,0.47,1.592
Pentadecanal,CCCCCCCCCCCCCCC=O,0.1,0.65,0.0,0.45,2.2378
1-Propylnaphthalene,CCCc1cccc2ccccc12,1.34,0.76,0.0,0.23,1.5081
5-ethyl-5-methylbarbituric acid,CCC1(C)C(=O)NC(=O)NC1=O,1.03,1.15,0.58,1.18,1.233
Benzyl-t-pentylether,CCC(C)(C)OCc1ccccc1,0.597,0.65,0.0,0.56,1.6205
Quadricyclane,C1C2C3C2C2C1C32,0.548,0.01,0.0,0.0,0.6605
2-Methoxyethyl 2-cyano-2-propenoic acid,C=C(C#N)C(=O)OCCOC,0.39,1.1,0.0,0.9,1.1988
Allylpropylsulfide,C=CCSCCC,0.5,0.47,0.0,0.37,1.0745
"1,12-Diaminododecane",NCCCCCCCCCCCCN,0.408,0.7,0.29,1.15,1.999
"2,3,6-Trichloronitrobenzene",O=[N+]([O-])c1c(Cl)ccc(Cl)c1Cl,1.32,1.38,0.0,0.16,1.2578
4-Hexylpyridine,CCCCCCc1ccncc1,0.61,0.77,0.0,0.59,1.5207
norbornane,C1CC2CCC1C2,0.37,0.38,0.0,0.0,0.8777
N-Ethyl-3-phenylpropylamine,CCNCCCc1ccccc1,0.75,0.82,0.08,0.89,1.5207
2-Propoxyethanol,CCCOCCO,0.212,0.5,0.3,0.83,0.9305
Oct-2-yne,CC#CCCCCC,0.225,0.3,0.0,0.15,1.1498
Adamantane,C1C2CC3CC1CC(C2)C3,0.76,0.57,0.0,0.04,1.1918
Irgarol,CSc1nc(NC2CC2)nc(NC(C)(C)C)n1,1.69,1.39,0.26,1.08,1.9748
"3,5-dinitro-2-methylbenzoic acid",Cc1c(C(=O)O)cc([N+](=O)[O-])cc1[N+](=O)[O-],1.31,2.12,0.75,0.65,1.421
"2,6-Difluorophenol",Oc1c(F)cccc1F,0.594,0.73,0.65,0.21,0.8105
"1,1-Difluoro-1,2-dichloro-2-bromoethane",FC(F)(Cl)C(Cl)Br,0.34,0.46,0.09,0.04,0.8456
"tricyclo[5.2.1.02,6]decane (JP-10)",C1CC2C3CCC(C3)C2C1,0.59,0.68,0.0,0.06,1.1918
Ethyl tridecanoate,CCCCCCCCCCCCC(=O)OCC,0.002,0.58,0.0,0.45,2.2965
"Selina-4,11-diene",C=C(C)[C@@H]1CC[C@@]2(C)CCCC(C)=C2C1,0.823,0.26,0.0,0.34,1.9189
4-Aminobenzamide,NC(=O)c1ccc(N)cc1,1.34,1.94,0.8,0.94,1.0726
2-Methyl-5-aminophenol,Cc1ccc(N)cc1O,1.1,1.16,0.65,0.76,1.0158
"1-Chloro-1,2,2,2-tetrafluoroethane",FC(Cl)C(F)(F)F,-0.31,0.32,0.09,0.01,0.5836
Germacrene A,CC(C)[C@H]1CC[C@@H](C)C/C=C/[C@@H](C)CC1,0.764,0.45,0.0,0.29,1.9845
Bumetanide,CCCCNc1cc(C(=O)O)cc(S(N)(=O)=O)c1Oc1ccccc1,2.228,2.65,1.1,1.57,2.6423
3-Chloroanisole,COc1cccc(Cl)c1,0.825,0.86,0.0,0.21,1.0384
"2,6-Dichlorostyrene",C=Cc1c(Cl)cccc1Cl,1.12,0.7,0.0,0.11,1.2
Dibutylphosphorodithiotic acid,CCCCOP(=S)(S)OCCCC,1.01,0.91,0.02,1.14,1.8848
2-Methyl-3-methoxypyrazine,COc1nccnc1C,0.654,0.81,0.0,0.6,0.9747
4-Methyldecane,CCCCCCC(C)CCC,0.0,0.0,0.0,0.0,1.6585
β-Acoradiene,C=C(C)[C@@H]1CC[C@@H](C)[C@@]12CC=C(C)CC2,0.802,0.26,0.0,0.28,1.9189
Pentyl methacrylate,C=C(C)C(=O)OCCCCC,0.163,0.49,0.0,0.45,1.4081
Diisononyl phthalate,CC(C)CCCCCCOC(=O)c1ccccc1C(=O)OCCCCCCC(C)C,0.63,1.27,0.0,1.02,3.6832
2-Pyridinepropanol,OCCCc1ccccn1,0.82,1.12,0.16,1.09,1.1567
"1,2-Epoxycyclohexane",C1CCC2OC2C1,0.419,1.09,0.09,0.28,0.7955
b-Thujene,CC1C=CC2(C(C)C)CC12,0.376,0.21,0.0,0.2,1.2574
Cinoxacin,CCn1nc(C(=O)O)c(=O)c2cc3c(cc21)OCO3,2.1,1.85,0.57,1.4,1.7087
α-Thujene,CC1=CCC2(C(C)C)CC12,0.376,0.21,0.0,0.2,1.2574
Methyl cyclopropanecarboxylate,COC(=O)C1CC1,0.283,0.92,0.0,0.43,0.7789
Tridecylamine,CCCCCCCCCCCCCN,0.17,0.35,0.16,0.61,2.0401
"1,3-Dimethyl-2-ethylbenzene",CCc1c(C)cccc1C,0.757,0.6,0.0,0.19,1.28
1-Hexylnaphthalene,CCCCCCc1cccc2ccccc12,1.29,0.74,0.0,0.27,1.9308
Cyclopentane,C1CCCC1,0.263,0.1,0.0,0.0,0.7045
Oxazole,c1cocn1,0.418,0.7,0.0,0.42,0.4952
Thiazole,c1cscn1,0.706,0.93,0.0,0.43,0.6
Tetrazole,c1nnn[nH]1,0.59,1.04,0.63,0.55,0.4541
Triazolam,Cc1nnc2n1-c1ccc(Cl)cc1C(c1ccccc1Cl)=NC2,2.64,2.05,0.0,1.65,2.3265
Propylisopentylsulfide,CCCSCCC(C)C,0.323,0.37,0.0,0.38,1.3993
Delorazepam,O=C1CN=C(c2ccccc2Cl)c2cc(Cl)ccc2N1,2.31,1.4,0.33,1.32,2.0554
Z-β-Farnesene,C=CC(=C)CC/C=C(\C)CCC=C(C)C,0.711,0.36,0.0,0.46,2.0501
Pyridazine,c1ccnnc1,0.67,1.38,0.0,0.62,0.6342
medazepam,CN1CCN=C(c2ccccc2)c2cc(Cl)ccc21,1.898,1.77,0.0,0.89,2.0582
Alprazolam,Cc1nnc2n1-c1ccc(Cl)cc1C(c1ccccc1)=NC2,2.896,2.35,0.0,1.59,2.2041
2-Benzylphenol,Oc1ccccc1Cc1ccccc1,1.437,1.38,0.52,0.5,1.5238
Pyrimidine,c1cncnc1,0.606,0.93,0.0,0.67,0.6342
Pyrazine,c1cnccn1,0.629,0.82,0.0,0.64,0.6342
"Methyl 2,3-dichlorobenzoate",COC(=O)c1cccc(Cl)c1Cl,1.01,1.32,0.0,0.37,1.3174
"Methyl 3,5-dichlorobenzoate",COC(=O)c1cc(Cl)cc(Cl)c1,0.99,0.94,0.0,0.33,1.3174
"Methyl 3,4-dichlorobenzoate",COC(=O)c1ccc(Cl)c(Cl)c1,0.99,1.02,0.0,0.35,1.3174
"Methyl 2,5-dichlorobenzoate",COC(=O)c1cc(Cl)ccc1Cl,1.01,1.29,0.0,0.37,1.3174
Octachlorostyrene,ClC(Cl)=C(Cl)c1c(Cl)c(Cl)c(Cl)c(Cl)c1Cl,1.8,1.15,0.0,0.0,1.9344
Atenolol,CC(C)NCC(O)COc1ccc(CC(N)=O)cc1,1.45,1.9,0.62,2.03,2.1763
Dodecyl benzoate,CCCCCCCCCCCCOC(=O)c1ccccc1,0.627,0.78,0.0,0.46,2.6225
"2,2-Dimethyl-1,3-dioxolane",CC1(C)OCCO1,0.182,0.56,0.0,0.65,0.8219
Cyclobutanol,OC1CCC1,0.38,0.54,0.27,0.57,0.6223
Melengestrol acetate,C=C1CC2C3C=C(C)C4=CC(=O)CCC4(C)C3CCC2(C)C1(OC(C)=O)C(C)=O,1.9,2.86,0.0,1.75,3.1735
Chlorpyrifos,CCOP(=S)(OCC)Oc1nc(Cl)c(Cl)cc1Cl,1.59,0.92,0.0,1.01,2.1503
Heptadecan-2-one,CCCCCCCCCCCCCCCC(C)=O,0.093,0.68,0.0,0.51,2.5196
Cyclooctane,C1CCCCCCC1,0.409,0.1,0.0,0.0,1.1272
Triethylthiourea,CCNC(=S)N(CC)CC,0.87,0.97,0.13,1.07,1.415
sec.-Pentylbenzene,CCCC(C)c1ccccc1,0.603,0.48,0.0,0.16,1.4209
Toliprolol,Cc1cccc(OCC(O)CNC(C)C)c1,1.05,1.16,0.15,1.4,1.9199
"Hexane-2,5-diol",CC(O)CCC(C)O,0.354,0.9,0.72,0.9,1.0714
Cyclononane,C1CCCCCCCC1,0.432,0.1,0.0,0.0,1.2681
Cyclodecane,C1CCCCCCCCC1,0.474,0.1,0.0,0.0,1.409
Cycloundecane,C1CCCCCCCCCC1,0.517,0.1,0.0,0.0,1.5499
2-Isobutylpyrazine,CC(C)Cc1cnccn1,0.62,0.87,0.0,0.65,1.1978
2-Phenylpyrazine,c1ccc(-c2cnccn2)cc1,1.38,1.16,0.0,0.67,1.242
Cyclododecane,C1CCCCCCCCCCC1,0.559,0.1,0.0,0.0,1.6908
12-Crown-4,C1COCCOCCOCCO1,0.42,0.99,0.0,1.39,1.362
Cyclotetradecane,C1CCCCCCCCCCCCC1,0.644,0.1,0.0,0.0,1.9726
Cycloundecanemethanol,OCC1CCCCCCCCCC1,0.49,0.81,0.31,0.44,1.7495
prazepam,O=C1CN=C(c2ccccc2)c2cc(Cl)ccc2N1CC1CC1,2.486,1.9,0.0,1.29,2.388
"N-Phenyl-3,5-dinitrobenzohydroxamic acid",O=C(c1cc([N+](=O)[O-])cc([N+](=O)[O-])c1)N(O)c1ccccc1,2.24,2.23,0.32,1.23,1.9877
3-Chloro-4-bromonitrobenzene,O=[N+]([O-])c1ccc(Br)c(Cl)c1,1.33,1.37,0.0,0.17,1.188
3-Bromo-4-hydroxybenzaldehyde,O=Cc1ccc(O)c(Br)c1,1.462,1.31,0.54,0.56,1.1067
PCB 13,Clc1ccc(-c2cccc(Cl)c2)cc1,1.65,1.18,0.0,0.16,1.569
PCB 12,Clc1ccc(-c2ccccc2)cc1Cl,1.65,1.18,0.0,0.16,1.569
4-(1-Adamantyl)phenol,Oc1ccc(C23CC4CC(CC(C4)C2)C3)cc1,1.46,1.56,0.52,0.44,1.8583
Parathion-methyl,COP(=S)(OC)Oc1ccc([N+](=O)[O-])cc1,1.44,1.2,0.0,0.96,1.7166
Disulfoton,CCOP(=S)(OCC)SCCSCC,1.25,0.86,0.0,1.03,2.0483
Ethyl 2-ethylhexanoate,CCCCC(CC)C(=O)OCC,0.054,0.53,0.0,0.5,1.592
Ethyl 2-ethylbutanoate,CCOC(=O)C(CC)CC,0.08,0.49,0.0,0.47,1.3102
Z-α-Bisabolene,CC(C)=CC/C=C(/C)C1CC=C(C)CC1,0.668,0.35,0.0,0.39,1.9845
"Z-Cadina-1(2),4-diene",CC1=CC2C(=CC1)[C@@H](C)CCC2C(C)C,0.823,0.25,0.0,0.36,1.9189
"2,3-Dimethylpent-1-ene",C=C(C)C(C)CC,0.115,0.09,0.0,0.11,1.0519
Carbamazepine,NC(=O)N1c2ccccc2C=Cc2ccccc21,2.154,1.9,0.5,1.15,1.8106
4-Decylphenol,CCCCCCCCCCc1ccc(O)cc1,0.767,0.87,0.55,0.35,2.1841
Cinnarizine,C(=Cc1ccccc1)CN1CCN(C(c2ccccc2)c2ccccc2)CC1,2.43,2.15,0.0,1.5,3.1072
"3,3-Dimethylbutanal",CC(C)(C)CC=O,0.14,0.59,0.0,0.46,0.9697
γ-Elemene,C=C[C@@]1(C)CCC(=C(C)C)C[C@@H]1C(=C)C,0.714,0.38,0.0,0.33,1.9845
m-Bromophenylurea,NC(=O)Nc1cccc(Br)c1,1.283,1.63,0.82,0.52,1.2476
"2,5-Difluorobenzoic acid",O=C(O)c1cc(F)ccc1F,0.689,0.82,0.74,0.4,0.9671
ephedrine,CNC(C)C(O)c1ccccc1,0.916,0.74,0.21,1.21,1.4385
"Perfluoro-1,2-dimethylcyclobutane",FC(F)(F)C1(F)C(F)(F)C(F)(F)C1(F)C(F)(F)F,-0.909,-0.75,0.0,0.08,1.0578
Estazolam,Clc1ccc2c(c1)C(c1ccccc1)=NCc1nncn1-2,2.57,2.77,0.0,1.24,2.0632
Pentyl acrylate,C=CC(=O)OCCCCC,0.17,0.62,0.0,0.42,1.2672
Fenchlorphos,COP(=S)(OC)Oc1cc(Cl)c(Cl)cc1Cl,1.55,1.07,0.0,0.56,1.9096
Pentaerythritol spirobis(methylphosphonate),CP1(=O)OCC2(CO1)COP(C)(=O)OC2,0.39,1.69,0.0,1.95,1.6391
y-Muurolene,C=C1CC[C@@H](C(C)C)[C@@H]2C=C(C)CC[C@H]12,0.802,0.26,0.0,0.34,1.9189
"Hexan-2,4-dione",CCC(=O)CC(C)=O,0.41,0.7,0.07,0.63,0.9854
Allylbenzene,C=CCc1ccccc1,0.717,0.6,0.0,0.22,1.0961
Amphetamine,CC(N)Cc1ccccc1,0.795,0.75,0.16,0.79,1.2389
a-Hydroxy-p-toluic acid,O=C(O)c1ccc(CO)cc1,0.95,1.03,1.2,0.82,1.1313
N-Octylaniline,CCCCCCCCNc1ccccc1,0.85,0.85,0.17,0.43,1.9434
Ethyl 1-naphthoate,CCOC(=O)c1cccc2ccccc12,1.418,1.25,0.0,0.52,1.5825
3-Hydroxybutanoic acid,CC(O)CC(=O)O,0.386,1.42,0.88,0.73,0.8053
Diethylaminoacetonitrile,CCN(CC)CC#N,0.238,0.89,0.0,0.79,1.0676
"Methyl 9,12,15-octadecatrienoate",CCC=CCC=CCC=CCCCCCCCC(=O)OC,0.411,0.75,0.0,0.83,2.7311
Hydrazine,NN,0.514,1.21,0.39,0.71,0.3082
Chloral hydrate,OC(O)C(Cl)(Cl)Cl,0.814,0.96,0.59,0.56,0.875
Phyt-1-ene,C=CC(C)CCCC(C)CCCC(C)CCCC(C)C,0.01,0.1,0.0,0.1,2.8836
Tretinoin,CC(C=CC1=C(C)CCCC1(C)C)=CC=CC(C)=CC(=O)O,1.2,1.35,0.6,0.85,2.6774
"Hex-3-yne-2,5-diol",CC(O)C#CC(C)O,0.499,0.83,0.95,0.98,0.9854
Methenolone enanthate,CCCCCCC(=O)OC1CCC2C3CCC4CC(=O)C=C(C)C4(C)C3CCC12C,1.37,2.65,0.0,1.15,3.5256
Clomipramine,CN(C)CCCN1c2ccccc2CCc2ccc(Cl)cc21,1.789,2.05,0.0,0.9,2.5239
Cyclobenzaprine,CN(C)CCC=C1c2ccccc2C=Cc2ccccc21,2.25,1.85,0.0,1.08,2.3566
"2-Methylpenta-2,3-diene",CC=C=C(C)C,0.33,0.23,0.0,0.1,0.868
N-Phenylbenzohydroxamic acid,O=C(c1ccccc1)N(O)c1ccccc1,1.71,1.28,0.32,1.08,1.6393
Chlorambucil,O=C(O)CCCc1ccc(N(CCCl)CCCl)cc1,1.53,2.14,0.55,1.0,2.2626
Zidovudine,Cc1cn([C@H]2C[C@H](N=[N+]=[N-])[C@@H](CO)O2)c(=O)[nH]c1=O,1.83,1.5,0.51,1.85,1.8192
N-Nitrosomethylisopropylamine,CC(C)N(C)N=O,0.36,1.02,0.0,0.63,0.8875
Acephate,COP(=O)(NC(C)=O)SC,0.505,1.42,0.45,1.33,1.2732
3(4-Bromophenyl)-1-methyl-1-methoxyurea,CON(C)C(=O)Nc1ccc(Br)cc1,1.39,1.62,0.36,0.81,1.5881
"3-Hydroxy-1,2-dimethyl-1,4-dihydropyridin-4-one",Cc1c(O)c(=O)ccn1C,0.983,1.12,0.23,1.2,1.0745
1-Ethyl-2-methyl-3-hydroxypyridin-4-one,CCn1ccc(=O)c(O)c1C,0.932,1.31,0.1,1.31,1.2154
1-Propyl-2-methyl-3-hydroxypyridin-4-one,CCCn1ccc(=O)c(O)c1C,0.927,1.31,0.1,1.21,1.3563
4-Aminobutylguanidine,NCCCCN=C(N)N,0.88,0.8,0.76,1.59,1.1693
Propyl decanoate,CCCCCCCCCC(=O)OCCC,0.005,0.56,0.0,0.45,2.0147
"2,2-dichloro-1,1,1-trifluroethane",FC(F)(F)C(Cl)Cl,-0.086,0.34,0.21,0.0,0.6883
b-Butyrolactone,CC1CC(=O)O1,0.303,1.21,0.0,0.46,0.638
"Hepta-1,6-diene",C=CCCCC=C,0.189,0.2,0.0,0.1,1.0089
Octadecafluorooctane,FC(F)(F)C(F)(F)C(F)(F)C(F)(F)C(F)(F)C(F)(F)C(F)(F)C(F)(F)F,-1.13,-1.45,0.0,0.42,1.5544
"1,1,3-Trimethylcyclohexane",CC1CCCC(C)(C)C1,0.206,0.08,0.0,0.0,1.2681
Propylbutylether,CCCCOCCC,0.004,0.25,0.0,0.45,1.1536
"2,3-Dimethylheptane",CCCCC(C)C(C)C,0.0,0.0,0.0,0.0,1.3767
2-Methyl-4-ethylhexane,CCC(CC)CC(C)C,0.0,0.0,0.0,0.0,1.3767
3-Methyl-3-ethylhexane,CCCC(C)(CC)CC,0.0,0.0,0.0,0.0,1.3767
3-Methyl-4-ethylhexane,CCC(C)C(CC)CC,0.0,0.0,0.0,0.0,1.3767
"Phenanthro[4,5-bcd]thiophene",c1cc2ccc3cccc4sc(c1)c2c34,2.43,1.4,0.0,0.23,1.5093
p-Methylformanilide,Cc1ccc(NC=O)cc1,0.97,1.4,0.5,0.52,1.1137
Halcinonide,CC1(C)OC2CC3C4CCC5=CC(=O)CCC5(C)C4(F)C(O)CC3(C)C2(C(=O)CCl)O1,2.32,3.74,0.25,1.9,3.2518
Tris(o-phenylenedioxy)cyclophosphazene,c1ccc2c(c1)OP1(=NP3(=NP4(=N1)Oc1ccccc1O4)Oc1ccccc1O3)O2,2.77,2.76,0.0,1.63,2.763
Mannose,OCC1OC(O)C(O)C(O)C1O,1.34,1.72,1.3,1.79,1.1976
Methyl phenyl sulfone,CS(=O)(=O)c1ccccc1,1.08,1.85,0.0,0.77,1.1382
3-Methyl-4-nitrobenzoic acid,Cc1cc(C(=O)O)ccc1[N+](=O)[O-],0.99,1.18,0.66,0.55,1.2468
Paraoxon-ethyl,CCOP(=O)(OCC)Oc1ccc([N+](=O)[O-])cc1,1.11,1.72,0.0,1.2,1.8936
"1,4-Diaminocyclohexane",NC1CCC(N)CC1,0.55,0.95,0.38,1.16,1.045
Dicloxacillin,Cc1onc(-c2c(Cl)cccc2Cl)c1C(=O)NC1C(=O)N2C1SC(C)(C)C2C(=O)O,3.505,2.52,0.54,2.28,3.0085
3-Cyanobenzenesulfonamide,N#Cc1cccc(S(N)(=O)=O)c1,1.26,1.92,0.69,0.95,1.2518
4-Cyanobenzenesulfonamide,N#Cc1ccc(S(N)(=O)=O)cc1,1.26,1.97,0.74,0.95,1.2518
4-Propionyl-1-phenyl-3-methyl-5-pyrazolone,CCC(=O)C1C(=O)N(c2ccccc2)N=C1C,1.54,1.35,0.0,1.1,1.7821
Methoxyethyl acrylate,C=CC(=O)OCCOC,0.249,0.8,0.0,0.8,1.0441
1-Naphthyl butanoate,CCCC(=O)Oc1cccc2ccccc12,1.307,1.5,0.0,0.59,1.7234
1-Naphthyl propanoate,CCC(=O)Oc1cccc2ccccc12,1.35,1.5,0.0,0.59,1.5825
2-Trifluoromethylbenzimidazole,FC(F)(F)c1nc2ccccc2[nH]1,1.0,0.9,0.45,0.36,1.0993
Testosterone formate,C[C@]12CC[C@H]3[C@@H](CCC4=CC(=O)CC[C@@]43C)[C@@H]1CC[C@@H]2OC=O,1.5,2.45,0.0,1.16,2.5393
Testosterone pentanoate,CCCCC(=O)O[C@H]1CC[C@H]2[C@@H]3CCC4=CC(=O)CC[C@]4(C)[C@H]3CC[C@]12C,1.45,2.28,0.0,1.35,3.1029
Desmosterol,CC(C)=CCCC(C)C1CCC2C3CC=C4CC(O)CCC4(C)C3CCC12C,1.52,1.27,0.32,0.73,3.4512
1-Methyldibenzothiophene,Cc1cccc2sc3ccccc3c12,1.95,1.18,0.0,0.2,1.52
"1,2-Dimethyldibenzothiophene",Cc1ccc2sc3ccccc3c2c1C,1.96,1.18,0.0,0.22,1.6609
"1,3-Dimethyldibenzothiophene",Cc1cc(C)c2c(c1)sc1ccccc12,1.96,1.18,0.0,0.21,1.6609
"2,3-Dimethyldibenzothiophene",Cc1cc2sc3ccccc3c2cc1C,1.96,1.18,0.0,0.22,1.6609
"3,8-Dimethyldibenzothiophene",Cc1ccc2c(c1)sc1ccc(C)cc12,1.96,1.18,0.0,0.21,1.6609
3-Bromobenzaldehyde,O=Cc1cccc(Br)c1,1.111,1.14,0.0,0.37,1.048
Dipentyl hydrogen phosphate,CCCCCOP(=O)(O)OCCCCC,0.058,0.66,0.96,1.09,1.957
Dinonyl hydrogen phosphate,CCCCCCCCCOP(=O)(O)OCCCCCCCCC,0.01,0.18,0.96,1.11,3.0842
Bromacil,CCC(C)n1c(=O)[nH]c(C)c(Br)c1=O,1.33,1.35,0.35,1.06,1.6311
2-Methoxypyrazine,COc1cnccn1,0.727,0.85,0.0,0.55,0.8338
cis-3-Hexenyl hexanoate,CCC=CCCOC(=O)CCCCC,0.128,0.56,0.0,0.45,1.8308
PCB 118,Clc1ccc(-c2cc(Cl)c(Cl)cc2Cl)cc1Cl,2.06,1.59,0.0,0.11,1.9362
Testosterone enanthate,CCCCCCC(=O)OC1CCC2C3CCC4=CC(=O)CCC4(C)C3CCC12C,1.45,2.28,0.0,1.35,3.3847
2-Fluoropyrimidine,Fc1ncccn1,0.47,0.72,0.0,0.57,0.6519
"1,3,5,8-PCN",Clc1cc(Cl)c2c(Cl)ccc(Cl)c2c1,1.81,1.18,0.0,0.0,1.575
"3,6-Dimethyldibenzothiophene",Cc1ccc2c(c1)sc1c(C)cccc12,1.96,1.18,0.0,0.21,1.6609
"1,2-Di-n-propylbenzene",CCCc1ccccc1CCC,0.665,0.53,0.0,0.18,1.5618
"1‐bromo‐1‐chloro‐2‐(difluoromethoxy)‐1,2,2‐trifluoroethane",FC(F)OC(F)(F)C(F)(Cl)Br,0.092,0.28,0.0,0.08,0.9759
tert-butylcyclohexane,CC(C)(C)C1CCCCC1,0.3,0.1,0.0,0.1,1.409
4-Propylheptane,CCCC(CCC)CCC,0.0,0.0,0.0,0.0,1.5176
Decyl methacrylate,C=C(C)C(=O)OCCCCCCCCCC,0.136,0.49,0.0,0.45,2.1126
3-Dimethylaminopropan-1-ol,CN(C)CCCO,0.314,0.6,0.5,1.0,0.9716
2-n-Butylphenol,CCCCc1ccccc1O,0.806,0.84,0.52,0.37,1.3387
Mexiletine,Cc1cccc(C)c1OCC(C)N,0.85,1.15,0.17,0.94,1.5794
Butylferrocene,CCCCc1cc[cH-]c1.[Fe+2].c1cc[cH-]c1,1.373,0.89,0.0,0.25,1.6845
alpha-Hexachlorocyclohexane,Cl[C@H]1[C@H](Cl)[C@@H](Cl)[C@H](Cl)[C@H](Cl)[C@H]1Cl,1.45,0.73,0.0,0.71,1.5798
beta-Hexachlorocyclohexane,Cl[C@H]1[C@H](Cl)[C@@H](Cl)[C@H](Cl)[C@@H](Cl)[C@@H]1Cl,1.45,0.88,0.0,0.69,1.5798
delta-Hexachlorocyclohexane,Cl[C@H]1[C@H](Cl)[C@@H](Cl)[C@H](Cl)[C@@H](Cl)[C@H]1Cl,1.45,0.94,0.0,0.63,1.5798
Non-2-en-4-one,CC=CC(=O)CCCCC,0.28,0.75,0.0,0.57,1.3494
2-Ethylfuran,CCc1ccco1,0.361,0.49,0.0,0.15,0.8181
"2,3-Dichloronitrobenzene",O=[N+]([O-])c1cccc(Cl)c1Cl,1.168,1.56,0.0,0.11,1.1354
5-Chlorosalicylic acid,O=C(O)c1cc(Cl)ccc1O,1.18,0.98,0.75,0.29,1.1128
2-Fluoroanisole,COc1ccccc1F,0.6,0.79,0.0,0.29,0.9337
1-Fluoronaphthalene,Fc1cccc2ccccc12,1.144,0.97,0.0,0.13,1.1031
b-Elemol,C=CC1(C)CCC(C(C)(C)O)CC1C(=C)C,0.785,0.46,0.31,0.65,2.0862
2-Fluorobiphenyl,Fc1ccccc1-c1ccccc1,1.25,0.95,0.0,0.22,1.3419
Tacrine,Nc1c2c(nc3ccccc13)CCCC2,1.98,1.44,0.23,0.73,1.5991
6-Bromododecane,CCCCCCC(Br)CCCCC,0.29,0.35,0.0,0.14,1.9744
2-methyloctane,CCCCCCC(C)C,0.0,0.0,0.0,0.0,1.3767
"2,3,4,6-Tetramethylphenol",Cc1cc(C)c(O)c(C)c1C,0.86,0.8,0.38,0.44,1.3387
"7,8-Dihydroxyisoflavone",O=c1c(-c2ccccc2)coc2c(O)c(O)ccc12,2.09,2.0,0.88,1.09,1.7871
trans-Undec-9-en-1-al,CC=CCCCCCCCC=O,0.236,0.7,0.0,0.51,1.6312
PCB 66,Clc1ccc(-c2ccc(Cl)c(Cl)c2)c(Cl)c1,1.91,1.46,0.0,0.13,1.8138
PCB 70,Clc1ccc(Cl)c(-c2ccc(Cl)c(Cl)c2)c1,1.89,1.46,0.0,0.13,1.8138
PCB 75,Clc1ccc(-c2c(Cl)cc(Cl)cc2Cl)cc1,1.88,1.48,0.0,0.15,1.8138
PCB 77,Clc1ccc(-c2ccc(Cl)c(Cl)c2)cc1Cl,1.94,1.44,0.0,0.11,1.8138
PCB 105,Clc1ccc(-c2ccc(Cl)c(Cl)c2Cl)cc1Cl,2.04,1.59,0.0,0.11,1.9362
"1,1,1-Trifluorobenzoylacetone",O=C(CC(=O)C(F)(F)F)c1ccccc1,0.72,0.79,0.0,0.76,1.3645
Methional,CSCCC=O,0.546,0.94,0.0,0.66,0.8514
PCB 74,Clc1ccc(-c2cc(Cl)c(Cl)cc2Cl)cc1,1.91,1.46,0.0,0.13,1.8138
Thenoyltrifluoroacetone,O=C(CC(=O)C(F)(F)F)c1cccs1,0.517,0.74,0.06,0.86,1.2892
2-Trifluoromethyl-5-nitrozimidazole,O=[N+]([O-])c1ccc2[nH]c(C(F)(F)F)nc2c1,1.27,1.76,0.3,0.63,1.2735
2-Methyl-3-ethoxypyrazine,CCOc1nccnc1C,0.65,0.76,0.0,0.62,1.1156
2-Propylhexanoic acid,CCCCC(CCC)C(=O)O,0.18,0.6,0.61,0.45,1.4511
"2,3-Dimethylpentanal",CCC(C)C(C)C=O,0.135,0.6,0.0,0.43,1.1106
"2,3-Dichlorotoluene",Cc1cccc(Cl)c1Cl,0.921,0.78,0.0,0.03,1.1021
PCB 169,Clc1cc(-c2cc(Cl)c(Cl)c(Cl)c2)cc(Cl)c1Cl,2.21,1.7,0.0,0.07,2.0586
"1,1-Dichloro-1-(difluoromethoxy)-2,2,2-trifluoroethane",FC(F)OC(Cl)(Cl)C(F)(F)F,-0.096,0.14,0.0,0.11,0.9233
"2-Chloro-2-[chloro(difluoro)methoxy]-1,1,1-trifluoroethane",FC(F)(Cl)OC(Cl)C(F)(F)F,-0.096,0.11,0.0,0.09,0.9233
"1-Bromo-2,2,2-trifluoroethyl difluoromethyl ether",FC(F)OC(Br)C(F)(F)F,-0.048,0.42,0.1,0.1,0.8535
"1‐chloro‐2‐(difluoromethoxy)‐1,1,2,2‐tetrafluoroethane",FC(F)OC(F)(F)C(F)(F)Cl,-0.334,0.1,0.0,0.03,0.8186
Chlorogenic acid,O=C(C=Cc1ccc(O)c(O)c1)OC1CC(O)(C(=O)O)CC(O)C1O,2.13,2.61,2.08,2.49,2.4161
4-tert-Butylnitrobenzene,CC(C)(C)c1ccc([N+](=O)[O-])cc1,0.88,1.04,0.0,0.33,1.4542
Rimiterol,Oc1ccc(C(O)C2CCCCN2)cc1O,1.56,1.49,1.28,1.58,1.7291
trans-Hydrindane,C1CC[C@@H]2CCC[C@H]2C1,0.439,0.2,0.0,0.0,1.1595
Tobramycin,NCC1OC(OC2C(N)CC(N)C(OC3OC(CO)C(O)C(N)C3O)C2O)C(N)CC1O,3.0,2.94,1.99,3.95,3.3463
4-Trifluoromethoxybenzoic acid,O=C(O)c1ccc(OC(F)(F)F)cc1,0.3,0.75,0.64,0.25,1.1844
6-Carboxyfluorescein,O=C(O)c1ccc2c(c1)C(=O)OC21c2ccc(O)cc2Oc2cc(O)ccc21,2.87,3.91,2.01,1.29,2.4624
"2-(Chlorodifluoromethoxy)-1,1,1-trifluoroethane",FC(F)(F)COC(F)(F)Cl,-0.236,0.15,0.0,0.04,0.8009
PCB 60,Clc1ccc(-c2ccc(Cl)c(Cl)c2Cl)cc1,1.91,1.46,0.0,0.13,1.8138
"m-Fluoro-1-phenyl-3,3-dimethylurea",CN(C)C(=O)Nc1cccc(F)c1,1.02,1.48,0.38,0.86,1.3721
diuron,CN(C)C(=O)Nc1ccc(Cl)c(Cl)c1,1.28,1.6,0.57,0.7,1.5992
linuron,CON(C)C(=O)Nc1ccc(Cl)c(Cl)c1,1.46,1.22,0.33,0.8,1.6579
PCB 197,Clc1cc(Cl)c(-c2c(Cl)cc(Cl)c(Cl)c2Cl)c(Cl)c1Cl,2.42,2.0,0.0,0.06,2.3034
15-Crown-5,C1COCCOCCOCCOCCO1,0.411,1.2,0.0,1.75,1.7025
Thiothixene,CN1CCN(CCC=C2c3ccccc3Sc3ccc(S(=O)(=O)N(C)C)cc32)CC1,2.94,2.35,0.0,2.4,3.3577
"3,4-Dihydroxycinnamic acid",O=C(O)C=Cc1ccc(O)c(O)c1,1.5,1.55,1.36,0.9,1.2879
Endosulfan II,O=S1OC[C@@H]2[C@H](CO1)[C@@]1(Cl)C(Cl)=C(Cl)[C@]2(Cl)C1(Cl)Cl,2.23,0.94,0.0,1.03,2.0819
4-Pentylaniline,CCCCCc1ccc(N)cc1,0.913,0.89,0.23,0.45,1.5207
4-Hexylaniline,CCCCCCc1ccc(N)cc1,0.912,0.9,0.23,0.45,1.6616
N-o-Tolyl-2-methylbenzohydroxamic acid,Cc1ccccc1C(=O)N(O)c1ccccc1C,1.71,1.2,0.4,1.09,1.9211
PCB 7,Clc1ccc(-c2ccccc2)c(Cl)c1,1.62,1.2,0.0,0.18,1.569
PCB 80,Clc1cc(Cl)cc(-c2cc(Cl)cc(Cl)c2)c1,1.96,1.44,0.0,0.11,1.8138
PCB 61,Clc1cc(-c2ccccc2)c(Cl)c(Cl)c1Cl,1.92,1.46,0.0,0.13,1.8138
PCB 65,Clc1cc(Cl)c(Cl)c(-c2ccccc2)c1Cl,1.89,1.48,0.0,0.15,1.8138
"bis(2,2,2-triﬂuoroethyl)ether",FC(F)(F)COCC(F)(F)F,-0.472,0.12,0.07,0.32,0.8371
5-Propyl-5-ethyl barbituric acid,CCCC1(CC)C(=O)NC(=O)NC1=O,1.03,1.13,0.59,1.18,1.5148
Z-β-Ocimene,C=C/C(C)=C/CC=C(C)C,0.581,0.29,0.0,0.31,1.3886
β-Fenchene,CC1(C)C[C@@]2(C)C=C[C@@H]1C2,0.451,0.2,0.0,0.17,1.2574
Decanoic acid,CCCCCCCCCC(=O)O,0.124,0.64,0.62,0.45,1.592
1-Fluorodecane,CCCCCCCCCCF,-0.034,0.35,0.0,0.15,1.5353
cis-3-Hexenyl formate,CCC=CCCOC=O,0.222,0.66,0.0,0.45,1.1263
cis-3-Hexenyl propanoate,CCC=CCCOC(=O)CC,0.175,0.57,0.0,0.45,1.4081
trans-Hept-2-ene-1-ol,CCCC/C=C/CO,0.32,0.53,0.35,0.53,1.1106
1-Fluorododecane,CCCCCCCCCCCCF,-0.04,0.35,0.0,0.15,1.8171
Cyclononanone,O=C1CCCCCCCC1,0.49,0.86,0.0,0.56,1.2838
1-Methylchrysene,Cc1cccc2c1ccc1c3ccccc3ccc21,3.027,1.73,0.0,0.36,1.9643
4-Methylchrysene,Cc1cccc2ccc3c4ccccc4ccc3c12,3.027,1.73,0.0,0.36,1.9643
3-Methylchrysene,Cc1ccc2ccc3c4ccccc4ccc3c2c1,3.027,1.73,0.0,0.36,1.9643
2-Methylchrysene,Cc1ccc2c(ccc3c4ccccc4ccc23)c1,3.027,1.73,0.0,0.36,1.9643
"1,4-Dibromooctafluorobutane",FC(F)(Br)C(F)(F)C(F)(F)C(F)(F)Br,-0.131,-0.03,0.0,0.04,1.1638
Perfluoroheptane,FC(F)(F)C(F)(F)C(F)(F)C(F)(F)C(F)(F)C(F)(F)C(F)(F)F,-1.04,-1.24,0.0,0.35,1.3781
"1H,1H,7H-Dodecafluoro-1-heptanol",OCC(F)(F)C(F)(F)C(F)(F)C(F)(F)C(F)(F)C(F)F,-0.78,0.68,0.61,0.15,1.366
4-Phenyl-1-butanol,OCCCCc1ccccc1,0.811,0.9,0.33,0.7,1.3387
E-Pinane,C[C@@H]1CC[C@@H]2C[C@H]1C2(C)C,0.421,0.12,0.0,0.13,1.3004
Clotiazepam,CCc1cc2c(s1)N(C)C(=O)CN=C2c1ccccc1Cl,2.07,1.53,0.0,1.4,2.2804
Terbumeton,CCNc1nc(NC(C)(C)C)nc(OC)n1,1.07,1.1,0.22,1.02,1.8377
"3,5-Dichloroanisole",COc1cc(Cl)cc(Cl)c1,0.94,0.87,0.0,0.18,1.1608
Flunisolide,CC1(C)OC2CC3C4CC(F)C5=CC(=O)C=CC5(C)C4C(O)CC3(C)C2(C(=O)CO)O1,2.2,2.56,0.4,2.35,3.1451
"1,3-Diaminocyclohexane",NC1CCCC(N)C1,0.55,0.95,0.38,1.16,1.045
ProstaglandinF2 methylester,CCCCCC(O)C=CC1C(O)CC(O)C1CC=CCCCC(=O)OC,1.44,2.12,0.76,2.18,3.1234
1-Chlorooctadecane,CCCCCCCCCCCCCCCCCCCl,0.17,0.43,0.0,0.1,2.7672
"1,1-Difluoro-2-chloroethane",FC(F)CCl,-0.08,0.87,0.09,0.04,0.5482
Sabinene,C=C1CCC2(C(C)C)CC12,0.457,0.23,0.0,0.18,1.2574
Oct-1-en-3-ol,C=CC(O)CCCCC,0.26,0.39,0.35,0.62,1.2515
2-(Methylsulfonyl)benzoic acid,CS(=O)(=O)c1ccccc1C(=O)O,1.06,1.78,0.77,0.96,1.3535
4-(Methylsulfinyl)benzoic acid,CS(=O)c1ccc(C(=O)O)cc1,1.29,1.7,0.66,1.13,1.2948
Pentyl trichloroacetate,CCCCCOC(=O)C(Cl)(Cl)Cl,0.298,0.72,0.0,0.35,1.5365
PCB 155,Clc1cc(Cl)c(-c2c(Cl)cc(Cl)cc2Cl)c(Cl)c1,2.12,1.74,0.0,0.11,2.0586
N-Nitrosoethyl-t-butylamine,CCN(N=O)C(C)(C)C,0.32,0.96,0.0,0.74,1.1693
Cyclopentanecarboxylic acid,O=C(O)C1CCCC1,0.408,0.88,0.55,0.41,0.9198
Sudoxicam,CN1C(C(=O)Nc2nccs2)=C(O)c2ccccc2S1(=O)=O,2.58,3.04,0.7,1.45,2.1747
3-Methylhex-1-ene,C=CC(C)CCC,0.085,0.07,0.0,0.07,1.0519
cis-3-Methylhex-3-ene,CCC=C(C)CC,0.137,0.07,0.0,0.07,1.0519
2-Ethylpent-1-ene,C=C(CC)CCC,0.125,0.07,0.0,0.09,1.0519
"3,3-Dimethylpent-1-ene",C=CC(C)(C)CC,0.088,0.06,0.0,0.1,1.0519
Testosterone butanoate,CCCC(=O)O[C@H]1CC[C@H]2[C@@H]3CCC4=CC(=O)CC[C@]4(C)[C@H]3CC[C@]12C,1.45,2.28,0.0,1.35,2.962
isoproturon,CC(C)c1ccc(NC(=O)N(C)C)cc1,1.197,1.79,0.46,0.93,1.7771
3-Ethylbenzaldehyde,CCc1cccc(C=O)c1,0.85,0.96,0.0,0.42,1.1548
"DDE, 2,4-",ClC(Cl)=C(c1ccc(Cl)cc1)c1ccccc1Cl,1.9,1.5,0.0,0.18,2.0526
Methyl 5-pyrimidinecarboxylate,COC(=O)c1cncnc1,0.73,1.62,0.0,0.73,0.9904
Methyl 2-pyrimidinecarboxylate,COC(=O)c1ncccn1,0.73,1.68,0.0,0.93,0.9904
acetochlor,CCOCN(C(=O)CCl)c1c(C)cccc1CC,1.16,1.3,0.0,1.3,2.1402
"2,3,5-Trichloronitrobenzene",O=[N+]([O-])c1cc(Cl)cc(Cl)c1Cl,1.32,1.34,0.0,0.16,1.2578
"1,4,5,8-PCN",Clc1ccc(Cl)c2c(Cl)ccc(Cl)c12,1.81,1.18,0.0,0.0,1.575
4-Methylpyrimidine,Cc1ccncn1,0.595,0.95,0.0,0.7,0.7751
4-Phenylpyrimidine,c1ccc(-c2ccncn2)cc1,1.25,1.39,0.0,0.62,1.242
2-Methylpyrene,Cc1cc2ccc3cccc4ccc(c1)c2c34,2.808,1.7,0.0,0.26,1.7255
4-Methylthiobenzaldehyde,CSc1ccc(C=O)cc1,1.465,1.35,0.0,0.52,1.1774
Madecassoside,CC1CCC2(C(=O)OC3OC(COC4OC(CO)C(OC5OC(C)C(O)C(O)C5O)C(O)C4O)C(O)C(O)C3O)CCC3(C)C(=CCC4C5(C)CC(O)C(O)C(C)(CO)C5C(O)CC43C)C2C1C,4.9,6.8,3.35,6.68,7.091
Isoxicam,Cc1cc(NC(=O)C2=C(O)c3ccccc3S(=O)(=O)N2C)no1,2.52,2.31,0.7,1.39,2.2108
"2,3,6,7-PCN",Clc1cc2cc(Cl)c(Cl)cc2cc1Cl,1.81,1.24,0.0,0.0,1.575
Butyl nonyl phthalate,CCCCCCCCCOC(=O)c1ccccc1C(=O)OCCCC,0.66,1.29,0.0,0.97,2.9787
Fenclofenac,O=C(O)Cc1ccccc1Oc1ccc(Cl)cc1Cl,1.73,1.87,0.63,0.79,1.9839
N-o-Tolyl-4-chlorobenzohydroxamic acid,Cc1ccccc1N(O)C(=O)c1ccc(Cl)cc1,1.84,1.17,0.34,1.07,1.9026
Urapidil,COc1ccccc1N1CCN(CCCNc2cc(=O)n(C)c(=O)n2C)CC1,2.26,2.67,0.13,2.45,3.0179
Ticarcillin,CC1(C)SC2C(NC(=O)C(C(=O)O)c3ccsc3)C(=O)N2C1C(=O)O,2.95,2.26,1.0,2.36,2.5171
Cyclopropylphenylketone,O=C(c1ccccc1)C1CC1,0.965,1.36,0.0,0.45,1.1871
"2,3,5,6-Tetrachloroaniline",Nc1c(Cl)c(Cl)cc(Cl)c1Cl,1.31,1.34,0.46,0.03,1.3058
"2,3-Dichloro-p-xylene",Cc1ccc(C)c(Cl)c1Cl,0.949,0.82,0.0,0.02,1.243
o-Fluoroiodobenzene,Fc1ccccc1I,1.064,0.88,0.0,0.06,0.9923
2-Fluoroaniline,Nc1ccccc1F,0.744,0.88,0.28,0.4,0.8339
PCB 9,Clc1ccc(Cl)c(-c2ccccc2)c1,1.63,1.2,0.0,0.18,1.569
PCB 14,Clc1cc(Cl)cc(-c2ccccc2)c1,1.65,1.18,0.0,0.16,1.569
PCB 8,Clc1ccc(-c2ccccc2Cl)cc1,1.62,1.2,0.0,0.18,1.569
Bupropion,CC(NC(C)(C)C)C(=O)c1cccc(Cl)c1,1.07,1.3,0.09,1.02,1.9406
3'-(Trifluoromethyl)acetophenone,CC(=O)c1cccc(C(F)(F)F)c1,0.42,0.92,0.0,0.42,1.2079
"2,6-Diamino-3,5-dinitropyridine",Nc1nc(N)c([N+](=O)[O-])cc1[N+](=O)[O-],1.83,2.15,0.47,0.93,1.2233
m-Trifluoromethylphenoxyacetic acid,O=C(O)COc1cccc(C(F)(F)F)c1,0.47,0.7,0.72,0.64,1.3253
3-Acetylpyridine,CC(=O)c1cccnc1,0.795,1.17,0.0,0.9,0.9728
3-Chloro-4-fluoronitrobenzene,O=[N+]([O-])c1ccc(F)c(Cl)c1,0.89,1.1,0.0,0.2,1.0307
"1-(Difluoromethoxy)-1,2,2,3,3-pentafluoropropane",FC(F)OC(F)C(F)(F)C(F)F,-0.57,0.39,0.2,0.12,0.8548
1-Fluoro-4-nitrobenzene,O=[N+]([O-])c1ccc(F)cc1,0.764,1.11,0.0,0.27,0.9083
Benzyl fluoride,FCc1ccccc1,0.579,0.65,0.0,0.22,0.875
PCB 153,Clc1cc(Cl)c(-c2cc(Cl)c(Cl)cc2Cl)cc1Cl,2.18,1.74,0.0,0.11,2.0586
PCB 138,Clc1cc(Cl)c(-c2ccc(Cl)c(Cl)c2Cl)cc1Cl,2.18,1.74,0.0,0.11,2.0586
PCB 180,Clc1cc(Cl)c(-c2cc(Cl)c(Cl)c(Cl)c2Cl)cc1Cl,2.29,1.87,0.0,0.09,2.181
N-Chlorobromoacetamide,O=C(CBr)NCl,0.74,1.7,0.52,0.34,0.8033
N-Chlorochloroacetamide,O=C(CCl)NCl,0.56,1.56,0.52,0.34,0.7507
1-Bromoheptadecane,CCCCCCCCCCCCCCCCCBr,0.311,0.4,0.0,0.13,2.6789
"Methyl 2,4-dichlorobenzoate",COC(=O)c1ccc(Cl)cc1Cl,1.01,1.29,0.0,0.37,1.3174
3-Fluoroacetanilide,CC(=O)Nc1cccc(F)c1,0.74,1.36,0.62,0.52,1.1314
3-Trifluoromethylacetanilide,CC(=O)Nc1cccc(C(F)(F)F)c1,0.64,1.1,0.35,0.53,1.3077
"cis-9,10-Tetradecen-1-ol",CCCC/C=C\CCCCCCCCO,0.298,0.61,0.32,0.58,2.0969
p-fluoroacetanilide,CC(=O)Nc1ccc(F)cc1,0.74,1.39,0.62,0.56,1.1314
3-Acetylbenzenesulfonamide,CC(=O)c1cccc(S(N)(=O)=O)c1,1.34,1.73,0.66,1.19,1.3946
"2,2,5-Trimethylhexane",CC(C)CCC(C)(C)C,0.0,0.0,0.0,0.0,1.3767
4-Fluorotoluene,Cc1ccc(F)cc1,0.488,0.55,0.0,0.14,0.875
p-Fluoroiodobenzene,Fc1ccc(I)cc1,1.032,0.86,0.0,0.09,0.9923
5-Methylhex-1-ene,C=CCCC(C)C,0.08,0.08,0.0,0.07,1.0519
2-Trifluoroethylmethacrylate,C=C(C)C(=O)OCC(F)(F)F,-0.12,0.8,0.0,0.45,1.0385
Fluoroethane,CCF,0.052,0.34,0.0,0.05,0.4081
Diflubenzuron,O=C(NC(=O)c1c(F)cccc1F)Nc1ccc(Cl)cc1,1.87,1.17,0.18,0.97,1.9948
"2,2-Difluorobutane",CCC(C)(F)F,-0.196,0.35,0.0,0.1,0.7076
"1,1,2,2-Tetrafluoro-1-bromoethane",FC(F)C(F)(F)Br,-0.064,0.3,0.09,0.04,0.6362
"1,1,2-Trifluoro-1-chloro-2-bromoethane",FC(Br)C(F)(F)Cl,0.138,0.36,0.07,0.04,0.7409
"1,1-Difluoro-1,2,2-trichloroethane",FC(F)(Cl)C(Cl)Cl,0.116,0.38,0.09,0.02,0.793
"1,1,1-Trifluoro-2,2-dibromoethane",FC(F)(F)C(Br)Br,0.362,0.56,0.12,0.04,0.7935
1-Bromopentafluoroethane,FC(F)(F)C(F)(F)Br,-0.16,-0.2,0.0,0.04,0.6539
"2,3-Dichlorooctafluorobutane",FC(F)(F)C(F)(Cl)C(F)(Cl)C(F)(F)F,-0.507,-0.19,0.0,0.0,1.0586
"1-Bromo-1,1,2,2,3,3,4,4,5,5,6,6-dodecafluorohexane",FC(F)C(F)(F)C(F)(F)C(F)(F)C(F)(F)C(F)(F)Br,-0.727,-0.1,0.06,0.01,1.3414
Tetradecafluorohexane,FC(F)(F)C(F)(F)C(F)(F)C(F)(F)C(F)(F)C(F)(F)F,-0.966,-1.02,0.0,0.29,1.2018
"2-Methyl-3,5-dinitroaniline",Cc1c(N)cc([N+](=O)[O-])cc1[N+](=O)[O-],1.45,2.07,0.49,0.42,1.3055
"2,2,3,3,4,4,5,5-Octafluoropentan-1-ol",OCC(F)(F)C(F)(F)C(F)(F)C(F)F,-0.346,0.64,0.62,0.18,1.0134
Fluocinonide,CC(=O)OCC(=O)[C@@]12OC(C)(C)O[C@@H]1C[C@H]1[C@@H]3C[C@H](F)C4=CC(=O)C=C[C@]4(C)[C@@]3(F)[C@@H](O)C[C@@]12C,1.95,2.48,0.31,2.51,3.4603
"racemic-1,2-Dichlorohexafluorocyclobutane",FC1(F)C(F)(F)C(F)(Cl)C1(F)Cl,-0.033,-0.16,0.0,0.1,0.9146
"1,4-Dimethyl-2-sec.-butylbenzene",CCC(C)c1cc(C)ccc1C,0.671,0.55,0.0,0.22,1.5618
PCB 30,Clc1cc(Cl)c(-c2ccccc2)c(Cl)c1,1.74,1.35,0.0,0.17,1.6914
PCB 52,Clc1ccc(Cl)c(-c2cc(Cl)ccc2Cl)c1,1.9,1.48,0.0,0.15,1.8138
PCB 133,Clc1cc(Cl)c(Cl)c(-c2cc(Cl)cc(Cl)c2Cl)c1,2.2,1.74,0.0,0.11,2.0586
2-Bromo-2-phenylpropane,CC(C)(Br)c1ccccc1,0.95,0.88,0.0,0.25,1.3141
4-Octylbenzoic acid,CCCCCCCCc1ccc(C(=O)O)cc1,0.73,0.9,0.6,0.38,2.0589
Brucine,COc1cc2c(cc1OC)C13CCN4CC5=CCOC6CC(=O)N2C1C6C5CC43,3.16,2.64,0.0,2.55,2.8085
Galantamine,COc1ccc2c3c1OC1CC(O)C=CC31CCN(C)C2,1.89,2.95,0.3,1.57,2.1734
2-Methylthiazole,Cc1nccs1,0.643,0.71,0.0,0.45,0.7409
cis-3-Hexenyl pentanoate,CCC=CCCOC(=O)CCCC,0.141,0.56,0.0,0.45,1.6899
"1-Chloro-2,2-Difluoroethene",FC(F)=CCl,-0.34,0.28,0.15,0.0,0.5052
Hex-1-ene-3-yl acetate,C=CC(CCC)OC(C)=O,0.157,0.56,0.0,0.49,1.2672
Hept-1-ene-3-yl acetate,C=CC(CCCC)OC(C)=O,0.153,0.56,0.0,0.49,1.4081
Hydrocortisone-21-hexanoate,CCCCCC(=O)OCC(=O)[C@@]1(O)CC[C@H]2[C@@H]3CCC4=CC(=O)CC[C@]4(C)[C@H]3[C@@H](O)C[C@@]21C,1.81,3.02,0.46,2.16,3.6587
Pentazocine,CC(C)=CCN1CCC2(C)c3cc(O)ccc3CC1C2C,1.4,1.15,0.6,1.25,2.4464
Nandrolone decanoate,CCCCCCCCCC(=O)OC1CCC2C3CCC4=CC(=O)CCC4C3CCC12C,1.37,2.65,0.0,1.18,3.6665
5-Ethyl-5-(2-methylbutyl)barbital,CCC(C)CC1(CC)C(=O)NC(=O)NC1=O,1.03,1.11,0.47,1.23,1.7966
Camazepam,CN(C)C(=O)OC1N=C(c2ccccc2)c2cc(Cl)ccc2N(C)C1=O,2.39,2.5,0.0,1.64,2.6708
2-Hydroxyethyl nicotinate,O=C(OCCO)c1cccnc1,0.91,1.34,0.37,1.16,1.2311
"Thuja-2,4(10)-diene",C=C1C=CC2(C(C)C)CC12,0.638,0.24,0.0,0.24,1.2144
Cyclohexylmethyl phenylsulfoxide,O=S(CC1CCCCC1)c1ccccc1,1.41,1.96,0.0,0.96,1.8163
2-Isobutyltoluene,Cc1ccccc1CC(C)C,0.633,0.57,0.0,0.19,1.4209
Abietadiene,CC(C)C1CCC2C(CC=C3C(C)(C)CC=CC32C)C1,0.95,0.2,0.0,0.45,2.5148
ProstaglandinE2,CCCCCC(O)C=CC1C(O)CC(=O)C1CC=CCCCC(=O)O,1.48,2.35,1.08,2.0,2.9395
Fenbufen,O=C(O)CCC(=O)c1ccc(-c2ccccc2)cc1,1.78,1.8,0.62,1.05,1.9779
Propyl octadecanoate,CCCCCCCCCCCCCCCCCC(=O)OCCC,-0.02,0.56,0.0,0.45,3.1419
Pentafluorobenzene,Fc1cc(F)c(F)c(F)c1F,0.154,0.58,0.06,0.02,0.8049
Cyclopentanemethanol,OCC1CCCC1,0.432,0.86,0.31,0.45,0.9041
Cyclooctanemethanol,OCC1CCCCCCC1,0.47,0.83,0.31,0.45,1.3268
Isopropylcyclopropane,CC(C)C1CC1,0.365,0.1,0.0,0.0,0.8454
"3,4-Dichloroanisole",COc1ccc(Cl)c(Cl)c1,0.96,0.95,0.0,0.22,1.1608
Diundecyl phthalate,CCCCCCCCCCCOC(=O)c1ccccc1C(=O)OCCCCCCCCCCC,0.62,1.32,0.0,1.08,4.2468
Diheptyl phthalate,CCCCCCCOC(=O)c1ccccc1C(=O)OCCCCCCC,0.652,1.3,0.0,0.99,3.1196
Buspirone,O=C1CC2(CCCC2)CC(=O)N1CCCCN1CCN(c2ncccn2)CC1,2.09,2.57,0.0,2.25,3.0345
2-Methylcarbazole,Cc1ccc2c(c1)[nH]c1ccccc12,1.787,2.04,0.09,0.12,1.4563
PCB 42,Clc1ccc(-c2cccc(Cl)c2Cl)c(Cl)c1,1.89,1.48,0.0,0.15,1.8138
Allylmethyldisulfide,C=CCSSC,0.78,0.7,0.0,0.25,0.9562
Dimethyl trisulphide,CSSSC,1.053,0.67,0.0,0.34,0.8809
"2,2'-Bipyridyl",c1ccc(-c2ccccn2)nc1,1.384,1.07,0.0,0.8,1.242
"3(3,5-Dimethylphenyl)-1,1-dimethylurea",Cc1cc(C)cc(NC(=O)N(C)C)c1,1.12,1.62,0.39,0.99,1.6362
4-Ethylacetanilide,CCc1ccc(NC(C)=O)cc1,0.87,1.4,0.5,0.69,1.3955
1-hexadecanol,CCCCCCCCCCCCCCCCO,0.151,0.42,0.37,0.48,2.4217
Cyclodecanemethanol,OCC1CCCCCCCCC1,0.49,0.81,0.31,0.45,1.6086
Decyl benzoate,CCCCCCCCCCOC(=O)c1ccccc1,0.632,0.78,0.0,0.46,2.3407
"1,2-Difluorobenzene",Fc1ccccc1F,0.39,0.63,0.0,0.06,0.7518
2-Fluorophenol,Oc1ccccc1F,0.66,0.85,0.59,0.24,0.7928
"1,2,4-trifluorobenzene",Fc1ccc(F)c(F)c1,0.306,0.65,0.0,0.05,0.7695
"1,1,1-Trifluoropentan-2,4-dione",CC(=O)CC(=O)C(F)(F)F,0.106,0.64,0.14,0.68,0.8976
Propyl dodecanoate,CCCCCCCCCCCC(=O)OCCC,0.0,0.56,0.0,0.45,2.2965
cis-4-Methylhex-2-ene,CC=CC(C)CC,0.137,0.08,0.0,0.07,1.0519
trans-4-Methylhex-2-ene,CC=CC(C)CC,0.137,0.07,0.0,0.08,1.0519
3-Trifluoromethylbenzonitrile,N#Cc1cccc(C(F)(F)F)c1,0.425,1.07,0.0,0.35,1.0651
a-Bulnesene,C=C(C)[C@@H]1CCC(C)=C2CC[C@H](C)[C@@H]2C1,0.735,0.3,0.0,0.3,1.9189
α-Guaiene,C=C(C)[C@@H]1CC[C@H](C)C2=C(C1)[C@@H](C)CC2,0.695,0.3,0.0,0.31,1.9189
Icilin,O=C1NC(c2cccc([N+](=O)[O-])c2)=CCN1c1ccccc1O,2.28,2.83,0.44,1.24,2.1844
5-Methylchrysene,Cc1cc2ccccc2c2ccc3ccccc3c12,3.027,1.73,0.0,0.36,1.9643
"5,6-dimethylchrysene",Cc1c(C)c2c3ccccc3ccc2c2ccccc12,3.027,1.73,0.0,0.36,2.1052
7-Ethylbenz[a]anthracene,CCc1c2ccccc2cc2c1ccc1ccccc12,2.992,1.7,0.0,0.35,2.1052
Methyldodecylsulfide,CCCCCCCCCCCCSC,0.319,0.43,0.0,0.34,2.1038
Ethyloctylsulfide,CCCCCCCCSCC,0.331,0.34,0.0,0.36,1.6811
Methyloctylsulfide,CCCCCCCCSC,0.346,0.41,0.0,0.34,1.5402
"Benzene-1,3-disulfonamide",NS(=O)(=O)c1cccc(S(N)(=O)=O)c1,1.65,2.53,0.71,1.32,1.4778
4-[2-(methylamino)propyl]phenol,CNC(C)Cc1ccc(O)cc1,0.96,1.21,0.63,1.07,1.4385
"1,1,2,2-Tetrafluoro-1-(fluoromethoxy)ethane",FCOC(F)(F)C(F)F,-0.376,0.61,0.01,0.12,0.6785
"2‐chloro‐1‐(chlorodifluoromethoxy)‐1,1,2‐trifluoroethane",FC(Cl)C(F)(F)OC(F)(F)Cl,-0.096,0.21,0.0,0.07,0.9233
"1-Chloro-2-[dichloro(fluoro)methoxy]-1,1,2,2-tetrafluoroethane",FC(Cl)(Cl)OC(F)(F)C(F)(F)Cl,0.044,-0.16,0.0,0.05,1.0457
"1-Chloro-2-[chloro(difluoro)methoxy]-1,1,2,2-tetrafluoroethane",FC(F)(Cl)OC(F)(F)C(F)(F)Cl,-0.194,-0.31,0.0,0.03,0.941
Propyl 2-methylbutanoate,CCCOC(=O)C(C)CC,0.011,0.53,0.0,0.47,1.3102
Miloxacin,COn1cc(C(=O)O)c(=O)c2cc3c(cc21)OCO3,2.0,1.81,0.36,1.38,1.6676
{[4-(Trifluoromethoxy)phenyl]hydrazono}malononitrile,N#CC(C#N)=NNc1ccc(OC(F)(F)F)cc1,1.02,1.1,0.71,0.54,1.576
"Octa-1,7-diene",C=CCCCCC=C,0.191,0.2,0.0,0.1,1.1498
"2,2-Dichlorotrifluoroethyl chlorodifluoromethyl ether",FC(F)(Cl)OC(F)(F)C(F)(Cl)Cl,0.044,-0.17,0.0,0.06,1.0457
4-Fluoroaniline,Nc1ccc(F)cc1,0.76,1.09,0.28,0.4,0.8339
4-Fluorophenol,Oc1ccc(F)cc1,0.67,0.97,0.63,0.23,0.7928
"2,3,4,6-Tetrachloronitrobenzene",O=[N+]([O-])c1c(Cl)cc(Cl)c(Cl)c1Cl,1.465,1.41,0.0,0.1,1.3802
Cyanoacetic acid,N#CCC(=O)O,0.38,1.2,0.78,0.54,0.6195
cis-b-Guaeine,C=C(C)C1CCC(C)C2=C(C1)C(C)CC2,0.695,0.3,0.0,0.31,1.9189
"1,3-difluorobenzene",Fc1cccc(F)c1,0.374,0.58,0.0,0.06,0.7518
3-Fluoroaniline,Nc1cccc(F)c1,0.749,1.08,0.3,0.36,0.8339
Cyclobutanecarboxylic acid,O=C(O)C1CCC1,0.381,0.89,0.55,0.38,0.7789
3-Fluorophenol,Oc1cccc(F)c1,0.667,0.98,0.68,0.17,0.7928
"1,3,5-trifluorobenzene",Fc1cc(F)cc(F)c1,0.273,0.37,0.0,0.08,0.7695
Methyl 3-butenoate,C=CCC(=O)OC,0.348,0.64,0.0,0.43,0.8445
Fluorocyclohexane,FC1CCCCC1,0.241,0.42,0.0,0.09,0.8631
3-Fluoropyridine,Fc1cccnc1,0.504,0.74,0.0,0.43,0.693
2-Fluoropyridine,Fc1ccccn1,0.489,0.89,0.0,0.36,0.693
1-Fluorohexane,CCCCCCF,-0.008,0.35,0.0,0.15,0.9717
"1,8-Diaminooctane",NCCCCCCCCN,0.412,0.68,0.34,1.15,1.4354
Metoprolol,COCCc1ccc(OCC(O)CNC(C)C)cc1,1.17,1.33,0.17,1.76,2.2604
Disopyramide,CC(C)N(CCC(C(N)=O)(c1ccccc1)c1ccccn1)C(C)C,1.568,2.09,0.45,2.07,2.9074
3-Phenoxybenzoic acid,O=C(O)c1cccc(Oc2ccccc2)c1,1.39,1.42,0.63,0.46,1.5982
2-Ethoxypyrimidine,CCOc1ncccn1,0.68,1.07,0.0,0.68,0.9747
"1,1,1-Trifluoropropan-2-ol",CC(O)C(F)(F)F,0.105,0.47,0.37,0.36,0.6431
"2,2,3-Trifluoro-3-chlorobutane",CC(F)(F)C(C)(F)Cl,-0.19,0.49,0.0,0.08,0.8477
n-Pentylcyclopentane,CCCCCC1CCCC1,0.22,0.08,0.0,0.0,1.409
"2,2,3,3,4,4,4-Heptafluorobutan-1-ol",OCC(F)(F)C(F)(F)C(F)(F)F,-0.297,0.18,0.69,0.11,0.9948
"3,3,4,4,5,5,5-Heptafluoropentan-2-ol",CC(O)C(F)(F)C(F)(F)C(F)(F)F,-0.289,0.05,0.59,0.21,0.9957
Acebutolol,CCCC(=O)Nc1ccc(OCC(O)CNC(C)C)c(C(C)=O)c1,1.6,2.42,0.9,2.1,2.7556
"1,1,1,2,2,3,3,4,4-nonafluorobutane",FC(F)C(F)(F)C(F)(F)C(F)(F)F,-0.886,-0.43,0.04,0.1,0.8315
4-Heptylaniline,CCCCCCCc1ccc(N)cc1,0.901,0.9,0.23,0.45,1.8025
4-Nonylaniline,CCCCCCCCCc1ccc(N)cc1,0.89,0.9,0.23,0.46,2.0843
4-Decylaniline,CCCCCCCCCCc1ccc(N)cc1,0.885,0.92,0.23,0.46,2.2252
1-Bromononafluorobutane,FC(F)(F)C(F)(F)C(F)(F)C(F)(F)Br,-0.558,-0.26,0.0,0.0,1.0065
"2,2,3,3,4,4,5,5,6,6,7,7,7-Tridecafluoroheptan-1-ol",OCC(F)(F)C(F)(F)C(F)(F)C(F)(F)C(F)(F)C(F)(F)F,-0.879,0.04,0.65,0.01,1.3837
Perfluorononane,FC(F)(F)C(F)(F)C(F)(F)C(F)(F)C(F)(F)C(F)(F)C(F)(F)C(F)(F)C(F)(F)F,-1.21,-1.6,0.0,0.51,2.1307
"1,5-Dimethylcyclooctadiene",CC1=CCCC(C)=CCC1,0.604,0.3,0.0,0.18,1.323
Cyclohexadec-5-en-1-one,O=C1CCCC=CCCCCCCCCCC1,0.65,0.9,0.0,0.59,2.2271
1-Methylcycloheptanol,CC1(O)CCCCCC1,0.473,0.48,0.32,0.5,1.1859
PCB 18,Clc1ccc(Cl)c(-c2ccccc2Cl)c1,1.75,1.35,0.0,0.17,1.6914
PCB 17,Clc1ccc(-c2ccccc2Cl)c(Cl)c1,1.74,1.35,0.0,0.17,1.6914
PCB 34,Clc1cc(Cl)cc(-c2ccccc2Cl)c1,1.78,1.33,0.0,0.15,1.6914
PCB 35,Clc1cccc(-c2ccc(Cl)c(Cl)c2)c1,1.8,1.31,0.0,0.13,1.6914
PCB 101,Clc1ccc(Cl)c(-c2cc(Cl)c(Cl)cc2Cl)c1,2.04,1.61,0.0,0.13,1.9362
4-Methylhex-1-ene,C=CCC(C)CC,0.097,0.07,0.0,0.08,1.0519
4-Methylcarbazole,Cc1cccc2[nH]c3ccccc3c12,1.787,2.04,0.09,0.12,1.4563
"1,1,2,2,3,3,4,4-octafluorobutane",FC(F)C(F)(F)C(F)(F)C(F)F,-0.787,0.08,0.15,0.05,0.8138
2-Pentylfuran,CCCCCc1ccco1,0.333,0.47,0.0,0.17,1.2408
2-Hexylfuran,CCCCCCc1ccco1,0.318,0.47,0.0,0.18,1.3817
2-Heptylfuran,CCCCCCCc1ccco1,0.305,0.47,0.0,0.18,1.5226
Ocimene-X,C=CC(C)=CCC=C(C)C,0.539,0.31,0.0,0.21,1.3886
Germacrene D,C=C1/C=C/[C@H](C(C)C)CCC(C)=CCC1,0.764,0.4,0.0,0.24,1.9845
"5,7-Dimethyl-8-hydroxyquinoline",Cc1cc(C)c2cccnc2c1O,1.4,1.18,0.0,0.58,1.3848
Naproxen ethyl ester,CCOC(=O)C(C)c1ccc2cc(OC)ccc2c1,1.43,1.62,0.0,0.89,2.0639
Geranyl acetone,CC(=O)CCC=C(C)CCC=C(C)C,0.428,0.75,0.0,0.77,1.87
2-Ethoxypyrazine,CCOc1cnccn1,0.7,0.84,0.0,0.57,0.9747
Pirbuterol,CC(C)(C)NCC(O)c1ccc(O)c(CO)n1,1.47,1.32,1.2,2.13,1.9375
Difluoroacetic acid,O=C(O)C(F)F,0.163,0.93,0.91,0.28,0.5002
"7,8-Dihydroxyflavone",O=c1cc(-c2ccccc2)oc2c(O)c(O)ccc12,2.09,2.05,0.88,0.93,1.7871
"6,7-Dihydroxyflavone",O=c1cc(-c2ccccc2)oc2cc(O)c(O)cc12,2.13,1.98,0.88,0.96,1.7871
Sulindac,CC1=C(CC(=O)O)c2cc(F)ccc2/C1=C\c1ccc(S(C)=O)cc1,2.26,2.75,0.61,1.41,2.5711
"2,2,3,4,4,4-Hexafluorobutan-1-ol",OCC(F)(F)C(F)C(F)(F)F,-0.222,0.54,0.71,0.14,0.8371
4-Aminohexanophenone,CCCCCC(=O)c1ccc(N)cc1,1.15,1.39,0.32,0.65,1.6773
Minoxidil,Nc1cc(N2CCCCC2)nc(N)[n+]1[O-],1.6,1.45,0.45,1.6,1.5882
"Trans-1,2-Dichloro-hexafluorocyclobutane",FC1(F)C(F)(F)[C@@](F)(Cl)[C@]1(F)Cl,-0.033,-0.16,0.0,0.1,0.9146
4-Heptylbenzoic acid,CCCCCCCc1ccc(C(=O)O)cc1,0.73,0.9,0.6,0.38,1.918
Ethyl trifluoroacetate,CCOC(=O)C(F)(F)F,-0.2,0.24,0.0,0.46,0.7997
Penbutolol,CC(C)(C)NCC(O)COc1ccccc1C1CCCC1,1.25,1.12,0.0,1.46,2.5158
PCB 95,Clc1ccc(Cl)c(-c2c(Cl)ccc(Cl)c2Cl)c1,2.02,1.61,0.0,0.13,1.9362
PCB 99,Clc1ccc(-c2cc(Cl)c(Cl)cc2Cl)c(Cl)c1,2.03,1.61,0.0,0.13,1.9362
PCB 87,Clc1ccc(Cl)c(-c2ccc(Cl)c(Cl)c2Cl)c1,2.04,1.61,0.0,0.13,1.9362
PCB 110,Clc1ccc(-c2c(Cl)ccc(Cl)c2Cl)cc1Cl,2.04,1.61,0.0,0.13,1.9362
PCB 149,Clc1cc(Cl)c(-c2c(Cl)ccc(Cl)c2Cl)cc1Cl,2.16,1.74,0.0,0.11,2.0586
PCB 132,Clc1ccc(-c2c(Cl)ccc(Cl)c2Cl)c(Cl)c1Cl,2.16,1.74,0.0,0.11,2.0586
PCB 128,Clc1ccc(-c2ccc(Cl)c(Cl)c2Cl)c(Cl)c1Cl,2.18,1.74,0.0,0.11,2.0586
PCB 156,Clc1ccc(-c2cc(Cl)c(Cl)c(Cl)c2Cl)cc1Cl,2.21,1.72,0.0,0.09,2.0586
2-Cyanobenzoic acid,N#Cc1ccccc1C(=O)O,0.86,1.29,0.71,0.53,1.0864
"Methyl 3,4-dimethylbenzoate",COC(=O)c1ccc(C)c(C)c1,0.76,0.85,0.0,0.5,1.3544
PCB 136,Clc1ccc(Cl)c(-c2c(Cl)ccc(Cl)c2Cl)c1Cl,2.14,1.74,0.0,0.11,2.0586
PCB 174,Clc1cc(-c2c(Cl)ccc(Cl)c2Cl)c(Cl)c(Cl)c1Cl,2.31,1.87,0.0,0.09,2.181
PCB 19,Clc1ccccc1-c1c(Cl)cccc1Cl,1.72,1.35,0.0,0.17,1.6914
PCB 27,Clc1cccc(-c2c(Cl)cccc2Cl)c1,1.76,1.35,0.0,0.17,1.6914
PCB 32,Clc1ccc(-c2c(Cl)cccc2Cl)cc1,1.74,1.35,0.0,0.17,1.6914
PCB 16,Clc1ccccc1-c1cccc(Cl)c1Cl,1.75,1.35,0.0,0.17,1.6914
PCB 26,Clc1cccc(-c2cc(Cl)ccc2Cl)c1,1.78,1.33,0.0,0.15,1.6914
PCB 20,Clc1cccc(-c2cccc(Cl)c2Cl)c1,1.78,1.33,0.0,0.15,1.6914
PCB 22,Clc1ccc(-c2cccc(Cl)c2Cl)cc1,1.77,1.33,0.0,0.15,1.6914
PCB 33,Clc1ccc(-c2ccccc2Cl)cc1Cl,1.77,1.33,0.0,0.15,1.6914
PCB 36,Clc1cccc(-c2cc(Cl)cc(Cl)c2)c1,1.79,1.31,0.0,0.13,1.6914
PCB 39,Clc1ccc(-c2cc(Cl)cc(Cl)c2)cc1,1.8,1.31,0.0,0.15,1.6914
PCB 37,Clc1ccc(-c2ccc(Cl)c(Cl)c2)cc1,1.79,1.31,0.0,0.13,1.6914
PCB 40,Clc1cccc(-c2cccc(Cl)c2Cl)c1Cl,1.9,1.48,0.0,0.15,1.8138
4-Methyl-8-hydroxyquinoline,Cc1ccnc2c(O)cccc12,1.4,1.11,0.0,0.61,1.2439
"2,6-Difluorobenzoic acid",O=C(O)c1c(F)cccc1F,0.689,0.86,0.8,0.49,0.9671
α-Copaene,CC1=CC[C@H]2[C@H]3[C@@H]1[C@]2(C)CC[C@H]3C(C)C,0.624,0.14,0.0,0.32,1.8533
Isopropylcyclopentane,CC(C)C1CCCC1,0.22,0.1,0.0,0.0,1.1272
Methyl propyl sulphide,CCCSC,0.38,0.38,0.0,0.34,0.8357
Hydroxypregnenolone-17a,CC(=O)C1(O)CCC2C3CC=C4CC(O)CCC4(C)C3CCC21C,1.55,3.35,0.57,1.35,2.7232
5-Fluoro-8-hydroxyquinoline,Oc1ccc(F)c2cccnc12,1.26,0.98,0.03,0.54,1.1207
1-Ethyl-2-sec.-butylbenzene,CCc1ccccc1C(C)CC,0.664,0.54,0.0,0.2,1.5618
Nalidixic acid,CCn1cc(C(=O)O)c(=O)c2ccc(C)nc21,1.63,1.86,0.01,1.16,1.6999
Diheptyl hydrogen phosphate,CCCCCCCOP(=O)(O)OCCCCCCC,0.02,0.42,0.95,1.1,2.5206
Dihexyl hydrogen phosphate,CCCCCCOP(=O)(O)OCCCCCC,0.033,0.52,0.95,1.06,2.2388
Fludiazepam,CN1C(=O)CN=C(c2ccccc2F)c2cc(Cl)ccc21,1.94,1.75,0.0,1.3,2.0916
Trioxsalen,Cc1cc2cc3c(C)cc(=O)oc3c(C)c2o1,1.5,1.5,0.0,0.72,1.6735
γ-Cadinene,C=C1CC[C@@H](C(C)C)[C@@H]2C=C(C)CC[C@@H]12,0.811,0.31,0.0,0.34,1.9189
cis-Undec-9-en-1-al,CC=CCCCCCCCC=O,0.255,0.7,0.0,0.51,1.6312
2-Butoxyphenol,CCCCOc1ccccc1O,0.8,0.91,0.2,0.58,1.3974
trans-Dec-2-en-1-al,CCCCCCCC=CC=O,0.333,0.75,0.0,0.43,1.4903
4'-Nitro-4-hydroxybiphenyl,O=[N+]([O-])c1ccc(-c2ccc(O)cc2)cc1,1.74,1.84,0.57,0.54,1.5571
4-Methyl-N-propylbenzylamine,CCCNCc1ccc(C)cc1,0.78,0.7,0.14,0.76,1.5207
"1,1,2,3,4,4-Hexafluorobutane",FC(F)C(F)C(F)C(F)F,-0.59,0.21,0.32,0.2,0.7784
Ethyl 2-methylpentanoate,CCCC(C)C(=O)OCC,0.0,0.5,0.0,0.47,1.3102
Hexafluorobenzene,Fc1c(F)c(F)c(F)c(F)c1F,0.088,0.56,0.0,0.01,0.8226
Sotalol,CC(C)NCC(O)c1ccc(NS(C)(=O)=O)cc1,1.47,1.55,0.68,2.06,2.101
"Cis-1,2-Dichloro-hexafluorocyclobutane",FC1(F)C(F)(F)[C@@](F)(Cl)[C@@]1(F)Cl,-0.033,-0.16,0.0,0.1,0.9146
BCTC,CC(C)(C)c1ccc(NC(=O)N2CCN(c3ncccc3Cl)CC2)cc1,2.28,2.62,0.41,1.49,2.8801
"Nonan-1,9-diol",OCCCCCCCCCO,0.375,0.98,0.75,0.98,1.4941
Ethyl trimethylacetate,CCOC(=O)C(C)(C)C,-0.01,0.52,0.0,0.45,1.1693
Ethyl methoxyacetate,CCOC(=O)COC,0.1,0.79,0.0,0.7,0.9462
Methyl vanillate,COC(=O)c1ccc(O)c(OC)c1,0.96,1.14,0.22,0.8,1.3309
PCB 100,Clc1ccc(-c2c(Cl)cc(Cl)cc2Cl)c(Cl)c1,2.0,1.61,0.0,0.13,1.9362
Nitrendipine,CCOC(=O)C1=C(C)NC(C)=C(C(=O)OC)C1c1cccc([N+](=O)[O-])c1,1.56,2.0,0.23,1.58,2.6354
Triamterene,Nc1nc(N)c2nc(-c3ccccc3)c(N)nc2n1,2.95,1.56,0.82,1.7,1.8282
3-Chloro-4-nitrobenzoic acid,O=C(O)c1ccc([N+](=O)[O-])c(Cl)c1,1.25,1.45,0.72,0.46,1.2283
PCB 189,Clc1cc(-c2cc(Cl)c(Cl)c(Cl)c2Cl)cc(Cl)c1Cl,2.36,1.85,0.0,0.07,2.181
PCB 111,Clc1cc(Cl)cc(-c2cc(Cl)cc(Cl)c2Cl)c1,2.08,1.59,0.0,0.11,1.9362
PCB 127,Clc1cc(Cl)cc(-c2cc(Cl)c(Cl)c(Cl)c2)c1,2.1,1.57,0.0,0.09,1.9362
PCB 162,Clc1cc(Cl)c(Cl)c(-c2cc(Cl)c(Cl)c(Cl)c2)c1,2.2,1.72,0.0,0.09,2.0586
PCB 159,Clc1cc(Cl)cc(-c2cc(Cl)c(Cl)c(Cl)c2Cl)c1,2.2,1.72,0.0,0.09,2.0586
2-chloro-4-bromophenol,Oc1ccc(Br)cc1Cl,1.15,0.91,0.5,0.22,1.0725
"2,2-Dimethylpentan-3-ol",CCC(O)C(C)(C)C,0.227,0.3,0.3,0.55,1.1536
4-tert-Butylpyridine,CC(C)(C)c1ccncc1,0.631,0.75,0.0,0.66,1.2389
"1,3-Dimethyl-5-n-propylbenzene",CCCc1cc(C)cc(C)c1,0.647,0.5,0.0,0.18,1.4209
"1,2-Dimethyl-4-n-propylbenzene",CCCc1ccc(C)c(C)c1,0.679,0.55,0.0,0.19,1.4209
"N,N-Diphenylmethanesulfonamide",CS(=O)(=O)N(c1ccccc1)c1ccccc1,1.71,1.95,0.0,0.9,1.8458
2-Bromobenzamide,NC(=O)c1ccccc1Br,1.3,1.7,0.4,0.75,1.1478
5-Nitro-8-hydroxyquinoline,O=[N+]([O-])c1ccc(O)c2ncccc12,1.66,1.86,0.2,0.53,1.2772
4-Heptylpyridine,CCCCCCCc1ccncc1,0.6,0.77,0.0,0.59,1.6616
4-Nonylpyridine,CCCCCCCCCc1ccncc1,0.6,0.77,0.0,0.59,1.9434
Ethylglycidylether,CCOCC1CO1,0.245,0.94,0.0,0.58,0.8219
PCB 206,Clc1cc(-c2c(Cl)c(Cl)c(Cl)c(Cl)c2Cl)c(Cl)c(Cl)c1Cl,2.6,2.13,0.0,0.04,2.4258
7-Phenylheptanoic acid,O=C(O)CCCCCCc1ccccc1,0.79,1.27,0.57,0.62,1.7771
Tri(2-cyanoethyl)phosphine,N#CCCP(CCC#N)CCC#N,0.9,1.66,0.0,1.54,1.6227
4-trifluoromethylphenol,Oc1ccc(C(F)(F)F)cc1,0.42,0.57,0.84,0.17,0.9691
1-Fluoro-3-nitrobenzene,O=[N+]([O-])c1cccc(F)c1,0.737,1.11,0.0,0.22,0.9083
N-Acetylpyrrolidine,CC(=O)N1CCCC1,0.55,1.63,0.0,0.92,0.9609
"3,3-Dimethylheptane",CCCCC(C)(C)CC,0.0,0.0,0.0,0.0,1.3767
p-Fluoroacetophenone,CC(=O)c1ccc(F)cc1,0.695,1.02,0.0,0.47,1.0316
"4-Fluoro-N,N-dimethylaniline",CN(C)c1ccc(F)cc1,0.76,0.94,0.0,0.41,1.1157
3-Fluorobenzonitrile,N#Cc1cccc(F)c1,0.642,1.09,0.0,0.35,0.8888
3-Ethylpent-1-ene,C=CC(CC)CC,0.085,0.08,0.0,0.08,1.0519
"5,7-Dihydroxyisoflavone",O=c1c(-c2ccccc2)coc2cc(O)cc(O)c12,2.13,2.0,0.7,0.82,1.7871
6-Aminohexan-1-ol,NCCCCCCO,0.435,0.81,0.48,1.08,1.1125
Capsaicin,COc1cc(CNC(=O)CCCCC=CC(C)C)ccc1O,1.25,2.19,0.57,1.45,2.5971
trans-2-Hexene,C/C=C/CCC,0.122,0.08,0.0,0.06,0.911
4-(Methylsulfonyl)benzoic acid,CS(=O)(=O)c1ccc(C(=O)O)cc1,1.06,1.78,0.68,0.96,1.3535
"Cyclohepta-1,3-diene",C1=CCCCC=C1,0.615,0.38,0.0,0.14,0.9003
(4-Fluorophenyl)acetic acid,O=C(O)Cc1ccc(F)cc1,0.6,0.98,0.6,0.58,1.0903
AI-2 (SCH442416),COc1ccc(CCCn2ncc3c2nc(N)n2nc(-c4ccco4)nc32)cc1,3.988,3.2,0.25,1.69,2.7696
"1,1,1-Trifluoropentane",CCCCC(F)(F)F,-0.33,0.14,0.0,0.09,0.8662
Fluroxene,C=COCC(F)(F)F,0.183,0.3,0.0,0.27,0.741
3-n-Butylphenol,CCCCc1cccc(O)c1,0.8,0.91,0.55,0.37,1.3387
Verbenene,C=C1C=CC2CC1C2(C)C,0.635,0.25,0.0,0.29,1.2144
Butylheptylsulfide,CCCCCCCSCCCC,0.324,0.34,0.0,0.36,1.822
Trichloromethylmercaptan,SC(Cl)(Cl)Cl,0.76,0.61,0.0,0.12,0.7802
"4-tert-Butyl-2,6-dinitrophenol",CC(C)(C)c1cc([N+](=O)[O-])c(O)c([N+](=O)[O-])c1,1.16,1.75,0.06,0.49,1.6871
"2-Ethyl-4,6-dinitrophenol",CCc1cc([N+](=O)[O-])cc([N+](=O)[O-])c1O,1.2,1.56,0.04,0.52,1.4053
"3,3-Dimethyloctane",CCCCCC(C)(C)CC,0.0,0.0,0.0,0.0,1.5176
Ethylpropylsulfide,CCCSCC,0.365,0.39,0.0,0.36,0.9766
Ethyl pentadecanoate,CCCCCCCCCCCCCCC(=O)OCC,0.0,0.58,0.0,0.45,2.5783
8-Hydroxyjulolidine,Oc1ccc2c3c1CCCN3CCC2,1.48,1.28,0.52,0.75,1.5031
Pentylheptylsulfide,CCCCCCCSCCCCC,0.318,0.34,0.0,0.36,1.9629
Methylcycloheptane,CC1CCCCCC1,0.3,0.1,0.0,0.0,1.1272
"2,6-Di-tert-butyl-4-ethylphenol",CCc1cc(C(C)(C)C)c(O)c(C(C)(C)C)c1,0.84,0.9,0.18,0.52,2.1841
"1,2-Dimethyl-4-isopropylbenzene",Cc1ccc(C(C)C)cc1C,0.674,0.57,0.0,0.22,1.4209
R-Etodolac,CCc1cccc2c3c([nH]c12)C(CC)(CC(=O)O)OCC3,1.803,2.17,1.05,1.15,2.239
Canrenoic acid,CC12CCC(=O)C=C1C=CC1C2CCC2(C)C1CCC2(O)CCC(=O)O,1.88,3.08,0.82,1.65,2.8368
Metamitron,Cc1nnc(-c2ccccc2)c(=O)n1N,1.89,1.83,0.25,1.16,1.5003
PCB 142,Clc1ccccc1-c1c(Cl)c(Cl)c(Cl)c(Cl)c1Cl,2.16,1.74,0.0,0.11,2.0586
PCB 160,Clc1cccc(-c2c(Cl)c(Cl)c(Cl)c(Cl)c2Cl)c1,2.19,1.74,0.0,0.11,2.0586
PCB 166,Clc1ccc(-c2c(Cl)c(Cl)c(Cl)c(Cl)c2Cl)cc1,2.18,1.74,0.0,0.11,2.0586
PCB 190,Clc1ccc(-c2c(Cl)c(Cl)c(Cl)c(Cl)c2Cl)cc1Cl,2.33,1.87,0.0,0.09,2.181
4'-Hydroxyflavone,O=c1cc(-c2ccc(O)cc2)oc2ccccc12,2.0,1.78,0.69,0.86,1.7284
"3',4'-Dihydroxyflavone",O=c1cc(-c2ccc(O)c(O)c2)oc2ccccc12,2.15,1.91,0.88,1.05,1.7871
Diisoheptyl phthalate,CC(C)CCCCOC(=O)c1ccccc1C(=O)OCCCCC(C)C,0.65,1.26,0.0,0.99,3.1196
PCB 44,Clc1ccc(Cl)c(-c2cccc(Cl)c2Cl)c1,1.9,1.48,0.0,0.15,1.8138
PCB 49,Clc1ccc(-c2cc(Cl)ccc2Cl)c(Cl)c1,1.89,1.48,0.0,0.15,1.8138
PCB 53,Clc1ccc(Cl)c(-c2c(Cl)cccc2Cl)c1,1.87,1.48,0.0,0.15,1.8138
PCB 72,Clc1cc(Cl)cc(-c2cc(Cl)ccc2Cl)c1,1.93,1.46,0.0,0.13,1.8138
PCB 56,Clc1ccc(-c2cccc(Cl)c2Cl)cc1Cl,1.92,1.46,0.0,0.13,1.8138
PCB 71,Clc1ccc(-c2c(Cl)cccc2Cl)cc1Cl,1.89,1.48,0.0,0.15,1.8138
PCB 46,Clc1cccc(-c2c(Cl)cccc2Cl)c1Cl,1.87,1.48,0.0,0.15,1.8138
PCB 79,Clc1cc(Cl)cc(-c2ccc(Cl)c(Cl)c2)c1,1.95,1.44,0.0,0.11,1.8138
PCB 58,Clc1cc(Cl)cc(-c2cccc(Cl)c2Cl)c1,1.93,1.46,0.0,0.13,1.8138
PCB 97,Clc1cc(Cl)c(-c2cccc(Cl)c2Cl)cc1Cl,2.04,1.61,0.0,0.13,1.9362
Dipropetryn,CCSc1nc(NC(C)C)nc(NC(C)C)n1,1.4,1.2,0.17,1.01,2.0834
Bupirimate,CCCCc1c(C)nc(NCC)nc1OS(=O)(=O)N(C)C,1.4,1.45,0.2,1.38,2.4415
6-Methylbenzo[e]pyrene,Cc1ccc2c3ccccc3c3cccc4ccc1c2c43,3.625,1.96,0.0,0.35,2.0945
2-Chlorobutanoic acid,CCC(Cl)C(=O)O,0.359,0.85,0.74,0.39,0.869
4-Acetyl-1-phenyl-3-methyl-5-pyrazolone,CC(=O)C1C(=O)N(c2ccccc2)N=C1C,1.54,1.35,0.0,1.1,1.6412
Tetracontane,CCCCCCCCCCCCCCCCCCCCCCCCCCCCCCCCCCCCCCCC,0.0,0.0,0.0,0.0,5.7446
Cyanamide,N#CN,0.45,1.36,0.26,0.32,0.3631
2-Fluoropropane,CC(C)F,0.03,0.21,0.0,0.12,0.549
"2,2-Difluoropropane",CC(C)(F)F,-0.2,0.31,0.0,0.12,0.5667
"1,1,1-Trifluoroethane",CC(F)(F)F,-0.33,0.1,0.0,0.1,0.4435
clonidine,Clc1cccc(Cl)c1N=C1NCCN1,1.6,1.5,0.4,1.06,1.5317
"1-Bromo-2,2-difluoropropane",CC(F)(F)CBr,0.132,0.65,0.0,0.13,0.7417
"1,1-Difluoro-1-chloro-2-bromoethane",FC(F)(Cl)CBr,0.236,0.5,0.0,0.06,0.7232
"1,1-Difluoro-1-chloropropane",CCC(F)(F)Cl,-0.095,0.24,0.01,0.08,0.6891
"1-Chloro-1,1,2-trifluoroethane",FCC(F)(F)Cl,-0.16,0.35,0.06,0.08,0.5659
"1,1,1-Trifluoropropane",CCC(F)(F)F,-0.33,0.08,0.0,0.08,0.5844
"1,1,1-Trifluoro-2-bromopropane",CC(Br)C(F)(F)F,0.034,0.33,0.08,0.08,0.7594
"2,2,3,3-Tetrafluorobutane",CC(F)(F)C(C)(F)F,-0.392,0.12,0.0,0.16,0.743
1-Ethyl-4-isopropylbenzene,CCc1ccc(C(C)C)cc1,0.63,0.49,0.0,0.19,1.4209
Nadolol,CC(C)(C)NCC(O)COc1cccc2c1CC(O)C(O)C2,1.63,1.64,0.85,2.34,2.4923
"1,2,3-Triethylbenzene",CCc1cccc(CC)c1CC,0.78,0.58,0.0,0.2,1.5618
1-Bromoheptafluoropropane,FC(F)(F)C(F)(F)C(F)(F)Br,-0.36,-0.27,0.0,0.0,0.8302
2-Propylfuran,CCCc1ccco1,0.349,0.49,0.0,0.16,0.959
"3,4-Dimethoxy-b-nitrostyrene",COc1ccc(C=C[N+](=O)[O-])cc1OC,1.17,1.72,0.0,0.81,1.5286
"2,2,3,3,4,4,5,5,6,6,6-Undecafluorohexan-1-ol",OCC(F)(F)C(F)(F)C(F)(F)C(F)(F)C(F)(F)F,-0.682,0.02,0.69,0.03,1.2074
Diltiazem,COc1ccc([C@@H]2Sc3ccccc3N(CCN(C)C)C(=O)[C@@H]2OC(C)=O)cc1,2.661,2.14,0.0,2.22,3.1365
"5,6,7,8-Tetrahydronaphthalene-1-carboxylic acid",O=C(O)c1cccc2c1CCCC2,1.01,1.02,0.59,0.43,1.3867
Isopentyl acrylate,C=CC(=O)OCCC(C)C,0.13,0.57,0.0,0.42,1.2672
N-Methylthalidomide,CN1C(=O)CCC(N2C(=O)c3ccccc3C2=O)C1=O,1.982,2.43,0.0,1.28,1.8888
"2,3,5-Trithiahexane",CSCSSC,1.04,1.0,0.0,0.44,1.0218
Isazofos,CCOP(=S)(OCC)Oc1nc(Cl)n(C(C)C)n1,1.52,1.45,0.0,1.31,2.1481
Diisopropyldisulfide,CC(C)SSC(C)C,0.612,0.46,0.0,0.41,1.281
Dipentylsulfone,CCCCCS(=O)(=O)CCCCC,0.505,1.65,0.0,0.76,1.7985
MDMA,CNC(C)Cc1ccc2c(c1)OCO2,0.92,1.16,0.08,0.89,1.5295
"trans-Cyclooctane-1,2-diol",OC1CCCCCCC1O,0.726,0.85,0.75,0.91,1.2446
"2-Chloro-1,1,2-trifluoro-1-methoxyethane",COC(F)(F)C(F)Cl,-0.039,0.49,0.09,0.11,0.7655
2-Methylbenzofuran,Cc1cc2ccccc2o1,0.897,0.82,0.0,0.15,1.0462
Heptyl octanoate,CCCCCCCOC(=O)CCCCCCC,0.0,0.56,0.0,0.45,2.2965
N-Methyl-4-phenylbutylamine,CNCCCCc1ccccc1,0.75,0.82,0.08,0.86,1.5207
Cyproterone acetate,CC(=O)OC1(C(C)=O)CCC2C3C=C(Cl)C4=CC(=O)C5CC5C4(C)C3CCC21C,2.45,4.04,0.0,1.51,3.0894
1-Iodoundecane,CCCCCCCCCCCI,0.59,0.4,0.0,0.16,1.9167
Ethyl 2-pyrimidinecarboxylate,CCOC(=O)c1ncccn1,0.73,1.68,0.0,0.99,1.1313
1-Iodododecane,CCCCCCCCCCCCI,0.585,0.4,0.0,0.16,2.0576
"1,1,2-Trifluoroethane",FCC(F)F,-0.3,0.3,0.16,0.12,0.4435
"Butan-2,3-dione",CC(=O)C(C)=O,0.22,0.73,0.0,0.62,0.7036
"1,1,1-Trifluoro-2,3-dibromopropane",FC(F)(F)C(Br)CBr,0.362,0.65,0.09,0.15,0.9344
Triadimefon,CC(C)(C)C(=O)C(Oc1ccc(Cl)cc1)n1cncn1,1.68,1.79,0.0,1.24,2.1452
Methyl trifluoroacetate,COC(=O)C(F)(F)F,-0.14,0.23,0.0,0.41,0.6588
"1,1,1,2,3,3-Hexafluoropropane",FC(F)C(F)C(F)(F)F,-0.59,0.0,0.05,0.01,0.6375
"3,5,5-Trimethylhex-1-ene",C=CC(C)CC(C)(C)C,0.11,0.08,0.0,0.07,1.3337
"1,1,1,2,3,3,3-Heptafluoropropane",FC(C(F)(F)F)C(F)(F)F,-0.557,-0.09,0.07,0.08,0.6552
Zopiclone,CN1CCN(C(=O)OC2c3nccnc3C(=O)N2c2ccc(Cl)cn2)CC1,3.1,2.49,0.0,2.23,2.6228
2-Trifluoromethylbenzoic acid,O=C(O)c1ccccc1C(F)(F)F,0.507,0.85,0.65,0.37,1.1257
Ethisterone,C#CC1(O)CCC2C3CCC4=CC(=O)CCC4(C)C3CCC21C,1.72,2.84,0.44,1.31,2.5785
Nandrolone,CC12CCC3C4CCC(=O)C=C4CCC3C1CCC2O,1.54,2.59,0.32,1.19,2.2418
Perfluorotoluene,Fc1c(F)c(F)c(C(F)(F)F)c(F)c1F,-0.055,0.35,0.0,0.04,0.9989
fentanyl,CCC(=O)N(c1ccccc1)C1CCN(CCc2ccccc2)CC1,1.83,1.75,0.0,1.81,2.8399
Octahydroindole,C1CCC2NCCC2C1,0.49,0.69,0.13,0.61,1.1184
Monomethylphthalate,COC(=O)c1ccccc1C(=O)O,0.85,1.52,0.65,0.8,1.2879
5-BOIAA,O=C(O)Cc1c[nH]c2ccc(OCc3ccccc3)cc12,2.05,2.28,0.88,1.08,2.11
Methoxymethyl acetate,COCOC(C)=O,0.11,0.75,0.0,0.71,0.8053
"1,4-dihydro-3H-isochromen-3-one",O=C1Cc2ccccc2CO1,0.96,1.96,0.0,0.58,1.1049
Protriptyline,CNCCCC1c2ccccc2C=Cc2ccccc21,1.72,1.84,0.08,0.95,2.2587
"2,2,4,4,6,8,8-Heptamethylnonane",CC(CC(C)(C)C)CC(C)(C)CC(C)(C)C,0.049,0.0,0.0,0.0,2.363
Diazepam,CN1C(=O)CN=C(c2ccccc2)c2cc(Cl)ccc21,2.17,1.78,0.0,1.27,2.0739
Niflumic acid,O=C(O)c1cccnc1Nc1cccc(C(F)(F)F)c1,1.54,1.71,0.75,0.79,1.7922
N-Formylmorpholine,O=CN1CCOCC1,0.561,1.38,0.0,0.99,0.8787
2-Chloro-4-isopropyltoluene,Cc1ccc(C(C)C)cc1Cl,0.741,0.7,0.0,0.08,1.4024
Beclomethasone,CC1CC2C3CCC4=CC(=O)C=CC4(C)C3(Cl)C(O)CC2(C)C1(O)C(=O)CO,2.25,3.62,0.71,2.0,3.0179
Foscarnet,O=C(O)P(=O)(O)O,0.73,1.05,2.2,1.35,0.7046
4-(methylthio)butylisothioyanate,CSCCCCN=C=S,1.02,1.2,0.0,0.57,1.2948
Metronidazole,Cc1ncc([N+](=O)[O-])n1CCO,1.12,1.79,0.37,1.04,1.1919
2-Isobutoxyethanol,CC(C)COCCO,0.17,0.56,0.3,0.85,1.0714
2-Trifluoromethylphenol,Oc1ccccc1C(F)(F)F,0.42,0.43,0.74,0.22,0.9691
Cycloheptanemethanol,OCC1CCCCCC1,0.46,0.84,0.31,0.45,1.1859
2-Fluoroacetophenone,CC(=O)c1ccccc1F,0.677,1.06,0.0,0.46,1.0316
2-Fluorobenzoic acid,O=C(O)c1ccccc1F,0.802,0.71,0.7,0.48,0.9494
"1,1-Dimethoxybutane",CCCC(OC)OC,0.025,0.47,0.0,0.8,1.0714
"2,4-Difluoronitrobenzene",O=[N+]([O-])c1ccc(F)cc1F,0.677,1.18,0.0,0.27,0.926
2-Fluorobenzyl alcohol,OCc1ccccc1F,0.692,0.92,0.42,0.52,0.9337
2-Fluorobenzaldehyde,O=Cc1ccccc1F,0.72,1.05,0.0,0.31,0.8907
2-Butylfuran,CCCCc1ccco1,0.339,0.47,0.0,0.17,1.0999
"4',5,7-Trihydroxyisoflavone    Genistein",O=c1c(-c2ccc(O)cc2)coc2cc(O)cc(O)c12,2.36,1.95,1.39,1.0,1.8458
Azathioprine,Cn1cnc([N+](=O)[O-])c1Sc1[nH]cnc2ncnc1-2,2.317,2.7,0.56,1.46,1.7294
"1,2-Dihydronaphthalene",C1=Cc2ccccc2CC1,1.093,0.69,0.0,0.25,1.1284
Sulforaphane,CS(=O)CCCCN=C=S,1.13,1.96,0.0,1.09,1.3535
2-Phenyl-3-methylbutane,CC(C)C(C)c1ccccc1,0.583,0.6,0.0,0.18,1.4209
"2,7,12,17-tetraethyl-3,8,13,18-tetramethyl-21,22-dihydroporphyrin",CCC1=C(C)c2cc3[nH]c(cc4nc(cc5[nH]c(cc1n2)c(C)c5CC)C(C)=C4CC)c(C)c3CC,2.73,2.35,0.31,1.07,4.0006
2-Fluorophenylacetic acid,O=C(O)Cc1ccccc1F,0.6,0.92,0.62,0.62,1.0903
"2,3-Difluorobenzoic acid",O=C(O)c1cccc(F)c1F,0.689,0.88,0.74,0.4,0.9671
(4-Methoxyphenyl)butanoic acid,COc1ccc(CCCC(=O)O)cc1,0.88,1.21,0.56,0.77,1.554
"4-Methyl-1,2-dihydroxybenzene",Cc1ccc(O)c(O)c1,0.95,1.22,0.85,0.49,0.9747
Methyl fluoroacetate,COC(=O)CF,0.15,1.06,0.0,0.35,0.6234
cyanoethylene oxide,N#CC1CO1,0.415,1.34,0.0,0.61,0.4952
3-Trifluoromethylbenzaldehyde,O=Cc1cccc(C(F)(F)F)c1,0.454,0.9,0.0,0.28,1.067
"1,9-Dibromononane",BrCCCCCCCCCBr,0.675,0.8,0.0,0.27,1.7267
N-Nitrosomethylvinylamine,C=CNCN=O,0.5,0.97,0.0,0.36,0.7036
N-Nitrosomethylallylamine,C=CCN(C)N=O,0.47,1.13,0.0,0.4,0.8445
4-Trifluoromethylaniline,Nc1ccc(C(F)(F)F)cc1,0.555,0.94,0.37,0.19,1.0102
cis-Hydrindane,C1CC[C@H]2CCC[C@H]2C1,0.439,0.25,0.0,0.0,1.1595
4-Benzoyl-1-phenyl-3-methyl-5-pyrazolone,CC1=NN(c2ccccc2)C(=O)C1C(=O)c1ccccc1,2.15,1.3,0.0,1.39,2.1081
4-Trifluoromethylbenzaldehyde,O=Cc1ccc(C(F)(F)F)cc1,0.443,0.93,0.0,0.32,1.067
4-Trifluoromethylbenzoic acid,O=C(O)c1ccc(C(F)(F)F)cc1,0.507,0.85,0.66,0.24,1.1257
"1,1,1-Trifluoro-4(2-thienyl)-4-mercaptobut-3-en-2-one",O=C(C=C(S)c1cccs1)C(F)(F)F,0.95,1.08,0.0,0.42,1.394
3-Fluoroacetophenone,CC(=O)c1cccc(F)c1,0.684,1.0,0.0,0.46,1.0316
3-Fluorobenzamide,NC(=O)c1cccc(F)c1,0.88,1.46,0.5,0.55,0.9905
3-Fluorobenzoic acid,O=C(O)c1cccc(F)c1,0.802,0.62,0.64,0.4,0.9494
"3,5-Difluorobenzoic acid",O=C(O)c1cc(F)cc(F)c1,0.689,0.68,0.68,0.34,0.9671
"3,4-Difluorobenzoic acid",O=C(O)c1ccc(F)c(F)c1,0.689,0.68,0.73,0.36,0.9671
1-Phenyl-1-methylurea,CN(C(N)=O)c1ccccc1,1.08,1.4,0.4,1.01,1.2135
4-Fluorobenzoic acid,O=C(O)c1ccc(F)cc1,0.802,0.55,0.61,0.45,0.9494
3-Fluorobenzyl alcohol,OCc1cccc(F)c1,0.674,0.86,0.42,0.52,0.9337
3-Fluorobenzaldehyde,O=Cc1cccc(F)c1,0.711,0.99,0.0,0.37,0.8907
3-Fluoroanisole,COc1cccc(F)c1,0.571,0.72,0.0,0.27,0.9337
Trifluoromethylphenylether,FC(F)(F)Oc1ccccc1,0.162,0.35,0.0,0.1,0.9691
Dimethyl undecanedioate,COC(=O)CCCCCCCCCC(=O)OC,0.124,1.28,0.0,0.99,2.0891
Curcumin,COc1cc(C=CC(=O)CC(=O)C=Cc2ccc(O)c(OC)c2)ccc1O,2.3,2.73,0.52,1.8,2.7725
2-Bromopyrimidine,Brc1ncccn1,0.88,0.89,0.0,0.61,0.8092
4-Fluorobenzyl alcohol,OCc1ccc(F)cc1,0.66,0.88,0.42,0.52,0.9337
4-Fluorobenzaldehyde,O=Cc1ccc(F)cc1,0.711,1.01,0.0,0.39,0.8907
4-Fluoroanisole,COc1ccc(F)cc1,0.571,0.74,0.0,0.28,0.9337
1-Fluoropropane,CCCF,0.033,0.21,0.0,0.12,0.549
"1,1,1-Trifluorobutane",CCCC(F)(F)F,-0.33,0.12,0.0,0.09,0.7253
"1,1,1-Trifluoro-3-chloropropane",FC(F)(F)CCCl,-0.154,0.16,0.0,0.26,0.7068
"1,1,1,3,3-Pentafluoro-3-bromopropane",FC(F)(F)CC(F)(F)Br,-0.162,0.5,0.0,0.08,0.7948
"1,1,1,3,3-Pentafluoro-3-chloropropane",FC(F)(F)CC(F)(F)Cl,-0.386,0.31,0.0,0.02,0.7422
2-Cyanoguanidine,N#CNC(=N)N,0.7,1.78,1.09,0.58,0.6606
Lactulose,OCC1OC(OC2C(CO)OC(O)(CO)C2O)C(O)C(O)C1O,2.4,2.4,2.5,3.25,2.2279
Fluorobenzene,Fc1ccccc1,0.477,0.57,0.0,0.1,0.7341
3-Aminopyridine,Nc1cccnc1,0.98,1.1,0.35,0.68,0.7751
Tridecan-7-one,CCCCCCC(=O)CCCCCC,0.058,0.66,0.0,0.51,1.956
"1,3-difluoropropane",FCCCF,-0.2,0.55,0.12,0.21,0.5667
Cis-1-chlorobut-2-ene,C/C=C\CCl,0.374,0.67,0.0,0.13,0.7516
"1,5-Diaminopentane",NCCCCCN,0.422,0.63,0.39,1.15,1.0127
Diethoxymethane,CCOCOCC,0.01,0.49,0.0,0.54,0.9305
Valencene,C=C(C)[C@@H]1CCC2=CCC[C@@H](C)[C@]2(C)C1,0.807,0.26,0.0,0.34,1.9189
3-Methylcarbazole,Cc1ccc2[nH]c3ccccc3c2c1,1.787,2.04,0.09,0.12,1.4563
Methyl cyclohexanecarboxylate,COC(=O)C1CCCCC1,0.31,0.89,0.0,0.45,1.2016
1-Fluorooctane,CCCCCCCCF,-0.024,0.35,0.0,0.15,1.2535
1-Fluorononane,CCCCCCCCCF,-0.031,0.35,0.0,0.15,1.3944
"2,2-Dimethylpropane",CC(C)(C)C,0.0,-0.08,0.0,0.0,0.8131
"2,2,3-Trimethylbutane",CC(C)C(C)(C)C,0.0,0.0,0.0,0.0,1.0949
"3,3-dimethyl-2-butanol",CC(O)C(C)(C)C,0.193,0.3,0.33,0.56,1.0127
Bornylene,CC12C=CC(CC1)C2(C)C,0.49,0.19,0.0,0.19,1.2574
Trendione,CC12C=CC3=C4CCC(=O)C=C4CCC3C1CCC2=O,1.56,2.55,0.0,1.3,2.1128
Isopropyl methacrylate,C=C(C)C(=O)OC(C)C,0.141,0.5,0.0,0.45,1.1263
Naloxone,C=CCN1CCC23c4c5ccc(O)c4OC2C(=O)CCC3(O)C1C5,2.37,2.03,0.5,1.8,2.3623
Aziprotryn,CSc1nc(N=[N+]=[N-])nc(NC(C)C)n1,1.61,1.12,0.11,0.87,1.6334
"2,6-Dichlorobenzoyl chloride",O=C(Cl)c1c(Cl)cccc1Cl,1.028,1.6,0.0,0.21,1.2402
hydromorphone,CN1CC[C@]23c4c5ccc(O)c4O[C@H]2C(=O)CC[C@H]3[C@H]1C5,1.73,1.58,0.39,1.75,2.0648
Nootkatone,C=C(C)C1CCC2=CC(=O)CC(C)C2(C)C1,0.766,0.84,0.0,0.83,1.9346
Viloxazine,CCOc1ccccc1OCC1CNCCO1,1.06,1.72,0.16,1.23,1.87
doxylamine,CN(C)CCOC(C)(c1ccccc1)c1ccccn1,1.41,1.57,0.0,1.57,2.287
alpha-Cedrene,CC1=CC[C@@]23C[C@@H]1C(C)(C)[C@@H]2CC[C@H]3C,0.711,0.18,0.0,0.24,1.8533
Propoxyphene,CCC(=O)OC(Cc1ccccc1)(c1ccccc1)C(C)CN(C)C,1.5,1.95,0.0,1.5,2.9074
Cabenicillin,CC1(C)SC2C(NC(=O)C(C(=O)O)c3ccccc3)C(=O)N2C1C(=O)O,2.75,2.12,1.0,2.37,2.5924
Thujopsene,CC1=CC[C@]2(C)CCCC(C)(C)[C@@]23C[C@@H]13,0.742,0.17,0.0,0.29,1.8533
"1,3-Dimethyl-5-isopropylbenzene",Cc1cc(C)cc(C(C)C)c1,0.633,0.49,0.0,0.18,1.4209
"Methyl-2,4-dihydroxy-3,6-dimethyl benzoate",COC(=O)c1c(C)cc(O)c(C)c1O,1.06,1.34,0.7,0.63,1.4718
"1,8-Cineole",CC12CCC(CC1)C(C)(C)O2,0.383,0.35,0.0,0.76,1.3591
Thujane,CC1CCC2(C(C)C)CC12,0.304,0.16,0.0,0.14,1.3004
Betulinic acid,C=C(C)C1CCC2(C(=O)O)CCC3(C)C(CCC4C5(C)CCC(O)C(C)(C)C5CCC43C)C12,1.64,1.87,0.74,1.37,3.8827
α-Selinene,C=C(C)[C@@H]1CC[C@@]2(C)CCC=C(C)[C@@H]2C1,0.823,0.26,0.0,0.34,1.9189
d-Selinene,CC1=C2C=C(C(C)C)CCC2(C)CCC1,0.823,0.26,0.0,0.34,1.9189
Betulin,C=C(C)[C@@H]1CC[C@]2(CO)CC[C@]3(C)[C@H](CC[C@@H]4[C@@]5(C)CC[C@H](O)C(C)(C)[C@@H]5CC[C@]43C)[C@@H]12,1.68,2.19,0.79,1.15,3.867
"1,1-Diethoxypropane",CCOC(CC)OCC,-0.021,0.38,0.0,0.81,1.2123
Methylisopropylamine,CNC(C)C,0.132,0.27,0.08,0.69,0.772
4-Ethylbenzaldehyde,CCc1ccc(C=O)cc1,0.873,0.99,0.0,0.41,1.1548
Longifolene,C=C1[C@H]2CC[C@@H]3[C@@H]2C(C)(C)CCC[C@]13C,0.757,0.2,0.0,0.22,1.8533
"Propane-1,2,3-trithiol",SCC(S)CS,1.12,1.14,0.0,0.66,1.0218
Isotretinoin,CC(C=CC1=C(C)CCCC1(C)C)=CC=CC(C)=CC(=O)O,1.03,1.03,0.6,0.82,2.6774
Triptycene,c1ccc2c(c1)C1c3ccccc3C2c2ccccc21,2.28,1.64,0.0,0.55,1.9966
1-Naphthalenemethanol,OCc1cccc2ccccc12,1.53,1.27,0.39,0.62,1.285
Pentaethyleneglycol,OCCOCCOCCOCCOCCO,0.371,2.01,0.58,2.03,1.8698
cholanthrene,c1cc2c3c(c4ccc5ccccc5c4cc3c1)CC2,3.264,1.6,0.0,0.48,1.9966
"N,2,4,6-Tetranitro-N-methylaniline",CN(c1c([N+](=O)[O-])cc([N+](=O)[O-])cc1[N+](=O)[O-])[N+](=O)[O-],1.82,2.14,0.0,1.05,1.6539
Bis(4-chlorophenyl) hydrogen phosphate,O=P(O)(Oc1ccc(Cl)cc1)Oc1ccc(Cl)cc1,1.44,1.76,0.95,1.2,2.0084
1-hexen-3-ol,C=CC(O)CCC,0.274,0.39,0.35,0.62,0.9697
"2',3,4',5,7-Pentahydroxyflavone",O=c1c(O)c(-c2ccc(O)cc2O)oc2cc(O)cc(O)c12,2.75,2.34,2.13,1.5,1.9632
"5,7-Dihydroxyflavone",O=c1cc(-c2ccccc2)oc2cc(O)cc(O)c12,2.13,1.98,0.69,0.73,1.7871
"2,3-Dihydro-4',5,7-trihydroxyflavone",O=C1CC(c2ccc(O)cc2)Oc2cc(O)cc(O)c21,2.23,1.8,1.38,1.22,1.8888
4-Hydroxybenzofuran,Oc1cccc2occc12,1.06,1.25,0.6,0.3,0.964
Cholestane,CC(C)CCC[C@@H](C)[C@H]1CC[C@H]2[C@@H]3CC[C@H]4CCCC[C@]4(C)[C@H]3CC[C@]12C,0.766,1.51,0.0,0.0,3.4785
2-Isopropoxyphenol,CC(C)Oc1ccccc1O,0.75,0.88,0.2,0.67,1.2565
"1,4-Di-n-propylbenzene",CCCc1ccc(CCC)cc1,0.62,0.49,0.0,0.18,1.5618
Indigo,O=C1C(=C2Nc3ccccc3C2=O)Nc2ccccc21,2.52,1.95,0.3,0.82,1.8586
"1,3-Dithiolane",C1CSCS1,0.952,0.98,0.0,0.52,0.7497
δ-Cadinene,CC1=C[C@@H]2C(=C(C)CC[C@H]2C(C)C)CC1,0.817,0.29,0.0,0.36,1.9189
Cadalene,Cc1ccc2c(C)ccc(C(C)C)c2c1,1.423,0.92,0.0,0.25,1.7899
3-Chlorpromazine,CN(C)CCCN1c2ccccc2Sc2cc(Cl)ccc21,2.16,1.59,0.0,1.0,2.4056
5-Methoxypsoralen,COc1c2ccoc2cc2oc(=O)ccc12,1.611,1.6,0.0,0.8,1.4504
1-Chlorohexadecane,CCCCCCCCCCCCCCCCCl,0.173,0.42,0.0,0.1,2.4854
1-Chloropentadecane,CCCCCCCCCCCCCCCCl,0.175,0.42,0.0,0.1,2.3445
9-Fluorenone,O=C1c2ccccc2-c2ccccc21,1.747,1.51,0.0,0.36,1.3722
Cotinine,CN1C(=O)CCC1c1cccnc1,1.049,1.49,0.0,1.38,1.3867
Daidzein,O=c1c(-c2ccc(O)cc2)coc2cc(O)ccc12,2.21,1.62,1.37,1.06,1.7871
3-(Mercapto)benzoic acid,O=C(O)c1cccc(S)c1,1.22,1.08,0.75,0.42,1.0952
"2,4,6-Timethylbenzaldehyde",Cc1cc(C)c(C=O)c(C)c1,0.89,1.0,0.0,0.43,1.2957
Tetrabromocatechol,Oc1c(O)c(Br)c(Br)c(Br)c1Br,2.394,2.69,1.35,0.1,1.5338
"2,3,4,5-Tetramethylphenol",Cc1cc(O)c(C)c(C)c1C,0.86,0.88,0.55,0.43,1.3387
Aromadendrene,C=C1CC[C@@H]2[C@H]([C@@H]3[C@H](C)CC[C@@H]13)C2(C)C,0.7,0.23,0.0,0.29,1.8533
α-Gurjunene,CC1=C2[C@H](CC1)[C@H](C)CC[C@@H]1[C@H]2C1(C)C,0.737,0.21,0.0,0.28,1.8533
Trans-1-chlorobut-2-ene,C/C=C/CCl,0.358,0.69,0.0,0.11,0.7516
"2,3,4,5-Tetrachlorophenol",Oc1cc(Cl)c(Cl)c(Cl)c1Cl,1.17,0.88,0.7,0.13,1.2647
"2,5-Dihydroxybenzoic acid",O=C(O)c1cc(O)ccc1O,1.14,1.33,1.14,0.64,1.0491
3-Chloro-4-nitrophenol,O=[N+]([O-])c1ccc(O)cc1Cl,1.18,1.85,0.9,0.19,1.0717
4-Methylquinoline,Cc1ccnc2ccccc12,1.335,0.95,0.0,0.55,1.1852
4H-1-Benzopyran-4-one,O=c1ccoc2ccccc12,1.06,1.67,0.0,0.46,1.0619
"cis-3,4-Dimethylpent-2-ene",CC=C(C)C(C)C,0.158,0.1,0.0,0.12,1.0519
"5,6,7-Trihydroxyflavone",O=c1cc(-c2ccccc2)oc2cc(O)c(O)c(O)c12,2.24,2.18,0.57,0.9,1.8458
Luteolin,O=c1cc(-c2ccc(O)c(O)c2)oc2cc(O)cc(O)c12,2.5,2.28,1.57,1.13,1.9045
5-Hydroxyflavone,O=c1cc(-c2ccccc2)oc2cccc(O)c12,1.91,1.91,0.02,0.52,1.7284
"5,7-Dihydroxy-4'-methoxyflavone 14764",COc1ccc(-c2coc3cc(O)cc(O)c3c2=O)cc1,2.2,2.09,0.69,1.08,1.9867
(4-Ethoxyphenyl)acetic acid,CCOc1ccc(CC(=O)O)cc1,0.88,1.22,0.56,0.74,1.4131
"3,7-Dihydroxyflavone",O=c1c(O)c(-c2ccccc2)oc2cc(O)ccc12,2.16,1.83,1.02,1.08,1.7871
3-Methyl-2-nitrophenol,Cc1cccc(O)c1[N+](=O)[O-],1.03,1.01,0.14,0.48,1.0902
1-Ethyl-3-isopropylbenzene,CCc1cccc(C(C)C)c1,0.63,0.48,0.0,0.19,1.4209
Thioxanthen-9-one,O=c1c2ccccc2sc2ccccc12,1.94,1.43,0.0,0.557,1.5357
2-Phenylpropanoic acid,CC(C(=O)O)c1ccccc1,0.75,1.3,0.58,0.59,1.2135
"2,3-Dimethylbenzo[b]thiophene",Cc1sc2ccccc2c1C,1.32,0.85,0.0,0.21,1.2919
c-Decahydronaphthalene,C1CCC2CCCCC2C1,0.544,0.25,0.0,0.0,1.3004
t-Decahydronaphthalene,C1CCC2CCCCC2C1,0.467,0.23,0.0,0.0,1.3004
"1,4-Benzodioxan",c1ccc2c(c1)OCCO2,0.874,1.07,0.0,0.35,1.007
Hept-1-en-3-ol,C=CC(O)CCCC,0.267,0.39,0.35,0.62,1.1106
Veltol,CCc1occc(=O)c1O,0.93,1.13,0.16,0.8,1.0334
Menthofuran,Cc1coc2c1CCC(C)C2,0.562,0.76,0.0,0.14,1.2731
2-Fluoropyrazine,Fc1cnccn1,0.496,0.76,0.0,0.51,0.6519
n-Propyl phenyl ketone,CCCC(=O)c1ccccc1,0.797,0.95,0.0,0.51,1.2957
α-Zingiberene,CC(C)=CCC[C@H](C)[C@@H]1C=CC(C)=CC1,0.68,0.3,0.0,0.34,1.9845
β-Bisabolene,C=C(CCC=C(C)C)[C@@H]1CC=C(C)CC1,0.656,0.36,0.0,0.37,1.9845
Hydrindane,C1CCC2CCCC2C1,0.439,0.2,0.0,0.0,1.1595
"2,3-Dihydro-1H-indene",c1ccc2c(c1)CCC2,0.829,0.62,0.0,0.15,1.0305
Phthalan,c1ccc2c(c1)COC2,0.847,1.11,0.0,0.35,0.9483
a-Bromovalerylurea,CC(C)C(Br)C(=O)NC(N)=O,0.96,1.54,0.65,0.89,1.36
"2,4,5-Trimethylphenol",Cc1cc(C)c(O)cc1C,0.85,0.79,0.51,0.44,1.1978
trans-2-Methylbut-2-en-1-al,CC=C(C)C=O,0.404,0.73,0.0,0.49,0.7858
"But-3-en-1,2-diol",C=CC(O)CO,0.468,0.85,0.56,0.9,0.7466
"2-Methyl-1,3-dioxolane",CC1OCCO1,0.241,0.59,0.0,0.62,0.681
norcamphor,O=C1CC2CCC1C2,0.47,0.91,0.0,0.56,0.8934
Arbutin,OCC1OC(Oc2ccc(O)cc2)C(O)C(O)C1O,2.0,2.2,0.96,2.13,1.8641
Apocynin,COc1cc(C(C)=O)ccc1O,1.0,1.48,0.37,0.75,1.2722
1-Chloroanthracene,Clc1cccc2cc3ccccc3cc12,2.4,1.47,0.0,0.21,1.5768
3-Furaldehyde,O=Cc1ccoc1,0.58,1.12,0.0,0.39,0.6929
2-norbornene,C1=CC2CCC1C2,0.46,0.25,0.0,0.03,0.8347
"3,5-Dimethylbenzoic acid",Cc1cc(C)cc(C(=O)O)c1,0.73,0.92,0.65,0.44,1.2135
Aconitic acid,O=C(O)C=C(CC(=O)O)C(=O)O,0.76,1.22,1.71,0.98,1.1342
Formaldehyde,C=O,0.22,0.62,0.0,0.33,0.2652
Dexamethasone,C[C@@H]1C[C@H]2[C@@H]3CCC4=CC(=O)C=C[C@]4(C)[C@@]3(F)[C@@H](O)C[C@]2(C)[C@@]1(O)C(=O)CO,2.04,3.51,0.71,1.92,2.9132
Cortisone-21-acetate,CC(=O)OCC(=O)C1(O)CCC2C3CCC4=CC(=O)CCC4(C)C3C(=O)CC21C,1.82,3.11,0.21,2.13,3.0521
Phenobarbital,CCC1(c2ccccc2)C(=O)NC(=O)NC1=O,1.63,1.72,0.71,1.18,1.6999
Ethyl-sec-butylsulfide,CCSC(C)CC,0.33,0.34,0.0,0.42,1.1175
Propylisopropylsulfide,CCCSC(C)C,0.345,0.33,0.0,0.42,1.1175
Non-8-en-2-one,C=CCCCCCC(C)=O,0.28,0.75,0.0,0.57,1.3494
"3,5-Dimethoxyphenol",COc1cc(O)cc(OC)c1,0.93,1.47,0.52,0.55,1.1743
"1-Methyl-5,5-diethylbarbital",CCC1(CC)C(=O)NC(=O)N(C)C1=O,1.1,1.02,0.22,1.2,1.5148
3-Pentadecylphenol,CCCCCCCCCCCCCCCc1cccc(O)c1,0.79,0.9,0.55,0.37,2.8886
Kojic acid,O=c1cc(CO)occ1O,1.13,1.47,0.65,1.0,0.9512
trans-Resveratrol,Oc1ccc(C=Cc2cc(O)cc(O)c2)cc1,1.97,2.01,1.65,0.86,1.7391
3-Phenylpropanoic acid,O=C(O)CCc1ccccc1,0.75,1.18,0.6,0.6,1.2135
a-Carboxy-p-toluic acid,O=C(O)Cc1ccc(C(=O)O)cc1,0.9,1.35,1.5,0.81,1.2879
(4-Hydroxyphenyl)propanoic acid,O=C(O)CCc1ccc(O)cc1,1.03,1.41,0.94,0.76,1.2722
Lactic acid,CC(O)C(=O)O,0.35,0.86,0.72,0.72,0.6644
Corticosterone,CC12CCC(=O)C=C1CCC1C2C(O)CC2(C)C(C(=O)CO)CCC12,1.86,3.43,0.4,1.63,2.7389
Hydrocortisone,CC12CCC(=O)C=C1CCC1C2C(O)CC2(C)C1CCC2(O)C(=O)CO,2.03,3.49,0.71,1.9,2.7976
Cycloheptanol,OC1CCCCCC1,0.563,0.59,0.26,0.59,1.045
cycloheptanone,O=C1CCCCCC1,0.436,0.86,0.0,0.56,1.002
Prednisolone,CC12C=CC(=O)C=C1CCC1C2C(O)CC2(C)C1CCC2(O)C(=O)CO,2.21,3.1,0.71,1.92,2.7546
Cyclooctanone,O=C1CCCCCCC1,0.474,0.86,0.0,0.56,1.1429
Nonan-5-one,CCCCC(=O)CCCC,0.103,0.66,0.0,0.51,1.3924
"(E,E)-α-Farnesene",C=C/C(C)=C/C/C=C(\C)CCC=C(C)C,0.711,0.38,0.0,0.45,2.0501
Estriol,C[C@]12CC[C@@H]3c4ccc(O)cc4CC[C@H]3[C@@H]1C[C@@H](O)[C@@H]2O,1.97,1.74,1.06,1.63,2.2575
Cyclopentadecanone,O=C1CCCCCCCCCCCCCC1,0.65,0.86,0.0,0.56,2.1292
β-Calacorene,C=C1CCC(C(C)C)c2cc(C)ccc21,0.93,0.64,0.0,0.25,1.8329
Estradiol,C[C@]12CC[C@@H]3c4ccc(O)cc4CC[C@H]3[C@@H]1CC[C@@H]2O,1.8,1.77,0.86,1.1,2.1988
2-Iodopyridine,Ic1ccccn1,1.21,1.11,0.0,0.38,0.9335
But-2-yne,CC#CC,0.261,0.23,0.0,0.21,0.5862
"1,3-Propylene oxide",C1COC1,0.319,0.75,0.0,0.42,0.4814
1-(Phenylsulfonyl)pyrrolidine,O=S(=O)(c1ccccc1)N1CCCC1,1.31,1.68,0.0,0.82,1.5521
Phenylbutazone,CCCCC1C(=O)N(c2ccccc2)N(c2ccccc2)C1=O,2.281,2.25,0.0,1.3,2.4329
Thalidomide,O=C1CCC(N2C(=O)c3ccccc3C2=O)C(=O)N1,1.92,2.81,0.36,1.19,1.7479
cocaine,COC(=O)[C@H]1[C@@H](OC(=O)c2ccccc2)C[C@@H]2CC[C@H]1N2C,1.355,1.86,0.0,1.51,2.2977
3-Hydroxypropanoic acid,O=C(O)CCO,0.37,0.99,0.82,0.75,0.6644
3-Methylbutanoic acid,CC(C)CC(=O)O,0.178,0.6,0.61,0.46,0.8875
"2,3,6-Trichloroanisole",COc1c(Cl)ccc(Cl)c1Cl,1.15,0.91,0.0,0.15,1.2832
"1,2,4-PCN",Clc1cc(Cl)c2ccccc2c1Cl,1.69,1.18,0.0,0.0,1.4526
"1,2,3-PCN",Clc1cc2ccccc2c(Cl)c1Cl,1.69,1.24,0.0,0.01,1.4526
"Cyclohexan-1,3-dione",O=C1CCCC(=O)C1,0.502,1.5,0.1,0.5,0.8768
5-Methylresorcinol,Cc1cc(O)cc(O)c1,0.97,1.11,1.09,0.55,0.9747
Phorone,CC(C)=CC(=O)C=C(C)C,0.649,0.82,0.0,0.46,1.3064
4-Aminopyridine,Nc1ccncc1,0.98,0.92,0.43,0.67,0.7751
2-Aminopyridine,Nc1ccccn1,0.98,1.08,0.37,0.61,0.7751
"1,3-Propanediol",OCCCO,0.397,0.89,0.77,0.87,0.6487
Desipramine,CNCCCN1c2ccccc2CCc2ccccc21,1.62,1.86,0.01,0.94,2.2606
Amitriptyline,CN(C)CCC=C1c2ccccc2CCc2ccccc21,1.92,1.42,0.0,1.08,2.3996
2-Aminopyrazine,Nc1cnccn1,0.951,1.05,0.3,0.8,0.734
imipramine,CN(C)CCCN1c2ccccc2CCc2ccccc21,1.15,1.45,0.0,1.04,2.4015
Guanabenz,N=C(N)NN=Cc1c(Cl)cccc1Cl,1.76,0.86,0.2,0.91,1.5562
Thioridazine,CSc1ccc2c(c1)N(CCC1CCCCN1C)c1ccccc1S2,2.7,2.7,0.0,1.15,2.9017
"1,3-Dioxane",C1COCOC1,0.308,0.92,0.0,0.64,0.681
"1,3-Dithione",C1CSCSC1,1.0,0.98,0.0,0.6,0.8906
Chloropromazine,CN(C)CCCN1c2ccccc2Sc2ccc(Cl)cc21,2.16,1.57,0.0,1.01,2.4056
2-Methylpyrimidine,Cc1ncccn1,0.6,0.85,0.0,0.75,0.7751
Reserpine,COC(=O)[C@H]1[C@H]2C[C@@H]3c4[nH]c5cc(OC)ccc5c4CCN3C[C@H]2C[C@@H](OC(=O)c2cc(OC)c(OC)c(OC)c2)[C@@H]1OC,3.1,3.41,0.25,3.36,4.4476
Bis(2-chloroethyl)sulfide,ClCCSCCCl,0.81,0.96,0.0,0.35,1.0805
"1,3-Dioxepane",C1CCOCOC1,0.29,0.89,0.0,0.64,0.8219
1-Fluoroundecane,CCCCCCCCCCCF,-0.037,0.35,0.0,0.15,1.6762
Heptadecanoic acid,CCCCCCCCCCCCCCCCC(=O)O,0.025,0.65,0.62,0.45,2.5783
Eicosanoic acid,CCCCCCCCCCCCCCCCCCCC(=O)O,0.005,0.66,0.62,0.45,3.001
Arachidonic acid,CCCCCC=CCC=CCC=CCC=CCCCC(=O)O,0.835,0.8,0.55,1.03,2.829
Methylmercury(II) bromide,[CH3][Hg][Br],1.13,1.4,0.1,0.21,0.6989
3-Iodobenzenesulfonamide,NS(=O)(=O)c1cccc(I)c1,1.71,1.75,0.66,0.8,1.3553
2-Bromo-2-methylpropane,CC(C)(C)Br,0.305,0.29,0.0,0.07,0.8472
2-Bromo-2-methylbutane,CCC(C)(C)Br,0.343,0.4,0.0,0.15,0.9881
"1,1,2,2,3-Pentafluoro-1,3-dichloropropane",FC(Cl)C(F)(F)C(F)(F)Cl,-0.282,0.4,0.06,0.1,0.8646
Borneol,CC1(C)[C@@H]2CC[C@@]1(C)[C@@H](O)C2,0.65,0.52,0.31,0.59,1.3591
2-acetoxybenzoic acid,CC(=O)Oc1ccccc1C(=O)O,0.781,1.69,0.71,0.67,1.2879
3-Methoxy-4-nitrobenzoic acid,COc1cc(C(=O)O)ccc1[N+](=O)[O-],1.08,1.31,0.7,0.7,1.3055
L-Ascorbic acid,O=C1C(O)=C(O)O[C@@H]1[C@@H](O)CO,1.4,1.6,0.58,1.48,1.1116
Tricyclene,CC1(C)C2CC3C(C2)C31C,0.5,0.11,0.0,0.17,1.1918
Hydrocortisone-21-cypionate,CC12CCC(=O)C=C1CCC1C2C(O)CC2(C)C1CCC2(O)C(=O)COC(=O)CCC1CCCC1,2.12,3.5,0.46,2.14,3.8319
Tetranitromethane,O=[N+]([O-])C([N+](=O)[O-])([N+](=O)[O-])[N+](=O)[O-],0.45,0.27,0.0,0.8,0.9463
5-Ethyl-5(1-cyclohepten-1-yl)barbital,CCC1(C2=CCCCCC2)C(=O)NC(=O)NC1=O,1.44,1.35,0.49,1.4,1.9268
Chlorobenzilate,CCOC(=O)C(O)(c1ccc(Cl)cc1)c1ccc(Cl)cc1,1.572,1.35,0.1,0.95,2.2657
trans-Chlordane,ClC1=C(Cl)C2(Cl)C3C(Cl)C(Cl)CC3C1(Cl)C2(Cl)Cl,2.1,1.46,0.0,0.45,2.128
Flurbiprofen,CC(C(=O)O)c1ccc(-c2ccccc2)c(F)c1,1.44,1.45,0.62,0.76,1.839
Procainamide,CCN(CC)CCNC(=O)c1ccc(N)cc1,1.268,2.58,0.67,1.4,2.0178
Totarol,CC(C)c1c(O)ccc2c1CCC1C(C)(C)CCCC21C,1.164,1.1,0.5,0.48,2.5305
β-Santalene,C=C1[C@@H]2CC[C@@H](C2)[C@@]1(C)CCC=C(C)C,0.668,0.26,0.0,0.28,1.9189
4-Methylphenytoin,Cc1ccc(C2(c3ccccc3)NC(=O)NC2=O)cc1,1.71,2.26,0.86,1.01,2.0102
1H-Benzimidazole,c1ccc2[nH]cnc2c1,1.27,1.4,0.38,0.76,0.9053
5-Fluorouracil,O=c1[nH]cc(F)c(=O)[nH]1,0.72,0.84,0.57,1.02,0.7693
Metolachlor,CCc1cccc(C)c1N(C(=O)CCl)C(C)COC,1.113,1.53,0.0,1.25,2.2811
Trimethyl phosphate,COP(=O)(OC)OC,0.113,1.27,0.0,0.96,0.9707
Raffinose,OCC1OC(OCC2OC(OC3(CO)OC(CO)C(O)C3O)C(O)C(O)C2O)C(O)C(O)C1O,3.28,3.4,3.0,4.5,3.2582
"2,4-Dinitrophenol",O=[N+]([O-])c1ccc(O)c([N+](=O)[O-])c1,1.2,1.49,0.09,0.56,1.1235
Propyl 2-ethylbutanoate,CCCOC(=O)C(CC)CC,0.069,0.48,0.0,0.47,1.4511
Butyl 2-ethylbutanoate,CCCCOC(=O)C(CC)CC,0.047,0.48,0.0,0.47,1.592
Pentyl 2-ethylbutanoate,CCCCCOC(=O)C(CC)CC,0.035,0.48,0.0,0.47,1.7329
N-Ethylpropanamide,CCNC(=O)CC,0.31,1.27,0.4,0.72,0.9286
Tri-n-propyl phosphate,CCCOP(=O)(OCCC)OCCC,-0.055,0.88,0.0,1.19,1.8161
2-Methylbut-2-ene,CC=C(C)C,0.159,0.09,0.0,0.08,0.7701
1-Chloro-2-methylpropane,CC(C)CCl,0.191,0.37,0.0,0.12,0.7946
2-Methylprop-2-en-1-ol,C=C(C)CO,0.338,0.44,0.38,0.48,0.6879
scopolamine,CN1[C@@H]2C[C@@H](OC(=O)[C@H](CO)c3ccccc3)C[C@H]1[C@@H]1O[C@@H]12,1.686,1.32,0.09,2.17,2.2321
2-Iodobutane,CCC(C)I,0.61,0.35,0.0,0.17,0.9304
sec-Butylthiol,CCC(C)S,0.34,0.36,0.0,0.25,0.8357
"3,5-Dichlorobenzoic acid",O=C(O)c1cc(Cl)cc(Cl)c1,1.14,1.04,0.67,0.25,1.1765
1-Methoxy-2-ethoxyethane,CCOCCOC,0.062,0.7,0.0,0.74,0.9305
"2,3-Dimethylbuta-1,3-diene",C=C(C)C(=C)C,0.352,0.23,0.0,0.14,0.868
"dl-Butan-2,3-diol",C[C@H](O)[C@@H](C)O,0.341,0.93,0.61,0.88,0.7896
3-Hydroxybutan-2-one,CC(=O)C(C)O,0.289,0.69,0.27,0.74,0.7466
"1,1-Dichloropropanone",CC(=O)C(Cl)Cl,0.395,0.73,0.09,0.35,0.7918
Abietic acid,CC(C)C1=CC2=CCC3C(C)(C(=O)O)CCCC3(C)C2CC1,1.2,1.2,0.5,0.8,2.5892
"3,4-dichlorobenzoic acid",O=C(O)c1ccc(Cl)c(Cl)c1,0.95,0.92,0.67,0.26,1.1765
β-Patchoulene,CC1CCC2=C1CC1CCC2(C)C1(C)C,0.72,0.18,0.0,0.24,1.8533
4-(2-Aminoethyl)imidazole,NCCc1c[nH]cn1,0.88,1.24,0.56,1.01,0.9179
Ethylisopropylsulphide,CCSC(C)C,0.351,0.34,0.0,0.42,0.9766
Ferruginol,CC(C)c1cc2c(cc1O)CCC1C(C)(C)CCCC21C,1.164,1.15,0.4,0.47,2.5305
Biperiden,OC(CCN1CCCCC1)(c1ccccc1)C1CC2C=CC1C2,1.85,1.25,0.31,1.57,2.6196
SKB1,CNC(=NC#N)NCCSCc1nc[nH]c1C,1.7,1.73,0.67,1.93,1.9563
"2,3-Dimethoxyphenol",COc1cccc(O)c1OC,0.88,1.5,0.2,0.68,1.1743
β-Elemene,C=C[C@]1(C)CC[C@@H](C(=C)C)C[C@H]1C(=C)C,0.714,0.4,0.0,0.33,1.9845
Propylthiouracil,CCCc1cc(=O)[nH]c(=S)[nH]1,1.34,1.64,0.3,1.26,1.2791
Atropine,CN1[C@@H]2CC[C@H]1C[C@@H](OC(=O)C(CO)c1ccccc1)C2,1.2,1.58,0.26,1.73,2.282
Sulfisomidine,Cc1cc(NS(=O)(=O)c2ccc(N)cc2)nc(C)n1,2.13,2.7,0.48,1.76,2.0043
"1,3,5-PCN",Clc1cc(Cl)c2cccc(Cl)c2c1,1.69,1.12,0.0,0.0,1.4526
"1,2,6-PCN",Clc1ccc2c(Cl)c(Cl)ccc2c1,1.69,1.18,0.0,0.0,1.4526
"1,2,4,6-PCN",Clc1ccc2c(Cl)c(Cl)cc(Cl)c2c1,1.81,1.24,0.0,0.0,1.575
Chloral formamide,O=CNC(O)C(Cl)(Cl)Cl,0.85,1.28,0.65,0.79,1.0727
2-Iodobenzyl alcohol,OCc1ccccc1I,1.42,1.17,0.42,0.5,1.1742
3-Isobutyltoluene,Cc1cccc(CC(C)C)c1,0.601,0.54,0.0,0.18,1.4209
4-Isobutyltoluene,Cc1ccc(CC(C)C)cc1,0.6,0.51,0.0,0.18,1.4209
Fenvalerate,CC(C)C(C(=O)OC(C#N)c1cccc(Oc2ccccc2)c1)c1ccc(Cl)cc1,2.2,2.5,0.0,1.2,3.1876
4-Methoxyacetanilide,COc1ccc(NC(C)=O)cc1,0.97,1.59,0.48,0.86,1.3133
4-Hydroxy-2-phenylethylamine,NCCc1ccc(O)cc1,1.04,1.17,0.72,0.9,1.1567
"Tetraphenyl-1,4-phenylene bis(phosphate)",O=P(Oc1ccccc1)(Oc1ccccc1)Oc1ccc(OP(=O)(Oc2ccccc2)Oc2ccccc2)cc1,3.45,3.7,0.0,1.84,4.0264
carteolol,CC(C)(C)NCC(O)COc1cccc2c1CCC(=O)N2,1.56,2.02,0.77,1.83,2.3495
o-ethyl carbamate,CCOC(N)=O,0.29,1.38,0.33,0.46,0.7055
Nimesulide,CS(=O)(=O)Nc1ccc([N+](=O)[O-])cc1Oc1ccccc1,2.109,2.7,0.31,1.09,2.0787
Podophyllotoxin,COc1cc([C@@H]2c3cc4c(cc3[C@H](O)[C@H]3COC(=O)[C@H]23)OCO4)cc(OC)c1OC,2.16,3.16,0.32,2.0,2.834
N-Methylbenzenesulfonamide,CNS(=O)(=O)c1ccccc1,1.1,1.55,0.33,0.77,1.238
PCB 146,Clc1cc(Cl)c(Cl)c(-c2cc(Cl)c(Cl)cc2Cl)c1,2.19,1.74,0.0,0.11,2.0586
"4,8-Dimethyl-1,3,7-nonatriene",C=CC=C(C)CCC=C(C)C,0.38,0.35,0.0,0.26,1.5295
"2,4-Dinitroresorcinol",O=[N+]([O-])c1ccc(O)c([N+](=O)[O-])c1O,1.33,1.33,0.62,0.51,1.1822
c-Hexa-2-t-4-diene,CC=CC=CC,0.4,0.23,0.0,0.1,0.868
"Trans-trans-hexa-2,4-diene",CC=CC=CC,0.4,0.23,0.0,0.1,0.868
Triphenylmethane,c1ccc(C(c2ccccc2)c2ccccc2)cc1,1.8,1.32,0.0,0.52,2.0729
Hesperidin,COc1ccc(C2CC(=O)c3c(O)cc(OC4OC(COC5OC(C)C(O)C(O)C5O)C(O)C(O)C4O)cc3O2)cc1O,3.94,3.44,1.9,4.26,4.0903
"3',5,7-Trihydroxy-4'-methoxyflavanone 14763",COc1ccc(C2CC(=O)c3c(O)cc(O)cc3O2)cc1O,2.52,1.76,0.95,1.46,2.0884
"4',5,7-Trihydroxyflavone",O=c1cc(-c2ccc(O)cc2)oc2cc(O)cc(O)c12,2.36,2.45,1.38,1.2,1.8458
Medroxyprogesterone,CC(=O)[C@@]1(O)CC[C@H]2[C@@H]3C[C@H](C)C4=CC(=O)CC[C@]4(C)[C@H]3CC[C@@]21C,1.64,3.35,0.25,1.31,2.8211
β-Bourbonene,C=C1CCC2C1C1[C@H](C(C)C)CC[C@@]21C,0.627,0.14,0.0,0.2,1.8533
Mestanolone  Androstalone,CC12CCC(=O)CC1CCC1C2CCC2(C)C1CCC2(C)O,1.58,2.49,0.16,1.18,2.5666
Cannabinol,CCCCCc1cc(O)c2c(c1)OC(C)(C)c1ccc(C)cc1-2,1.77,1.9,0.55,0.63,2.6011
Prednisolone 21-acetate,CC(=O)OCC(=O)C1(O)CCC2C3CCC4=CC(=O)C=CC4(C)C3C(O)CC21C,2.07,2.6,0.46,2.18,3.0521
Dimethirimol,CCCCc1c(C)nc(N(C)C)[nH]c1=O,1.04,0.84,0.0,1.35,1.779
Phenetazine,CN(C)CCN1c2ccccc2Sc2ccccc21,2.05,1.45,0.0,1.06,2.1423
2-Ethylanthracene,CCc1ccc2cc3ccccc3cc2c1,2.295,1.3,0.0,0.31,1.7362
Cypermethrin,CC1(C)C(C=C(Cl)Cl)C1C(=O)OC(C#N)c1cccc(Oc2ccccc2)c1,2.05,1.94,0.0,1.15,2.9733
Dibenzyl phthalate,O=C(OCc1ccccc1)c1ccccc1C(=O)OCc1ccccc1,1.88,1.81,0.0,1.2,2.6444
β-Cadinene,CC1=CC[C@H]2C(C)=CC[C@@H](C(C)C)[C@@H]2C1,0.791,0.29,0.0,0.36,1.9189
Apiole,C=CCc1cc(OC)c2c(c1OC)OCO2,1.14,1.55,0.0,0.76,1.645
Aldosterone,C[C@]12CCC(=O)C=C1CCC1[C@@H]2[C@@H](O)C[C@]2(C=O)C[C@@H](C(=O)CO)C[C@@H]12,2.01,3.47,0.4,1.9,2.7546
Flutemazepam,CN1C(=O)C(O)N=C(c2ccccc2F)c2cc(Cl)ccc21,2.183,1.6,0.12,1.64,2.1503
"5,5-Diallylbarbituric acid",C=CCC1(CC=C)C(=O)NC(=O)NC1=O,1.29,1.32,0.51,1.26,1.5697
"1,2-Naphthoquinone",O=C1C=Cc2ccccc2C1=O,1.09,1.08,0.0,0.65,1.1598
Verapamil,COc1ccc(CCN(C)CCCC(C#N)(c2ccc(OC)c(OC)c2)C(C)C)cc1OC,1.807,3.17,0.0,2.37,3.7861
Propranolol,CC(C)NCC(O)COc1cccc2ccccc12,1.84,1.43,0.44,1.31,2.148
Flavone,O=c1cc(-c2ccccc2)oc2ccccc12,1.77,1.69,0.0,0.61,1.6697
Sulfaphenazole,Nc1ccc(S(=O)(=O)Nc2ccnn2-c2ccccc2)cc1,2.7,2.62,0.52,1.7,2.2324
Xylometazoline,Cc1cc(C(C)(C)C)cc(C)c1CC1=NCCN1,1.16,1.1,0.5,1.04,2.1734
Permethrin,CC1(C)C(C=C(Cl)Cl)C1C(=O)OCc1cccc(Oc2ccccc2)c1,2.05,1.42,0.0,0.88,2.8186
PCB 64,Clc1ccc(-c2c(Cl)ccc(Cl)c2Cl)cc1,1.89,1.48,0.0,0.15,1.8138
PCB 41,Clc1ccccc1-c1ccc(Cl)c(Cl)c1Cl,1.89,1.48,0.0,0.15,1.8138
PCB 84,Clc1cccc(-c2c(Cl)ccc(Cl)c2Cl)c1Cl,2.02,1.61,0.0,0.13,1.9362
PCB 92,Clc1ccc(Cl)c(-c2cc(Cl)cc(Cl)c2Cl)c1,2.05,1.61,0.0,0.13,1.9362
PCB 82,Clc1cccc(-c2ccc(Cl)c(Cl)c2Cl)c1Cl,2.04,1.61,0.0,0.13,1.9362
PCB 151,Clc1ccc(Cl)c(-c2c(Cl)c(Cl)cc(Cl)c2Cl)c1,2.17,1.74,0.0,0.11,2.0586
PCB 179,Clc1ccc(Cl)c(-c2c(Cl)c(Cl)cc(Cl)c2Cl)c1Cl,2.32,1.87,0.0,0.09,2.181
PCB 176,Clc1cc(Cl)c(-c2c(Cl)ccc(Cl)c2Cl)c(Cl)c1Cl,2.31,1.87,0.0,0.09,2.181
PCB 130,Clc1cc(Cl)c(Cl)c(-c2ccc(Cl)c(Cl)c2Cl)c1,2.19,1.74,0.0,0.11,2.0586
PCB 178,Clc1cc(Cl)c(Cl)c(-c2c(Cl)c(Cl)cc(Cl)c2Cl)c1,2.31,1.87,0.0,0.09,2.181
PCB 187,Clc1cc(Cl)c(-c2c(Cl)c(Cl)cc(Cl)c2Cl)cc1Cl,2.31,1.87,0.0,0.09,2.181
PCB 183,Clc1cc(Cl)c(-c2c(Cl)cc(Cl)c(Cl)c2Cl)cc1Cl,2.3,1.87,0.0,0.09,2.181
PCB 177,Clc1ccc(-c2c(Cl)c(Cl)cc(Cl)c2Cl)c(Cl)c1Cl,2.28,1.87,0.0,0.09,2.181
PCB 171,Clc1ccc(-c2c(Cl)cc(Cl)c(Cl)c2Cl)c(Cl)c1Cl,2.3,1.87,0.0,0.09,2.181
PCB 200,Clc1ccc(Cl)c(-c2c(Cl)c(Cl)c(Cl)c(Cl)c2Cl)c1Cl,2.43,2.0,0.0,0.06,2.3034
PCB 207,Clc1cc(Cl)c(-c2c(Cl)c(Cl)c(Cl)c(Cl)c2Cl)c(Cl)c1Cl,2.57,2.13,0.0,0.04,2.4258
"1,2,3-Trimethylbenzene",Cc1cccc(C)c1C,0.728,0.61,0.0,0.19,1.1391
"2,3-Dimethylphenol",Cc1cccc(O)c1C,0.85,0.84,0.51,0.37,1.0569
"2,3,4-Trimethylphenol",Cc1ccc(O)c(C)c1C,0.86,0.86,0.52,0.42,1.1978
Trichlorfon,COP(=O)(OC)C(O)C(Cl)(Cl)Cl,0.74,1.17,0.45,1.22,1.4788
PCB 134,Clc1cccc(-c2c(Cl)c(Cl)cc(Cl)c2Cl)c1Cl,2.17,1.74,0.0,0.11,2.0586
PCB 141,Clc1ccc(Cl)c(-c2cc(Cl)c(Cl)c(Cl)c2Cl)c1,2.19,1.74,0.0,0.11,2.0586
PCB 185,Clc1ccc(Cl)c(-c2c(Cl)c(Cl)c(Cl)c(Cl)c2Cl)c1,2.31,1.87,0.0,0.09,2.181
Pentachloroaniline,Nc1c(Cl)c(Cl)c(Cl)c(Cl)c1Cl,1.41,1.4,0.46,0.01,1.4282
"2,3,5,6-Tetramethylphenol",Cc1cc(C)c(C)c(O)c1C,0.88,0.81,0.38,0.44,1.3387
PCB 135,Clc1cc(Cl)c(Cl)c(-c2c(Cl)ccc(Cl)c2Cl)c1,2.17,1.74,0.0,0.11,2.0586
"1,2,3,5-Tetramethylbenzene",Cc1cc(C)c(C)c(C)c1,0.748,0.61,0.0,0.19,1.28
"3,4,5-Trimethylphenol",Cc1cc(O)cc(C)c1C,0.83,0.89,0.58,0.42,1.1978
"2,4,6-Trimethylphenol",Cc1cc(C)c(O)c(C)c1,0.86,0.81,0.3,0.45,1.1978
2-isopropyltoluene,Cc1ccccc1C(C)C,0.669,0.53,0.0,0.19,1.28
2-Methylbenzamide,Cc1ccccc1C(N)=O,0.95,1.5,0.5,0.72,1.1137
"1,2-Dinitrobenzene",O=[N+]([O-])c1ccccc1[N+](=O)[O-],1.17,1.7,0.0,0.4,1.0648
Proflazepam,O=C1CN=C(c2ccccc2F)c2cc(Cl)ccc2N1CC(O)CO,2.39,2.55,0.4,1.95,2.4908
"3,4-Dinitrobenzoic acid",O=C(O)c1ccc([N+](=O)[O-])c([N+](=O)[O-])c1,1.25,1.9,0.75,0.62,1.2801
"3,3',4',7-Tetrahydroxyflavone",O=c1c(O)c(-c2ccc(O)c(O)c2)oc2cc(O)ccc12,2.53,2.19,1.9,1.16,1.9045
Phenylthiocyanate,N#CSc1ccccc1,1.16,1.22,0.0,0.25,1.0346
Haloperidol,O=C(CCCN1CCC(O)(c2ccc(Cl)cc2)CC1)c1ccc(F)cc1,1.927,1.56,0.44,1.77,2.798
"2,4-Dinitrobenzaldehyde",O=Cc1ccc([N+](=O)[O-])cc1[N+](=O)[O-],1.38,1.82,0.0,0.6,1.2214
Prosulfocarb,CCCN(CCC)C(=O)SCc1ccccc1,1.207,1.27,0.0,1.06,2.1226
4-Ethyl-2-methylheptane,CCCC(CC)CC(C)C,0.0,0.0,0.0,0.0,1.5176
Chamazulene,CCc1ccc(C)c2ccc(C)c-2c1,1.34,1.07,0.0,0.17,1.649
Santene,CC1=C(C)[C@H]2CC[C@@H]1C2,0.459,0.19,0.0,0.17,1.1165
N-Benzyl-2-pyrrolidinone,O=C1CCCN1Cc1ccccc1,1.18,1.78,0.0,0.89,1.4278
2-Methylbenzonitrile,Cc1ccccc1C#N,0.78,1.06,0.0,0.31,1.012
2-Methylbenzaldehyde,Cc1ccccc1C=O,0.87,0.96,0.0,0.4,1.0139
"1,2,3,4-Tetrahydro-1-naphthol",OC1CCCc2ccccc21,1.043,0.9,0.34,0.68,1.2301
"5,6,7,8-Tetrahydro-1-naphthol",Oc1cccc2c1CCCC2,1.04,0.9,0.51,0.41,1.2301
"3,3',4',5,5,',7-Hexahydroxyflavone 14767",O=c1c(O)c(-c2cc(O)c(O)c(O)c2)oc2cc(O)cc(O)c12,2.85,2.6,2.39,1.58,2.0219
Prednisone,C[C@]12C=CC(=O)C=C1CC[C@@H]1[C@@H]2C(=O)C[C@@]2(C)[C@H]1CC[C@]2(O)C(=O)CO,2.14,3.58,0.36,1.89,2.7116
4-Dimethylaminobenzophenone,CN(C)c1ccc(C(=O)c2ccccc2)cc1,1.623,1.73,0.0,0.76,1.8624
"3,5-Dimethoxy-4-hydroxybenzoic acid",COc1cc(C(=O)O)cc(OC)c1O,0.96,1.74,0.75,0.89,1.3896
"3,5-Dimethoxy-4-hydroxycinnamic acid",COc1cc(C=CC(=O)O)cc(OC)c1O,1.5,1.72,0.81,1.19,1.6284
Cortisone,C[C@]12CCC(=O)C=C1CC[C@@H]1[C@@H]2C(=O)C[C@@]2(C)[C@H]1CC[C@]2(O)C(=O)CO,1.96,3.5,0.36,1.87,2.7546
2-nitro-p-phenylenediamine,Nc1ccc(N)c([N+](=O)[O-])c1,1.525,2.05,0.35,0.7,1.0902
Flufenamic acid,O=C(O)c1ccccc1Nc1cccc(C(F)(F)F)c1,1.37,1.29,0.72,0.4,1.8333
"1,2,3,4-Tetrahydro-2-naphthol",OC1CCc2ccccc2C1,1.043,0.9,0.34,0.75,1.2301
Pyrimethanil,Cc1cc(C)nc(Nc2ccccc2)n1,1.65,0.92,0.03,0.99,1.6236
Loperamide,CN(C)C(=O)C(CCN1CCC(O)(c2ccc(Cl)cc2)CC1)(c1ccccc1)c1ccccc1,2.76,2.58,0.31,2.65,3.7697
"DDD, 2,4-",Clc1ccc(C(c2ccccc2Cl)C(Cl)Cl)cc1,1.8,1.73,0.1,0.26,2.0956
Methocarbamol,COc1ccccc1OCC(O)COC(N)=O,1.54,2.1,0.67,1.56,1.7712
a-Chloroacetophenone,O=C(CCl)c1ccccc1,1.02,1.57,0.0,0.41,1.1363
Mefloquine (+ve),OC(c1cc(C(F)(F)F)nc2c(C(F)(F)F)cccc12)C1CCCCN1,0.999,1.34,0.43,1.3,2.3276
1-Ethoxynaphthalene,CCOc1cccc2ccccc12,1.41,1.14,0.0,0.39,1.4259
N-Propylacetamide,CCCNC(C)=O,0.33,1.25,0.4,0.72,0.9286
3-Bromoquinoline,Brc1cnc2ccccc2c1,1.664,1.21,0.0,0.42,1.2193
Undecylthiol,CCCCCCCCCCCS,0.34,0.4,0.0,0.21,1.822
3-Methoxypropylamine,COCCCN,0.264,0.74,0.16,0.86,0.8307
2-Iodophenol,Oc1ccccc1I,1.36,1.0,0.4,0.35,1.0333
N-Nitrosodibenzylamine,O=NN(Cc1ccccc1)Cc1ccccc1,1.51,1.78,0.0,0.71,1.8213
"1,2,4-Trihydroxybenzene",Oc1ccc(O)c(O)c1,1.18,1.37,1.4,0.68,0.8925
Tropolone,O=c1cccccc1O,1.08,1.28,0.0,0.64,0.9317
"1,1,1-Trifluorooctane",CCCCCCCC(F)(F)F,-0.33,0.21,0.0,0.08,1.2889
trans-3-Hexenyl propanoate,CCC=CCCOC(=O)CC,0.211,0.55,0.0,0.45,1.4081
"1,3-Dichloropropanone",O=C(CCl)CCl,0.395,1.09,0.15,0.33,0.7918
"1,1-Dimethoxyethane",COC(C)OC,0.07,0.62,0.0,0.66,0.7896
Androsterone,C[C@]12CC[C@@H](O)CC1CC[C@@H]1[C@@H]2CC[C@]2(C)C(=O)CC[C@@H]12,1.322,2.48,0.32,1.09,2.4257
"meso-2,3-Butanediol",CC(O)C(C)O,0.365,0.93,0.6,0.88,0.7896
2-Methylfuran,Cc1ccco1,0.368,0.51,0.0,0.14,0.6772
"Pentan-1,2-diol",CCCC(O)CO,0.347,0.9,0.58,0.84,0.9305
trans-Undec-2-en-1-al,CCCCCCCCC=CC=O,0.306,0.75,0.0,0.43,1.6312
"3,5-Dimethyl-4-nitrophenol",Cc1cc(O)cc(C)c1[N+](=O)[O-],1.07,1.65,0.79,0.26,1.2311
"2-Methyl-4,6-dinitrophenol",Cc1cc([N+](=O)[O-])cc([N+](=O)[O-])c1O,1.2,1.59,0.04,0.52,1.2644
3-(Methylsulfonyl)benzoic acid,CS(=O)(=O)c1cccc(C(=O)O)c1,1.06,1.78,0.68,0.96,1.3535
Endrin ketone,O=C1C2CC3C1C1(Cl)C(Cl)C4(Cl)C2C3C1(Cl)C4(Cl)Cl,2.29,1.49,0.0,0.91,2.0065
2-Pentyl acetate,CCCC(C)OC(C)=O,0.05,0.57,0.0,0.47,1.1693
Diethylaminopropionitrile,CCN(CC)CCC#N,0.267,0.89,0.0,0.86,1.2085
"1,2,3,5-PCN",Clc1cc2c(Cl)cccc2c(Cl)c1Cl,1.81,1.24,0.0,0.0,1.575
"1,3,5,7-PCN",Clc1cc(Cl)c2cc(Cl)cc(Cl)c2c1,1.81,1.18,0.0,0.0,1.575
"1,2,3,5,7-PCN",Clc1cc(Cl)c2cc(Cl)c(Cl)c(Cl)c2c1,1.93,1.36,0.0,0.0,1.6974
PCB 38,Clc1cc(-c2ccccc2)cc(Cl)c1Cl,1.8,1.31,0.0,0.13,1.6914
3-Isopropyltoluene,Cc1cccc(C(C)C)c1,0.621,0.49,0.0,0.19,1.28
3-Chlorobenzoic acid,O=C(O)c1cccc(Cl)c1,0.84,0.95,0.63,0.32,1.0541
Sultopride,CCN1CCCC1CNC(=O)c1cc(S(=O)(=O)CC)ccc1OC,1.845,2.76,0.39,1.92,2.7126
E-γ-Bisabolene,CC(C)=CCC/C(C)=C1/CC=C(C)CC1,0.668,0.35,0.0,0.39,1.9845
Methyl 3-amino-4-hydroxybenzoate,COC(=O)c1ccc(O)c(N)c1,1.285,1.52,0.61,0.9,1.2311
4-Isopropylbenzoic acid,CC(C)c1ccc(C(=O)O)cc1,0.73,0.87,0.6,0.39,1.3544
2-Nitro-5-chlorotoluene,Cc1cc(Cl)ccc1[N+](=O)[O-],0.98,1.18,0.0,0.23,1.1539
Phenylethyne,C#Cc1ccccc1,0.679,0.58,0.12,0.24,0.9122
4-Ethylpyridine,CCc1ccncc1,0.634,0.8,0.0,0.57,0.9571
3-Ethylpyridine,CCc1cccnc1,0.64,0.79,0.0,0.57,0.9571
3-Methoxyaniline,COc1cccc(N)c1,1.027,1.13,0.24,0.59,1.0158
Dibenz[ah]anthracene,c1ccc2c(c1)ccc1cc3c(ccc4ccccc43)cc12,4.0,2.04,0.0,0.44,2.1924
m-Methylacetanilide,CC(=O)Nc1cccc(C)c1,0.87,1.11,0.57,0.73,1.2546
Indomethacin,COc1ccc2c(c1)c(CC(=O)O)c(C)n2C(=O)c1ccc(Cl)cc1,2.24,1.47,0.58,1.43,2.5299
n-Pentylbenzene,CCCCCc1ccccc1,0.594,0.51,0.0,0.15,1.4209
Dibenzylsulfide,c1ccc(CSCc2ccccc2)cc1,1.59,1.15,0.0,0.55,1.7695
Methyl benzyl ether,COCc1ccccc1,0.645,0.77,0.0,0.48,1.0569
Isobutylbenzene,CC(C)Cc1ccccc1,0.58,0.47,0.0,0.15,1.28
Pent-4-yn-1-ol,C#CCCCO,0.392,0.64,0.45,0.59,0.7858
Tranilast,COc1ccc(C=CC(=O)Nc2ccccc2C(=O)O)cc1OC,2.2,1.81,0.93,1.37,2.4339
p-chloroacetanilide,CC(=O)Nc1ccc(Cl)cc1,0.98,1.47,0.64,0.51,1.2361
"4-Hydroxy-2-phenyl-N,N-dimethylethylamine",CN(C)CCc1ccc(O)cc1,0.95,1.22,0.55,0.98,1.4385
Ethyl benzyl ether,CCOCc1ccccc1,0.629,0.71,0.0,0.52,1.1978
Camphoric acid,CC1(C(=O)O)CCC(C(=O)O)C1(C)C,0.52,1.36,1.12,0.99,1.5578
"2,5-Dimethylbenzyl alcohol",Cc1ccc(C)c(CO)c1,0.868,0.88,0.39,0.64,1.1978
Ethylisopropyldisulfide,CCSSC(C)C,0.64,0.5,0.0,0.34,1.1401
Ethyl pentanoate,CCCCC(=O)OCC,0.049,0.58,0.0,0.45,1.1693
Allicin,C=CCSS(=O)CC=C,1.046,1.47,0.0,0.72,1.2537
N-Isobutylurethane,CCOC(=O)NCC(C)C,0.202,0.88,0.24,0.66,1.2691
Isobutyl butanoate,CCCC(=O)OCC(C)C,0.014,0.53,0.0,0.47,1.3102
"1-(Difluoromethoxy)-1,1,2,2,2-pentafluoroethane",FC(F)OC(F)(F)C(F)(F)F,-0.573,-0.04,0.0,0.0,0.7139
2-Pentyl propanoate,CCCC(C)OC(=O)CC,0.03,0.53,0.0,0.47,1.3102
4-Fluoroantipyrine,Cc1cc(=O)n(-c2ccc(F)cc2)n1C,1.38,1.6,0.0,1.25,1.5023
Pentyl hexanoate,CCCCCOC(=O)CCCCC,-0.01,0.56,0.0,0.45,1.7329
Pentyl butanoate,CCCCCOC(=O)CCC,0.029,0.56,0.0,0.45,1.4511
Albendazole sulfoxide,CCCS(=O)c1ccc2[nH]c(NC(=O)OC)nc2c1,1.95,1.79,0.6,1.62,2.0062
4-Iodophenol,Oc1ccc(I)cc1,1.38,1.22,0.68,0.2,1.0333
Isobutyl propanoate,CCC(=O)OCC(C)C,0.032,0.53,0.0,0.47,1.1693
"1,2,3-Trimethoxy-b-phenethylamine",COc1cc(CCN)cc(OC)c1OC,1.056,1.5,0.16,1.36,1.6968
2-Bromoethanol,OCCBr,0.567,0.86,0.38,0.49,0.6241
1-Chloropropane,CCCCl,0.216,0.4,0.0,0.1,0.6537
Butyl 3-methyl-2-butenoate,CCCCOC(=O)C=C(C)C,0.267,0.56,0.0,0.41,1.4081
Chloroquine,CCN(CC)CCCC(C)Nc1ccnc2cc(Cl)ccc12,1.85,1.55,0.13,1.4,2.6344
Propafenone,CCCNCC(O)COc1ccccc1C(=O)CCc1ccccc1,1.73,2.09,0.29,1.74,2.8252
Reproterol,Cn1c(=O)c2c(ncn2CCCNCC(O)c2cc(O)cc(O)c2)n(C)c1=O,2.88,3.1,1.35,2.83,2.8105
"1,2-Ethanedithiol",SCCS,0.81,0.78,0.0,0.42,0.7174
Methylethylether,CCOC,0.02,0.39,0.0,0.39,0.59
Cyclobutylphenylketone,O=C(c1ccccc1)C1CCC1,0.976,1.33,0.0,0.52,1.328
Zorubicin,COc1cccc2c1C(=O)c1c(O)c3c(c(O)c1C2=O)CC(O)(C(C)=NNC(=O)c1ccccc1)CC3OC1CC(N)C(O)C(C)O1,4.5,5.27,1.34,3.6,4.575
"2,2,4-Trimethylpentane",CC(C)CC(C)(C)C,0.0,0.0,0.0,0.0,1.2358
7-Methyloctan-3-one,CCC(=O)CCCC(C)C,0.1,0.65,0.0,0.54,1.3924
t-Butyl acetate,CC(=O)OC(C)(C)C,0.025,0.54,0.0,0.47,1.0284
1-Iodo-3-methylbutane,CC(C)CCI,0.61,0.37,0.0,0.19,1.0713
3-Methyl-1-butanethiol,CC(C)CCS,0.343,0.32,0.0,0.24,0.9766
Butanamide,CCCC(N)=O,0.44,1.3,0.55,0.64,0.7877
"2,3,4-Trichloroanisole",COc1ccc(Cl)c(Cl)c1Cl,1.13,1.18,0.0,0.1,1.2832
"2,3,5-Trichloroanisole",COc1cc(Cl)cc(Cl)c1Cl,1.12,1.01,0.0,0.14,1.2832
Flecainide,O=C(NCC1CCCCN1)c1cc(OCC(F)(F)F)ccc1OCC(F)(F)F,0.63,1.53,0.55,1.6,2.5966
Isopentanamide,CC(C)CC(N)=O,0.43,1.28,0.56,0.66,0.9286
Acetoacetic acid,CC(=O)CC(=O)O,0.324,1.05,0.71,0.72,0.7623
"2,4-Dimethylthiazole",Cc1csc(C)n1,0.662,0.7,0.0,0.46,0.8818
Maleimide,O=C1C=CC(=O)N1,0.664,1.42,0.39,0.49,0.6518
"1,3-Dichlorobenzene",Clc1cccc(Cl)c1,0.847,0.73,0.0,0.02,0.9612
5-Methylheptan-3-one,CCC(=O)CC(C)CC,0.11,0.65,0.0,0.52,1.2515
Ethylidene diacetate,CC(=O)OC(C)OC(C)=O,0.123,0.97,0.0,0.74,1.1028
Chlorocyclohexane,ClC1CCCCC1,0.448,0.48,0.0,0.1,0.9678
Cyclopentylphenylketone,O=C(c1ccccc1)C1CCCC1,1.0,1.3,0.0,0.53,1.4689
d-Pentanolactone,O=C1CCCCO1,0.441,1.52,0.0,0.63,0.7789
PCB 62,Clc1cc(Cl)c(-c2ccccc2)c(Cl)c1Cl,1.89,1.48,0.0,0.15,1.8138
Isopentyl cyanide,CC(C)CCC#N,0.156,0.87,0.0,0.36,0.9678
Isobutyl formate,CC(C)COC=O,0.095,0.6,0.0,0.4,0.8875
1-Iodobutane,CCCCI,0.628,0.4,0.0,0.14,0.9304
3-Chloropropionitrile,N#CCCCl,0.387,1.22,0.02,0.4,0.6675
2-Methyl-5-nitrophenol,Cc1ccc([N+](=O)[O-])cc1O,1.08,1.52,0.75,0.26,1.0902
2-Iodo-2-phenylpropane,CC(C)(I)c1ccccc1,1.28,0.95,0.0,0.27,1.3973
Cyclopentadiene,C1=CCC=C1,0.417,0.35,0.0,0.12,0.6185
"4-N,N-Diethylaminobenzoic acid",CCN(CC)c1ccc(C(=O)O)cc1,1.08,1.25,0.54,0.63,1.5951
Furosemide,NS(=O)(=O)c1cc(C(=O)O)c(NCc2ccco2)cc1Cl,2.306,2.19,1.03,1.5,2.1032
Acetylglycine,CC(=O)NCC(=O)O,0.58,1.7,0.83,0.96,0.8621
Heptan-2-ol,CCCCCC(C)O,0.188,0.36,0.33,0.56,1.1536
Benzyl bromoacetate,O=C(CBr)OCc1ccccc1,1.043,1.35,0.0,0.67,1.3885
4-Propoxybenzoic acid,CCCOc1ccc(C(=O)O)cc1,0.88,0.98,0.56,0.53,1.4131
Isopentyl urethan,CC(C)CCOC(N)=O,0.195,0.88,0.24,0.66,1.41
Di-3-methylbutyl ether,CC(C)CCOCCC(C)C,0.0,0.19,0.0,0.45,1.5763
Diisopentyl sulphide,CC(C)CCSCCC(C)C,0.3,0.35,0.0,0.41,1.6811
1-Chlorohexane,CCCCCCCl,0.201,0.39,0.0,0.09,1.0764
Pentylmercury(II) chloride,CCCC[CH2][Hg][Cl],1.0,1.52,0.13,0.27,1.2099
Butyl nitrite,CCCCON=O,0.072,0.28,0.0,0.29,0.8464
"Cyclohepta-1,3,5-triene",C1=CC=CCC=C1,0.764,0.46,0.0,0.2,0.8573
Dibutyl sulfide,CCCCSCCCC,0.345,0.37,0.0,0.35,1.3993
Tetradecanoic acid,CCCCCCCCCCCCCC(=O)O,0.06,0.65,0.62,0.45,2.1556
n-Dotriacontane,CCCCCCCCCCCCCCCCCCCCCCCCCCCCCCCC,0.0,0.0,0.0,0.0,4.6174
Trichloroacetonitrile,N#CC(Cl)(Cl)Cl,0.378,1.2,0.0,0.0,0.7714
Nonyl benzoate,CCCCCCCCCOC(=O)c1ccccc1,0.64,0.78,0.0,0.46,2.1998
Cycloheptylamine,NC1CCCCCC1,0.626,0.56,0.19,0.57,1.0861
Cyclooctylamine,NC1CCCCCCC1,0.549,0.57,0.19,0.58,1.227
Heptyl methacrylate,C=C(C)C(=O)OCCCCCCC,0.145,0.49,0.0,0.45,1.6899
β-Cedrene,C=C1CC[C@@]23C[C@@H]1C(C)(C)[C@@H]2CC[C@H]3C,0.757,0.2,0.0,0.22,1.8533
a-Thujone,CC1C(=O)CC2(C(C)C)CC12,0.65,0.77,0.0,0.52,1.3161
Pyridazin-3-amine,Nc1cccnn1,0.97,1.79,0.26,0.38,0.734
4-Aminophenylmethylsulfone,CS(=O)(=O)c1ccc(N)cc1,1.44,2.25,0.32,0.98,1.238
Fluvoxamine,COCCCCC(=NOCCN)c1ccc(C(F)(F)F)cc1,0.78,1.1,0.16,1.36,2.3116
Methyl 2-methylpropanoate,COC(=O)C(C)C,0.087,0.57,0.0,0.47,0.8875
Methyl lactate,COC(=O)C(C)O,0.258,0.74,0.1,0.79,0.8053
Isoniazid,NNC(=O)c1ccncc1,1.19,1.89,0.39,1.0,1.0315
"5,8-Dihydroxyflavone",O=c1cc(-c2ccccc2)oc2c(O)ccc(O)c12,2.06,1.97,0.56,0.71,1.7871
Fluoxetine,CNCCC(Oc1ccc(C(F)(F)F)cc1)c1ccccc1,1.23,1.3,0.12,1.03,2.2403
Physalin D,CC12CC3OC(=O)C1COC14OC5(C2C1=O)C(O)(CCC1C4CC(O)C2(O)CC=CC(=O)C12C)C(=O)OC35C,3.84,5.9,1.34,2.74,3.6157
N-Methylphthalimide,CN1C(=O)c2ccccc2C1=O,1.247,1.82,0.0,0.56,1.1617
Acitretin,COc1cc(C)c(C=CC(C)=CC=CC(C)=CC(=O)O)c(C)c1C,1.765,1.77,0.6,1.1,2.791
"2,6-Di-sec-butylphenol",CCC(C)c1cccc(C(C)CC)c1O,0.828,0.93,0.18,0.53,1.9023
Bitertanol,CC(C)(C)C(O)C(Oc1ccc(-c2ccccc2)cc1)n1cncn1,2.3,1.5,0.0,1.67,2.6736
N-Nitrosodiethylamine,CCN(CC)N=O,0.345,1.08,0.0,0.59,0.8875
Dimetridazole,Cc1ncc([N+](=O)[O-])n1C,0.92,1.65,0.0,0.68,0.9923
Benzamide,NC(=O)c1ccccc1,0.99,1.5,0.49,0.67,0.9728
PCB 88,Clc1ccccc1-c1c(Cl)cc(Cl)c(Cl)c1Cl,2.01,1.61,0.0,0.13,1.9362
PCB 129,Clc1cccc(-c2cc(Cl)c(Cl)c(Cl)c2Cl)c1Cl,2.19,1.74,0.0,0.11,2.0586
2-Nitrobenzoic acid,O=C(O)c1ccccc1[N+](=O)[O-],0.99,1.48,0.82,0.53,1.1059
Isonicotinic acid,O=C(O)c1ccncc1,0.88,1.29,0.81,0.51,0.8906
2-Nitroacetanilide,CC(=O)Nc1ccccc1[N+](=O)[O-],1.13,1.9,0.0,0.73,1.2879
Cefuroxime,CON=C(C(=O)NC1C(=O)N2C(C(=O)O)=C(COC(N)=O)CSC12)c1ccco1,2.809,2.77,1.13,2.57,2.7255
Methylephedrine,CC(C(O)c1ccccc1)N(C)C,0.86,0.71,0.24,1.2,1.5794
2-Nitrobenzaldehyde,O=Cc1ccccc1[N+](=O)[O-],1.12,1.59,0.0,0.38,1.0472
PCB 86,Clc1ccccc1-c1cc(Cl)c(Cl)c(Cl)c1Cl,2.04,1.61,0.0,0.13,1.9362
Di(2-Methoxy)phenyl carbonate,COc1ccccc1OC(=O)Oc1ccccc1OC,1.38,1.86,0.0,1.02,1.9974
"4,4'-Bipyridine",c1cc(-c2ccncc2)ccn1,1.384,1.37,0.0,0.85,1.242
Propyl N-phenylcarbamate,CCCOC(=O)Nc1ccccc1,0.9,1.25,0.38,0.58,1.4542
"2,4-Dichloroanisole",COc1ccc(Cl)cc1Cl,1.0,0.94,0.0,0.22,1.1608
Dimethyl oxalate,COC(=O)C(=O)OC,0.22,1.04,0.0,0.7,0.821
"2,4-Dichloroaniline",Nc1ccc(Cl)cc1Cl,1.14,1.15,0.3,0.19,1.061
Methyl propanoate,CCC(=O)OC,0.128,0.6,0.0,0.45,0.7466
2-Methylthiophene,Cc1cccs1,0.688,0.56,0.0,0.16,0.782
5-Methyl-8-hydroxyquinoline,Cc1ccc(O)c2ncccc12,1.4,1.18,0.0,0.58,1.2439
7-Methyl-8-hydroxyquinoline,Cc1ccc2cccnc2c1O,1.4,1.18,0.0,0.58,1.2439
2-Carene,CC1=CC2C(CC1)C2(C)C,0.489,0.22,0.0,0.14,1.2574
16-Crown-5,C1COCCOCCOCCOCCOC1,0.41,1.17,0.0,1.76,1.8434
3-Nitrophenol,O=[N+]([O-])c1cccc(O)c1,1.05,1.57,0.79,0.23,0.9493
Triethyleneglycolheptylether,CCCCCCCOCCOCCOCCO,0.135,0.95,0.28,1.43,2.1751
3-Nitroanisole,COc1cccc([N+](=O)[O-])c1,0.97,1.26,0.0,0.35,1.0902
beta-Phellandrene,C=C1C=CC(C(C)C)CC1,0.529,0.26,0.0,0.2,1.323
ProstaglandinF2a,CCCCCC(O)C=CC1C(O)CC(O)C1CC=CCCCC(=O)O,1.54,2.1,1.4,2.15,2.9825
4-Nitrobenzaldehyde,O=Cc1ccc([N+](=O)[O-])cc1,1.08,1.48,0.0,0.49,1.0472
Glycerol tristearate,CCCCCCCCCCCCCCCCCC(=O)OCC(COC(=O)CCCCCCCCCCCCCCCCC)OC(=O)CCCCCCCCCCCCCCCCC,-0.04,1.25,0.0,1.28,8.3631
[(3-Chlorophenyl)hydrazono]malononitrile,N#CC(C#N)=NNc1cccc(Cl)c1,1.44,1.7,0.64,0.36,1.4457
4-(Acetylamino)benzoic acid,CC(=O)Nc1ccc(C(=O)O)cc1,1.12,1.4,1.05,0.88,1.329
Methyl 3-methylbutanoate,COC(=O)CC(C)C,0.066,0.57,0.0,0.47,1.0284
glycerol trinitrate,O=[N+]([O-])OCC(CO[N+](=O)[O-])O[N+](=O)[O-],0.494,2.04,0.0,0.34,1.23
Methyl thiocyanate,CSC#N,0.497,0.8,0.0,0.37,0.5677
"1,4-Dimethyl-2-isobutylbenzene",Cc1ccc(C)c(CC(C)C)c1,0.668,0.55,0.0,0.22,1.5618
Propyl 3-methylbutanoate,CCCOC(=O)CC(C)C,0.011,0.53,0.0,0.47,1.3102
PCB 24,Clc1ccc(Cl)c(-c2ccccc2)c1Cl,1.75,1.35,0.0,0.17,1.6914
PCB 21,Clc1ccc(-c2ccccc2)c(Cl)c1Cl,1.77,1.33,0.0,0.15,1.6914
Methyl n-propyl ether,CCCOC,0.06,0.25,0.0,0.43,0.7309
"1,2,5-PCN",Clc1ccc2c(Cl)cccc2c1Cl,1.69,1.18,0.0,0.0,1.4526
"1,2,7-PCN",Clc1ccc2ccc(Cl)c(Cl)c2c1,1.69,1.18,0.0,0.0,1.4526
"1,2,8-PCN",Clc1ccc2cccc(Cl)c2c1Cl,1.69,1.18,0.0,0.0,1.4526
"1,3,6-PCN",Clc1ccc2c(Cl)cc(Cl)cc2c1,1.69,1.12,0.0,0.0,1.4526
"1,3,7-PCN",Clc1cc(Cl)c2cc(Cl)ccc2c1,1.69,1.12,0.0,0.0,1.4526
"1,3,8-PCN",Clc1cc(Cl)c2c(Cl)cccc2c1,1.69,1.12,0.0,0.0,1.4526
"1,6,7-PCN",Clc1cc2cccc(Cl)c2cc1Cl,1.69,1.18,0.0,0.0,1.4526
"2,3,6-PCN",Clc1ccc2cc(Cl)c(Cl)cc2c1,1.69,1.18,0.0,0.0,1.4526
"1,2,3,7-PCN",Clc1ccc2cc(Cl)c(Cl)c(Cl)c2c1,1.81,1.24,0.0,0.0,1.575
"1,3,6,7-PCN",Clc1cc(Cl)c2cc(Cl)c(Cl)cc2c1,1.81,1.18,0.0,0.0,1.575
"1,4,6,7-PCN",Clc1cc2c(Cl)ccc(Cl)c2cc1Cl,1.81,1.18,0.0,0.0,1.575
PCB 23,Clc1cc(Cl)c(Cl)c(-c2ccccc2)c1,1.78,1.33,0.0,0.15,1.6914
2-Bromooctane,CCCCCCC(C)Br,0.322,0.35,0.0,0.14,1.4108
Diallyl ether,C=CCOCC=C,0.228,0.38,0.0,0.45,0.9267
"E,Z-Nona-2,6-dienal",CC/C=C\CC/C=C/C=O,0.497,0.81,0.0,0.51,1.3064
"1,1,1-Trifluorononane",CCCCCCCCC(F)(F)F,-0.33,0.22,0.0,0.08,1.4298
Tetracosanoic acid,CCCCCCCCCCCCCCCCCCCCCCCC(=O)O,0.0,0.66,0.62,0.45,3.5646
tetrabromomethane,BrC(Br)(Br)Br,1.19,0.94,0.0,0.0,0.9495
2-Iodo-2-methylpropane,CC(C)(C)I,0.589,0.35,0.0,0.19,0.9304
"2-Methyl-1,2-propylene oxide",CC1(C)CO1,0.2,0.7,0.0,0.32,0.6223
"3,3-Dimethylbut-1-ene",C=CC(C)(C)C,0.037,0.04,0.0,0.13,0.911
Piretanide,NS(=O)(=O)c1cc(C(=O)O)cc(N2CCCC2)c1Oc1ccccc1,2.49,2.93,1.0,1.63,2.5337
Althiazide,C=CCSCC1Nc2cc(Cl)c(S(N)(=O)=O)cc2S(=O)(=O)N1,2.85,2.9,1.18,1.94,2.4164
Mesoridazine,CN1CCCCC1CCN1c2ccccc2Sc2ccc(S(C)=O)cc21,2.79,2.9,0.0,1.51,2.9604
Ethylphenylsulfone,CCS(=O)(=O)c1ccccc1,1.06,1.8,0.0,0.75,1.2791
Nicardipine,COC(=O)C1=C(C)NC(C)=C(C(=O)OCCN(C)Cc2ccccc2)C1c1cccc([N+](=O)[O-])c1,2.29,2.85,0.23,2.1,3.6248
"2,3,3-Trimethylpentane",CCC(C)(C)C(C)C,0.0,0.0,0.0,0.0,1.2358
sufentanyl,CCC(=O)N(c1ccccc1)C1(COC)CCN(CCc2cccs2)CC1,1.8,2.28,0.0,1.91,3.1051
PCB 139,Clc1ccc(-c2c(Cl)cc(Cl)c(Cl)c2Cl)c(Cl)c1,2.15,1.74,0.0,0.11,2.0586
α-Patchoulene,CC1=CCC2C[C@H]3C(C)CCC13C2(C)C,0.72,0.18,0.0,0.24,1.8533
Bornyl salicylate,CC1(C)C2CCC1(C)C(OC(=O)c1ccccc1O)C2,1.2,1.13,0.05,0.61,2.1822
5-Allyl-5-(2-bromoallyl)barbital,C=CCC1(CC(=C)Br)C(=O)NC(=O)NC1=O,1.6,1.64,0.52,1.36,1.7447
Ximoprofen,CC(C(=O)O)c1ccc(C2CCCC(=NO)C2)cc1,1.33,2.19,0.91,1.19,2.0658
Torasemide,Cc1cccc(Nc2ccncc2S(=O)(=O)NC(=O)NC(C)C)c1,2.18,2.18,0.7,1.6,2.5836
Arildone,CCC(=O)C(CCCCCCOc1ccc(OC)cc1Cl)C(=O)CC,1.39,2.3,0.0,1.22,2.9602
Tetrachloromethane,ClC(Cl)(Cl)Cl,0.458,0.38,0.0,0.0,0.7391
"3,3-Dimethylpentane",CCC(C)(C)CC,0.0,0.0,0.0,0.0,1.0949
Terpinen-4-ol,CC1=CCC(O)(C(C)C)CC1,0.531,0.4,0.31,0.6,1.4247
Hexobarbital,CN1C(=O)NC(=O)C(C)(C2=CCCCC2)C1=O,1.5,1.58,0.17,1.33,1.7859
Tri-m-cresylphosphate,Cc1cccc(OP(=O)(Oc2cccc(C)c2)Oc2cccc(C)c2)c1,1.614,1.82,0.0,1.1,2.7941
"3,3-Dimethylhexane",CCCC(C)(C)CC,0.0,0.0,0.0,0.0,1.2358
2-methyl-1-butene,C=C(C)CC,0.12,0.09,0.0,0.07,0.7701
3-Chloro-2-methylprop-1-ene,C=C(C)CCl,0.335,0.54,0.0,0.13,0.7516
3-Chlorobut-1-ene,C=CC(C)Cl,0.279,0.43,0.0,0.13,0.7516
"1,1-Dichloroprop-1-ene",CC=C(Cl)Cl,0.401,0.57,0.0,0.0,0.7331
"2,3-Dimethylbut-1-ene",C=C(C)C(C)C,0.152,0.07,0.0,0.13,0.911
"2,3-Dimethylbut-2-ene",CC(C)=C(C)C,0.213,0.09,0.0,0.13,0.911
3-Methylbutan-2-one,CC(=O)C(C)C,0.134,0.65,0.0,0.51,0.8288
Parathion,CCOP(=S)(OCC)Oc1ccc([N+](=O)[O-])cc1,1.44,0.93,0.0,1.04,1.9984
Isobutanamide,CC(C)C(N)=O,0.4,1.27,0.57,0.66,0.7877
betahistine,CNCCc1ccccn1,0.75,1.0,0.08,1.08,1.1978
"1,2:3,4-Diepoxybutane",C1OC1C1CO1,0.395,1.27,0.05,0.5,0.5724
"2,2,3-Trimethylpentane",CCC(C)C(C)(C)C,0.0,0.0,0.0,0.0,1.2358
3-Methylcholanthrene,Cc1ccc2cc3c(ccc4ccccc43)c3c2c1CC3,3.264,1.57,0.0,0.51,2.1375
Diethylstilbestrol,CCC(=C(CC)c1ccc(O)cc1)c1ccc(O)cc1,1.71,1.73,1.0,0.85,2.244
Quinidine,C=C[C@H]1CN2CC[C@H]1C[C@@H]2[C@@H](O)c1ccnc2ccc(OC)cc12,2.469,1.23,0.37,1.97,2.5512
Benz[a]anthracene,c1ccc2cc3c(ccc4ccccc43)cc2c1,2.992,1.7,0.0,0.35,1.8234
PCB 104,Clc1cc(Cl)c(-c2c(Cl)cccc2Cl)c(Cl)c1,1.98,1.61,0.0,0.13,1.9362
PCB 119,Clc1cc(Cl)c(-c2ccc(Cl)c(Cl)c2)c(Cl)c1,2.04,1.61,0.0,0.13,1.9362
PCB 121,Clc1cc(Cl)cc(-c2c(Cl)cc(Cl)cc2Cl)c1,2.04,1.61,0.0,0.13,1.9362
"2,3-Dimethylpentane",CCC(C)C(C)C,0.0,0.0,0.0,0.0,1.0949
3-methyl-2-pentanol,CCC(C)C(C)O,0.17,0.39,0.33,0.56,1.0127
3-methyl-2-pentanone,CCC(C)C(C)=O,0.11,0.65,0.0,0.51,0.9697
"2,3-Dichloropropanoic acid",O=C(O)C(Cl)CCl,0.468,1.5,0.74,0.36,0.8505
2-Methylpentan-3-ol,CCC(O)C(C)C,0.207,0.33,0.33,0.63,1.0127
2-Methylpentan-3-one,CCC(=O)C(C)C,0.117,0.63,0.0,0.51,0.9697
2-Hydroxybutanoic acid,CCC(O)C(=O)O,0.38,0.98,0.27,0.73,0.8053
4-Nitroquinoline-N-oxide,O=[N+]([O-])c1cc[n+]([O-])c2ccccc12,1.67,2.68,0.1,0.57,1.2772
"2,3,4-Trimethylpentane",CC(C)C(C)C(C)C,0.0,0.0,0.0,0.0,1.2358
3-Methoxycinnamaldehyde,COc1cccc(C=CC=O)c1,1.046,1.48,0.0,0.62,1.3114
"2,4-Dimethylpentan-3-one",CC(C)C(=O)C(C)C,0.072,0.6,0.0,0.51,1.1106
2-Cyclohexylethanal,O=CCC1CCCCC1,0.45,0.72,0.0,0.44,1.1429
3-Ethylbiphenyl,CCc1cccc(-c2ccccc2)c1,1.37,0.96,0.0,0.26,1.606
"1,12-Dodecanediol",OCCCCCCCCCCCCO,0.36,0.98,0.75,0.99,1.9168
Cefmetazole,COC1(NC(=O)CSCC#N)C(=O)N2C(C(=O)O)=C(CSc3nnnn3C)CSC21,3.44,4.0,0.85,2.9,3.0349
"1,2,3-propanetriol",OCC(O)CO,0.512,0.72,0.64,1.21,0.7074
"2-N,N-Dimethylaminopyridine",CN(C)c1ccccn1,0.982,0.92,0.0,0.62,1.0569
"1,1,1,2‐tetrafluoro‐2‐(fluoromethoxy)ethane",FCOC(F)C(F)(F)F,-0.376,0.54,0.0,0.13,0.6785
"2-[Chloro(fluoro)methoxy]-1,1,1,2-tetrafluoroethane",FC(Cl)OC(F)C(F)(F)F,-0.236,0.5,0.0,0.11,0.8009
Propyl 3-methyl-2-butenoate,CCCOC(=O)C=C(C)C,0.28,0.57,0.0,0.41,1.2672
Pentyl 3-methyl-2-butenoate,CCCCCOC(=O)C=C(C)C,0.244,0.56,0.0,0.45,1.549
trans-3-Hexenyl formate,CCC=CCCOC=O,0.222,0.64,0.0,0.45,1.1263
trans-3-Hexenyl hexanoate,CCC=CCCOC(=O)CCCCC,0.128,0.56,0.0,0.45,1.8308
"1,8-Dimethylnaphthalene",Cc1cccc2cccc(C)c12,1.402,1.01,0.0,0.21,1.3672
"1,8-Dihydroxynaphthalene",Oc1cccc2cccc(O)c12,1.7,1.85,0.98,0.5,1.2028
"1-Bromo-2,3-dichlorobenzene",Clc1cccc(Br)c1Cl,1.23,0.95,0.0,0.0,1.1362
"2,3,5-Trichlorotoluene",Cc1cc(Cl)cc(Cl)c1Cl,1.06,0.84,0.0,0.0,1.2245
Celiprolol,CCN(CC)C(=O)Nc1ccc(OCC(O)CNC(C)(C)C)c(C(C)=O)c1,1.55,2.46,0.57,2.44,3.1372
6-Methyl-2-nitroaniline,Cc1cccc([N+](=O)[O-])c1N,1.18,1.38,0.3,0.36,1.1313
"1-Chloro-1-(difluoromethoxy)-1,2,2,2-tetrafluoroethane",FC(F)OC(F)(Cl)C(F)(F)F,-0.334,0.05,0.0,0.06,0.8186
desflurane,FC(F)OC(F)C(F)(F)F,-0.465,0.38,0.05,0.04,0.6962
Allyl isothiocyanate,C=CCN=C=S,0.811,0.73,0.0,0.26,0.8065
4-Ethylbiphenyl,CCc1ccc(-c2ccccc2)cc1,1.36,0.96,0.0,0.26,1.606
Hexadecanoic acid,CCCCCCCCCCCCCCCC(=O)O,0.035,0.7,0.58,0.46,2.4374
Urea,NC(N)=O,0.501,1.49,0.83,0.84,0.4648
Chlorobutanol,CC(C)(O)C(Cl)(Cl)Cl,0.52,0.74,0.4,0.51,1.0981
"1,4-Dimethylnaphthalene",Cc1ccc(C)c2ccccc12,1.411,1.04,0.0,0.19,1.3672
"1,4-Dihydroxynaphthalene",Oc1ccc(O)c2ccccc12,1.79,1.72,1.1,0.58,1.2028
Vincristine,CCC1(O)CC2CN(CCc3c([nH]c4ccccc34)C(C(=O)OC)(c3cc4c(cc3OC)N(C=O)C3C(O)(C(=O)OC)C(OC(C)=O)C5(CC)C=CCN6CCC43C65)C2)C1,4.59,6.35,0.58,4.74,6.0828
Strychnine,O=C1C[C@@H]2OCC=C3CN4CC[C@]56c7ccccc7N1[C@H]5[C@H]2[C@H]3C[C@H]46,2.94,1.97,0.0,2.03,2.4093
morphine,CN1CC[C@]23c4c5ccc(O)c4O[C@H]2[C@@H](O)C=C[C@H]3[C@H]1C5,2.12,1.16,0.36,2.04,2.0648
N-Heptylbenzylamine,CCCCCCCNCc1ccccc1,0.67,0.78,0.1,0.75,1.9434
5-Methoxy-8-hydroxyquinoline,COc1ccc(O)c2ncccc12,1.5,1.32,0.0,0.71,1.3026
4-Chloro-8-hydroxyquinoline,Oc1cccc2c(Cl)ccnc12,1.51,1.15,0.0,0.5,1.2254
"2,6-Dinitrophenol",O=[N+]([O-])c1cccc([N+](=O)[O-])c1O,1.22,2.04,0.17,0.48,1.1235
Damascone,CC=CC(=O)C1C(C)C=CCC1(C)C,0.7,1.01,0.0,0.67,1.7614
"1,2-Dimethylnaphthalene",Cc1ccc2ccccc2c1C,1.431,0.97,0.0,0.25,1.3672
"1,2-Dihydroxynaphthalene",Oc1ccc2ccccc2c1O,1.7,1.6,0.93,0.54,1.2028
Phenytoin,O=C1NC(=O)C(c2ccccc2)(c2ccccc2)N1,1.713,2.23,0.86,1.0,1.8693
Isoflavone,O=c1c(-c2ccccc2)coc2ccccc12,1.77,1.69,0.0,0.63,1.6697
mepiridine,CCOC(=O)C1(c2ccccc2)CCN(C)CC1,0.952,1.3,0.0,1.25,2.0501
5-ethyl-5-(3-methylbutyl)barbituric acid,CCC1(CCC(C)C)C(=O)NC(=O)NC1=O,1.03,1.1,0.59,1.22,1.7966
3-Iodobenzyl alcohol,OCc1cccc(I)c1,1.41,1.1,0.42,0.55,1.1742
PCB 126,Clc1ccc(-c2cc(Cl)c(Cl)c(Cl)c2)cc1Cl,2.11,1.57,0.0,0.09,1.9362
physostigmine,CNC(=O)Oc1ccc2c(c1)C1(C)CCN(C)C1N2C,1.61,1.45,0.12,1.7,2.1411
Fructose,OCC1OC(O)(CO)C(O)C1O,1.42,1.37,1.5,1.6,1.1976
Hydrocortisone-17-pentanoate,CCCCC(=O)OC1(C(=O)CO)CCC2C3CCC4=CC(=O)CCC4(C)C3C(O)CC21C,1.93,3.06,0.4,2.2,3.5178
Meprobamate,CCCC(C)(COC(N)=O)COC(N)=O,0.58,2.58,0.74,1.05,1.7251
"1,7-Dimethylnaphthalene",Cc1ccc2cccc(C)c2c1,1.362,0.99,0.0,0.22,1.3672
"1,7-Dihydroxynaphthalene",Oc1ccc2cccc(O)c2c1,1.78,1.91,1.03,0.5,1.2028
"1,3-Dimethylnaphthalene",Cc1cc(C)c2ccccc2c1,1.384,0.94,0.0,0.23,1.3672
"1,6-Dimethylnaphthalene",Cc1ccc2c(C)cccc2c1,1.369,0.94,0.0,0.21,1.3672
b-Propiolactone,O=C1CCO1,0.351,1.5,0.0,0.39,0.4971
Methoxymethyl 2-hydroxybenzoate,COCOC(=O)c1ccccc1O,0.84,1.25,0.05,0.72,1.3309
"2,3-Dichlorophenol",Oc1cccc(Cl)c1Cl,0.96,0.92,0.44,0.21,1.0199
"2,6-Dimethylphenol",Cc1cccc(C)c1O,0.84,0.79,0.39,0.38,1.0569
17a-Ethynylestradiol,C#CC1(O)CCC2C3CCc4cc(O)ccc4C3CCC21C,2.01,2.34,0.98,1.23,2.3946
Furalaxyl,COC(=O)C(C)N(C(=O)c1ccco1)c1c(C)cccc1C,1.49,1.45,0.0,1.6,2.3203
Probenecid,CCCN(CCC)S(=O)(=O)c1ccc(C(=O)O)cc1,1.25,1.77,0.68,1.15,2.1578
Sulfaguanidine,N=C(N)NS(=O)(=O)c1ccc(N)cc1,1.93,1.97,0.41,1.65,1.4944
Sulfamethazine,Cc1cc(C)nc(NS(=O)(=O)c2ccc(N)cc2)n1,2.13,2.53,0.59,1.53,2.0043
1-Bromo-2-nitrobenzene,O=[N+]([O-])c1ccccc1Br,1.18,1.32,0.0,0.26,1.0656
AC-benzo-18-crown-6,COCCOCCOc1ccccc1OCCOCCOC,0.684,2.65,0.0,1.85,2.4776
"1,2-Diisopropylbenzene",CC(C)c1ccccc1C(C)C,0.665,0.5,0.0,0.2,1.5618
2-Acetylbenzoic acid,CC(=O)c1ccccc1C(=O)O,0.94,1.66,0.61,0.8,1.2292
2'-Nitroacetophenone,CC(=O)c1ccccc1[N+](=O)[O-],0.946,1.6,0.0,0.64,1.1881
"3,4-Dinitrophenol",O=[N+]([O-])c1ccc(O)cc1[N+](=O)[O-],1.32,2.25,1.14,0.16,1.1235
Carazolol,CC(C)NCC(O)COc1cccc2[nH]c3ccccc3c12,2.486,1.71,0.57,1.5,2.378
3-Hydroxyflavone,O=c1c(O)c(-c2ccccc2)oc2ccccc12,1.95,1.65,0.35,0.59,1.7284
domperidone,O=c1[nH]c2ccccc2n1CCCN1CCC(n2c(=O)[nH]c3cc(Cl)ccc32)CC1,2.844,2.75,0.65,1.8,3.0602
Progesterone,CC(=O)[C@H]1CC[C@H]2[C@@H]3CCC4=CC(=O)CC[C@]4(C)[C@H]3CC[C@]12C,1.45,3.29,0.0,1.14,2.6215
Metalaxyl,COCC(=O)N(c1c(C)cccc1C)C(C)C(=O)OC,1.06,1.41,0.0,1.73,2.2331
5-Methyl-2-nitroaniline,Cc1ccc([N+](=O)[O-])c(N)c1,1.18,1.37,0.3,0.36,1.1313
Testosterone propanoate,CCC(=O)O[C@H]1CC[C@H]2[C@@H]3CCC4=CC(=O)CC[C@]4(C)[C@H]3CC[C@]12C,1.45,2.23,0.0,1.33,2.8211
2-Bromoanisole,COc1ccccc1Br,1.034,0.94,0.0,0.28,1.091
2-Methylanisole,COc1ccccc1C,0.725,0.75,0.0,0.3,1.0569
Clozapine,CN1CCN(C2=Nc3cc(Cl)ccc3Nc3ccccc32)CC1,2.56,1.52,0.25,1.7,2.431
5-Hydroxyquinoline,Oc1cccc2ncccc12,1.618,1.25,0.6,0.61,1.103
Cholesterol,CC(C)CCC[C@@H](C)[C@H]1CC[C@H]2[C@@H]3CC=C4C[C@@H](O)CC[C@]4(C)[C@H]3CC[C@]12C,1.36,1.35,0.32,0.85,3.4942
9(10H)Acridone,O=c1c2ccccc2[nH]c2ccccc12,1.64,1.34,0.1,0.79,1.472
N-Methylacetanilide,CC(=O)N(C)c1ccccc1,0.99,1.39,0.0,0.91,1.2546
Iclazepam,O=C1CN=C(c2ccccc2)c2cc(Cl)ccc2N1CCOCC1CC1,2.5,2.0,0.0,1.61,2.7285
2-Methoxyacetophenone,COc1ccccc1C(C)=O,0.892,1.6,0.0,0.5,1.2135
2-Methoxybenzoic acid,COc1ccccc1C(=O)O,0.899,1.41,0.45,0.62,1.1313
2-Bromonaphthalene,Brc1ccc2ccccc2c1,1.61,1.13,0.0,0.15,1.2604
6-Hydroxyquinoline,Oc1ccc2ncccc2c1,1.618,1.25,0.6,0.61,1.103
3-Phenylphenol,Oc1cccc(-c2ccccc2)c1,1.4,1.31,0.57,0.45,1.3829
Caffeine,Cn1c(=O)c2c(ncn2C)n(C)c1=O,1.5,1.82,0.08,1.25,1.3632
"2,3-Dimethylnaphthalene",Cc1cc2ccccc2cc1C,1.402,0.85,0.0,0.28,1.3672
"2,6-Dimethylnaphthalene",Cc1ccc2cc(C)ccc2c1,1.347,0.82,0.0,0.25,1.3672
4-(Dimethylamino)antipyrine,Cc1c(N(C)C)c(=O)n(-c2ccccc2)n1C,1.68,1.74,0.0,1.6,1.8662
17a-methyltestosterone,C[C@]12CCC(=O)C=C1CC[C@@H]1[C@@H]2CC[C@@]2(C)[C@H]1CC[C@]2(C)O,1.49,2.57,0.2,1.25,2.5236
Testosterone cypionate,CC12CCC(=O)C=C1CCC1C2CCC2(C)C(OC(=O)CCC3CCCC3)CCC12,1.7,2.6,0.0,1.29,3.417
"2,7-Dimethylnaphthalene",Cc1ccc2ccc(C)cc2c1,1.347,0.82,0.0,0.25,1.3672
Testosterone,C[C@]12CC[C@H]3[C@@H](CCC4=CC(=O)CC[C@@]43C)[C@@H]1CC[C@@H]2O,1.54,2.56,0.32,1.17,2.3827
Chlordiazepoxide,CNC1=Nc2ccc(Cl)cc2C(c2ccccc2)=[N+]([O-])C1,1.95,2.09,0.31,1.38,2.1737
"5,6-Dimethylbenzimidazole",Cc1cc2nc[nH]c2cc1C,1.32,1.14,0.4,0.79,1.1871
Dipyridamole,OCCN(CCO)c1nc(N2CCCCC2)c2nc(N(CCO)CCO)nc(N3CCCCC3)c2n1,3.74,3.32,0.95,3.26,3.874
2-Formyl-3-methylthiophene,Cc1ccsc1C=O,1.022,1.23,0.0,0.31,0.9386
o-Bromoiodobenzene,Brc1ccccc1I,1.519,1.03,0.0,0.03,1.1496
"3,4-Dimethylpyridine",Cc1ccncc1C,0.676,0.85,0.0,0.62,0.9571
2-methylcyclohexanone,CC1CCCCC1=O,0.372,0.83,0.0,0.54,1.002
"2,3-Dimethylpyridine",Cc1cccnc1C,0.657,0.77,0.0,0.62,0.9571
Glucose,OCC1OC(O)C(O)C(O)C1O,1.34,1.7,1.14,1.8,1.1976
2-Pentyl formate,CCCC(C)OC=O,0.01,0.6,0.0,0.4,1.0284
"2,5-Dichlorophenol",Oc1cc(Cl)ccc1Cl,0.96,0.84,0.52,0.18,1.0199
Perphenazine,OCCN1CCN(CCCN2c3ccccc3Sc3ccc(Cl)cc32)CC1,2.87,2.46,0.26,1.88,3.0191
Promazine,CN(C)CCCN1c2ccccc2Sc2ccccc21,2.05,1.49,0.0,1.08,2.2832
Pentan-3-ol,CCC(O)CC,0.218,0.36,0.33,0.56,0.8718
Pentapentacontane,CCCCCCCCCCCCCCCCCCCCCCCCCCCCCCCCCCCCCCCCCCCCCCCCCCCCCCC,0.0,0.0,0.0,0.0,7.8581
"Toluene-2,4-diisocyanate",Cc1ccc(N=C=O)cc1N=C=O,1.09,1.36,0.0,0.45,1.2841
"2,3-Dimethylhexane",CCCC(C)C(C)C,0.0,0.0,0.0,0.0,1.2358
tert-Butyl methacrylate,C=C(C)C(=O)OC(C)(C)C,0.12,0.46,0.0,0.55,1.2672
3-tert-Butylphenol,CC(C)(C)c1cccc(O)c1,0.8,0.91,0.55,0.42,1.3387
Ethacrynic acid,C=C(CC)C(=O)c1ccc(OCC(=O)O)c(Cl)c1Cl,1.31,1.8,0.62,1.0,2.0533
(1-Bromoethyl)benzene,CC(Br)c1ccccc1,0.996,0.91,0.0,0.19,1.1732
1-Bromo-3-nitrobenzene,O=[N+]([O-])c1cccc(Br)c1,1.16,1.24,0.0,0.25,1.0656
"3,5-dinitrophenol",O=[N+]([O-])c1cc(O)cc([N+](=O)[O-])c1,1.32,2.18,1.05,0.16,1.1235
Adenosine,Nc1ncnc2c1ncn2C1OC(CO)C(O)C1O,2.69,2.74,1.04,1.89,1.7536
3-Methoxyacetophenone,COc1cccc(C(C)=O)c1,0.902,1.56,0.0,0.53,1.2135
3-Methoxybenzoic acid,COc1cccc(C(=O)O)c1,0.83,0.9,0.62,0.55,1.1313
3-Acetylbenzoic acid,CC(=O)c1cccc(C(=O)O)c1,0.94,1.31,0.65,0.69,1.2292
5-Methyloctan-2-one,CCCC(C)CCC(C)=O,0.09,0.63,0.0,0.51,1.3924
1-Bromo-4-nitrobenzene,O=[N+]([O-])c1ccc(Br)cc1,1.14,1.27,0.0,0.26,1.0656
4-Acetylbenzoic acid,CC(=O)c1ccc(C(=O)O)cc1,0.94,1.36,0.65,0.67,1.2292
Nitrosobenzene,O=Nc1ccccc1,0.74,1.25,0.0,0.1,0.8319
2-Pyridinemethanol,OCc1ccccn1,0.811,0.94,0.18,0.9,0.8749
3-Ethylaniline,CCc1cccc(N)c1,0.94,0.95,0.23,0.45,1.098
3-Methylbenzyl alcohol,Cc1cccc(CO)c1,0.815,0.9,0.39,0.59,1.0569
3-Chlorobenzaldehyde,O=Cc1cccc(Cl)c1,0.949,1.06,0.0,0.35,0.9954
diphenhydramine,CN(C)CCOC(c1ccccc1)c1ccccc1,1.31,1.11,0.0,1.22,2.1872
3-Methoxybenzenesulfonamide,COc1cccc(S(N)(=O)=O)c1,1.23,1.6,0.64,1.01,1.2967
"3-(m-chlorophenyl)-1,1-dimethylurea",CN(C)C(=O)Nc1cccc(Cl)c1,1.15,1.54,0.41,0.8,1.4768
Papaverine,COc1ccc(Cc2nccc3cc(OC)c(OC)cc23)cc1OC,2.13,2.25,0.0,1.72,2.5914
3-(Acetylamino)benzoic acid,CC(=O)Nc1cccc(C(=O)O)c1,1.12,1.4,1.05,0.88,1.329
"2,5-Di-tert-butylphenol",CC(C)(C)c1ccc(C(C)(C)C)c(O)c1,0.818,0.94,0.36,0.49,1.9023
2-Chloroacetanilide,O=C(CCl)Nc1ccccc1,0.98,1.53,0.2,0.72,1.2361
Diphenylmercury,c1cc[c]([Hg][c]2ccccc2)cc1,2.05,1.63,0.0,0.6,1.5986
3-Chloroacetanilide,CC(=O)Nc1cccc(Cl)c1,0.98,1.44,0.64,0.5,1.2361
3-Ethyloctane,CCCCCC(CC)CC,0.0,0.0,0.0,0.0,1.5176
Tetraethylene glycol pentyl ether,CCCCCOCCOCCOCCOCCO,0.165,1.2,0.32,1.73,2.2338
m-Chlorophenoxyacetic acid,O=C(O)COc1cccc(Cl)c1,1.02,1.03,0.72,0.68,1.2537
N-Benzylacetamide,CC(=O)NCc1ccccc1,0.98,1.8,0.32,0.75,1.2546
Biotin,O=C(O)CCCCC1SCC2NC(=O)NC21,1.35,2.51,0.94,1.34,1.7536
"1,2,3,4,5,6,7-PCN",Clc1cc2c(Cl)c(Cl)c(Cl)c(Cl)c2c(Cl)c1Cl,2.17,1.48,0.0,0.0,1.9422
"1,2,3,4,5,6,8-PCN",Clc1cc(Cl)c2c(Cl)c(Cl)c(Cl)c(Cl)c2c1Cl,2.17,1.48,0.0,0.0,1.9422
4-Bromophenetole,CCOc1ccc(Br)cc1,0.967,0.9,0.0,0.23,1.2319
gamma-Hexachlorocyclohexane,Cl[C@H]1[C@H](Cl)[C@@H](Cl)[C@@H](Cl)[C@H](Cl)[C@H]1Cl,1.45,0.91,0.0,0.68,1.5798
"2,3,4,6-Tetrachlorophenol",Oc1c(Cl)cc(Cl)c(Cl)c1Cl,1.1,0.87,0.5,0.15,1.2647
N-Methyl-2-phenylethylamine,CNCCc1ccccc1,0.75,0.91,0.1,0.78,1.2389
Thiotriazinone,Cn1[nH]c(=O)c(=O)[nH]c1=S,1.55,1.78,0.82,0.8,1.0149
4-Ethylaniline,CCc1ccc(N)cc1,0.942,0.91,0.23,0.45,1.098
4-Methylbenzyl alcohol,Cc1ccc(CO)cc1,0.81,0.88,0.39,0.6,1.0569
3-Methylhexane,CCCC(C)CC,0.0,0.0,0.0,0.0,1.0949
Hydrochlorothiazide,NS(=O)(=O)c1cc2c(cc1Cl)NCNS2(=O)=O,2.19,2.9,0.96,1.39,1.7323
3-methyl-1-pentanol,CCC(C)CCO,0.211,0.39,0.31,0.56,1.0127
Hexan-3-one,CCCC(=O)CC,0.136,0.66,0.0,0.51,0.9697
sec.-Butyl formate,CCC(C)OC=O,0.099,0.6,0.0,0.4,0.8875
"2,4-Dimethylhexane",CCC(C)CC(C)C,0.0,0.0,0.0,0.0,1.2358
Chlorothiazide,NS(=O)(=O)c1cc2c(cc1Cl)N=CNS2(=O)=O,2.18,1.32,1.16,1.92,1.6893
4-Methylheptane,CCCC(C)CCC,0.0,0.0,0.0,0.0,1.2358
Heptan-4-ol,CCCC(O)CCC,0.18,0.36,0.33,0.56,1.1536
Isobutyl 3-methylbutanoate,CC(C)COC(=O)CC(C)C,-0.02,0.5,0.0,0.47,1.4511
Octan-4-ol,CCCCC(O)CCC,0.16,0.36,0.33,0.56,1.2945
Octan-4-one,CCCCC(=O)CCC,0.11,0.66,0.0,0.51,1.2515
Isobutyl crotonate,CC=CC(=O)OCC(C)C,0.13,0.65,0.0,0.45,1.2672
Uridine,O=c1ccn(C2OC(CO)C(O)C2O)c(=O)[nH]1,1.767,2.29,0.72,1.95,1.5823
Butyl octanoate,CCCCCCCC(=O)OCCCC,0.014,0.56,0.0,0.45,1.8738
3-Methylheptane,CCCCC(C)CC,0.0,0.0,0.0,0.0,1.2358
p-bromoiodobenzene,Brc1ccc(I)cc1,1.5,0.99,0.0,0.04,1.1496
4-Methylcyclohexanone,CC1CCC(=O)CC1,0.355,0.83,0.0,0.56,1.002
"2,5-Dimethylpyridine",Cc1ccc(C)nc1,0.633,0.74,0.0,0.62,0.9571
3-octanol,CCCCCC(O)CC,0.176,0.36,0.33,0.56,1.2945
"Buta-1,2-diene",C=C=CC,0.31,0.21,0.0,0.11,0.5862
"2,2-Dimethylpentane",CCCC(C)(C)C,0.0,0.0,0.0,0.0,1.0949
2-Methylpentan-2-ol,CCCC(C)(C)O,0.169,0.3,0.31,0.64,1.0127
methotrexate,CN(Cc1cnc2nc(N)nc(N)c2n1)c1ccc(C(=O)N[C@@H](CCC(=O)O)C(=O)O)cc1,3.7,3.22,1.77,3.35,3.2197
"1,1-Dimethylcyclohexane",CC1(C)CCCCC1,0.239,0.1,0.0,0.0,1.1272
1-Methylcyclohexanol,CC1(O)CCCCC1,0.42,0.48,0.27,0.59,1.045
"2,2-Dimethylhexane",CCCCC(C)(C)C,0.0,0.0,0.0,0.0,1.2358
3-Bromopropanoic acid,O=C(O)CCBr,0.514,0.97,0.62,0.49,0.7807
"Hepta-2,4-dienal",CCC=CC=CC=O,0.778,0.84,0.0,0.55,1.0246
"E,E-Nona-2,4-dienal",CCCCC=CC=CC=O,0.802,0.88,0.0,0.52,1.3064
"2,3-Dimethylpyrazine",Cc1nccnc1C,0.657,0.8,0.0,0.74,0.916
3-Bromophenol,Oc1cccc(Br)c1,1.06,1.13,0.7,0.16,0.9501
"trans-1,3-Dimethylcyclohexane",CC1CCCC(C)C1,0.19,0.1,0.0,0.0,1.1272
"3,5-Dimethylpyridine",Cc1cncc(C)c1,0.659,0.79,0.0,0.6,0.9571
1-Methylcyclooctanol,CC1(O)CCCCCCC1,0.538,0.48,0.32,0.5,1.3268
3-Methylcyclohexanone,CC1CCCC(=O)C1,0.358,0.83,0.0,0.56,1.002
3-Aminophenol,Nc1cccc(O)c1,1.13,1.64,0.74,0.57,0.8749
3-methoxybenzaldehyde,COc1cccc(C=O)c1,0.921,1.2,0.0,0.48,1.0726
"3,5-Dichlorophenol",Oc1cc(Cl)cc(Cl)c1,1.02,1.02,0.92,0.0,1.0199
4-Methylcyclohexene,CC1CC=CCC1,0.347,0.22,0.0,0.1,0.9433
3-Methylcyclohexene,CC1C=CCCC1,0.36,0.2,0.0,0.1,0.9433
Iodobenzene,Ic1ccccc1,1.188,0.82,0.0,0.12,0.9746
Terbuthylazine,CCNc1nc(Cl)nc(NC(C)(C)C)n1,1.19,1.26,0.14,0.91,1.7605
n-Butyl pentanoate,CCCCOC(=O)CCCC,0.033,0.56,0.0,0.45,1.4511
2-Methylhexane,CCCCC(C)C,0.0,0.0,0.0,0.0,1.0949
Hexan-2-one,CCCCC(C)=O,0.136,0.68,0.0,0.51,0.9697
"Penta-1,2-diene",C=C=CCC,0.31,0.23,0.0,0.11,0.7271
"2,5-Dimethylhexane",CC(C)CCC(C)C,0.0,0.0,0.0,0.0,1.2358
Non-2-yn-1-ol,CCCCCCC#CCO,0.372,0.56,0.33,0.59,1.3494
"1,1-Dibutoxybutane",CCCCOC(CCC)OCCCC,-0.022,0.46,0.0,0.81,1.9168
Acetol acetate,CC(=O)COC(C)=O,0.229,0.98,0.0,0.82,0.9032
2-methylheptane,CCCCCC(C)C,0.0,0.0,0.0,0.0,1.2358
2-Methyl-5-nitro-m-phenylenediamine,Cc1c(N)cc([N+](=O)[O-])cc1N,1.54,1.83,0.79,0.87,1.2311
Butylurea,CCCCNC(N)=O,0.372,1.45,0.62,0.68,1.0284
Galactose,OCC1OC(O)C(O)C(O)C1O,1.34,1.66,1.3,1.79,1.1976
Hex-1-ene,C=CCCCC,0.078,0.08,0.0,0.07,0.911
"Hexa-1,5-diene",C=CCCC=C,0.19,0.21,0.0,0.1,0.868
"Hexa-1,2-diene",C=C=CCCC,0.301,0.23,0.0,0.1,0.868
"Hexa-2,3-diene",CC=C=CCC,0.34,0.23,0.0,0.1,0.868
1-Fluoropentane,CCCCCF,0.002,0.31,0.0,0.15,0.8308
"Cyclohexa-1,3-diene",C1=CCCC=C1,0.515,0.38,0.0,0.12,0.7594
Hept-1-ene,C=CCCCCC,0.092,0.08,0.0,0.07,1.0519
Acyclovir,Nc1nc(=O)c2ncn(COCCO)c2[nH]1,1.9,1.88,0.82,1.88,1.5217
n-Butyl formate,CCCCOC=O,0.121,0.63,0.0,0.38,0.8875
Diallyl sulphide,C=CCSCC=C,0.584,0.48,0.0,0.41,1.0315
PCB 140,Clc1cc(Cl)c(-c2ccc(Cl)c(Cl)c2Cl)c(Cl)c1,2.18,1.74,0.0,0.11,2.0586
Folic acid,Nc1nc(=O)c2nc(CNc3ccc(C(=O)NC(CCC(=O)O)C(=O)O)cc3)cnc2[nH]1,3.5,3.85,1.8,3.45,3.0377
Tridecan-2-one,CCCCCCCCCCCC(C)=O,0.1,0.68,0.0,0.51,1.956
n-Octadecane,CCCCCCCCCCCCCCCCCC,0.0,0.0,0.0,0.0,2.6448
Oleyl alcohol,CCCCCCCCC=CCCCCCCCCO,0.286,0.5,0.37,0.55,2.6605
Fluorochlorobromomethane,FC(Cl)Br,0.345,0.45,0.11,0.07,0.5646
Sulfaquinoxaline,Nc1ccc(S(=O)(=O)Nc2cnc3ccccc3n2)cc1,2.84,2.35,0.4,1.6,2.0915
Tetramethyltin,[CH3][Sn]([CH3])([CH3])[CH3],0.324,0.11,0.0,0.1,1.0431
2-chloro-2-methylbutane,CCC(C)(C)Cl,0.171,0.27,0.0,0.15,0.9355
tert-Pentylamine,CCC(C)(C)N,0.17,0.35,0.16,0.64,0.9129
"2,3,3-Trimethylbut-1-ene",C=C(C)C(C)(C)C,0.113,0.09,0.0,0.15,1.0519
"2,3-Dimethylbutan-2-ol",CC(C)C(C)(C)O,0.208,0.27,0.31,0.65,1.0127
Procaine,CCN(CC)CCOC(=O)c1ccc(N)cc1,1.149,1.34,0.26,1.44,1.9767
"2,2,2-Trichloroacetamide",NC(=O)C(Cl)(Cl)Cl,0.71,0.63,0.47,0.56,0.8731
Triiodoacetic acid,O=C(O)C(I)(I)I,1.897,1.31,0.96,0.35,1.2394
2-Methyl-2-nitropropane,CC(C)(C)[N+](=O)[O-],0.2,0.92,0.0,0.35,0.8464
"1,1-Dichloro-1-nitroethane",CC(Cl)(Cl)[N+](=O)[O-],0.38,0.73,0.0,0.22,0.8094
"2,2,3,3-Tetramethylbutane",CC(C)(C)C(C)(C)C,0.0,0.0,0.0,0.0,1.2358
Oxindole,O=C1Cc2ccccc2N1,1.15,1.46,0.52,0.59,1.0051
4-Chloro-3-methylphenol,Cc1cc(O)ccc1Cl,0.92,0.99,0.67,0.22,1.0384
"2,2-Dimethylbutanoic acid",CCC(C)(C)C(=O)O,0.186,0.56,0.61,0.46,1.0284
"2,3-Dimethylpentan-3-ol",CCC(C)(O)C(C)C,0.19,0.3,0.31,0.63,1.1536
Diacetylfluorescein,CC(=O)Oc1ccc2c(c1)Oc1cc(OC(C)=O)ccc1C21OC(=O)c2ccccc21,2.46,3.62,0.0,1.46,2.8421
Isocarboxazid,Cc1cc(C(=O)NNCc2ccccc2)no1,1.61,2.1,0.36,1.15,1.741
Acetazolamide,CC(=O)Nc1nnc(S(N)(=O)=O)s1,1.64,2.36,0.8,1.1,1.3369
Lorcainide,CC(C)N1CCC(N(C(=O)Cc2ccccc2)c2ccc(Cl)cc2)CC1,2.02,2.54,0.0,1.56,2.9623
Citalopram,CN(C)CCCC1(c2ccc(F)cc2)OCc2cc(C#N)ccc21,1.83,1.99,0.0,1.53,2.5328
Diethylsulfone,CCS(=O)(=O)CC,0.55,1.68,0.0,0.76,0.9531
Tetraethyltin,C[CH2][Sn]([CH2]C)([CH2]C)[CH2]C,0.464,0.18,0.0,0.13,1.6067
3-Ethyl-3-hexanol,CCCC(O)(CC)CC,0.204,0.3,0.31,0.6,1.2945
3-methyl-3-hexanol,CCCC(C)(O)CC,0.198,0.3,0.31,0.64,1.1536
Diethyl hydrogen phosphate,CCOP(=O)(O)OCC,0.173,1.0,0.97,1.07,1.1116
Tenoxicam,CN1C(C(=O)Nc2ccccn2)=C(O)c2sccc2S1(=O)=O,2.64,2.82,0.7,1.56,2.1747
Glycolamide,NC(=O)CO,0.473,1.1,0.66,0.85,0.5646
CyclosporinA,CC=CCC(C)C(O)C1C(=O)NC(CC)C(=O)N(C)CC(=O)N(C)C(CC(C)C)C(=O)NC(C(C)C)C(=O)N(C)C(CC(C)C)C(=O)NC(C)C(=O)NC(C)C(=O)N(C)C(CC(C)C)C(=O)N(C)C(CC(C)C)C(=O)N(C)C(C(C)C)C(=O)N1C,4.23,10.6,1.2,7.6,10.022
Patchouli alcohol,CC1CCC2(O)C(C)(C)C3CCC2(C)C1C3,0.8,0.58,0.32,0.61,1.955
2-Bromopropanoic acid,CC(Br)C(=O)O,0.514,0.91,0.73,0.39,0.7807
3-Methylbutan-2-ol,CC(C)C(C)O,0.194,0.33,0.33,0.56,0.8718
Diiodoacetic acid,O=C(O)C(I)I,1.353,1.3,0.9,0.35,0.9812
α-Longipinene,CC1=CC[C@@H]2[C@@H]3[C@H]1[C@@]2(C)CCCC3(C)C,0.665,0.18,0.0,0.32,1.8533
N-Nitrosomorpholine,O=NN1CCOCC1,0.6,1.51,0.0,0.65,0.8376
"1,1-Dimethylurea",CN(C)C(N)=O,0.44,1.29,0.45,0.9,0.7466
Methyl trimethylacetate,COC(=O)C(C)(C)C,0.049,0.54,0.0,0.45,1.0284
Methyl trichloroacetate,COC(=O)C(Cl)(Cl)Cl,0.41,0.74,0.0,0.35,0.9729
a-Hydroxy-bb-dimethyl-g-butyrolactone,CC1(C)COC(=O)C1O,0.462,1.25,0.48,0.6,0.9785
"N,N-Dimethyl-p-toluenesulfonamide",Cc1ccc(S(=O)(=O)N(C)C)cc1,1.1,1.14,0.0,1.01,1.5198
Methylnonylsulfide,CCCCCCCCCSC,0.339,0.42,0.0,0.34,1.6811
Ethylnonylsulfide,CCCCCCCCCSCC,0.324,0.34,0.0,0.36,1.822
"2,3-Dibromopropanoic acid",O=C(O)C(Br)CBr,0.717,1.75,0.79,0.33,0.9557
"Pentane-2,3-dione",CCC(=O)C(C)=O,0.199,0.85,0.0,0.55,0.8445
Tributyrin,CCCC(=O)OCC(COC(=O)CCC)OC(=O)CCC,-0.02,1.3,0.0,1.28,2.4453
1-Chloro-1-nitropropane,CCC(Cl)[N+](=O)[O-],0.298,0.92,0.05,0.31,0.8279
"2,4-dimethyl-3-pentanol",CC(C)C(O)C(C)C,0.208,0.3,0.33,0.56,1.1536
Octylphenylketone,CCCCCCCCC(=O)c1ccccc1,0.757,0.95,0.0,0.5,2.0002
4-Aminoazobenzene,Nc1ccc(N=Nc2ccccc2)cc1,1.69,1.29,0.22,0.65,1.5806
2-Phenylethanol,OCCc1ccccc1,0.811,0.82,0.31,0.66,1.0569
PCB 83,Clc1cc(Cl)c(Cl)c(-c2cccc(Cl)c2Cl)c1,2.05,1.61,0.0,0.13,1.9362
PCB 103,Clc1cc(Cl)c(-c2cc(Cl)ccc2Cl)c(Cl)c1,2.01,1.61,0.0,0.13,1.9362
PCB 154,Clc1cc(Cl)c(-c2cc(Cl)c(Cl)cc2Cl)c(Cl)c1,2.16,1.74,0.0,0.11,2.0586
PCB 182,Clc1cc(Cl)c(-c2cc(Cl)c(Cl)c(Cl)c2Cl)c(Cl)c1,2.3,1.87,0.0,0.09,2.181
"2,6-Dibromobenzoic acid",O=C(O)c1c(Br)cccc1Br,1.39,1.55,0.88,0.48,1.2817
3-Methyl-2-nitroaniline,Cc1cccc(N)c1[N+](=O)[O-],1.18,1.37,0.3,0.37,1.1313
"2,6-Dichloronitrobenzene",O=[N+]([O-])c1c(Cl)cccc1Cl,1.17,1.34,0.0,0.21,1.1354
2-Nitroresorcinol,O=[N+]([O-])c1c(O)cccc1O,1.21,1.35,0.01,0.48,1.008
"2,3-dinitrotoluene",Cc1cccc([N+](=O)[O-])c1[N+](=O)[O-],1.15,1.7,0.0,0.4,1.2057
Propiconazole,CCCC1COC(Cn2cncn2)(c2ccc(Cl)cc2Cl)O1,2.06,2.53,0.0,1.1,2.3429
Undec-2-yne,CC#CCCCCCCCC,0.213,0.3,0.0,0.15,1.5725
Undec-3-yne,CCC#CCCCCCCC,0.196,0.3,0.0,0.15,1.5725
Undec-4-yne,CCCC#CCCCCCC,0.196,0.3,0.0,0.15,1.5725
PCB 69,Clc1cccc(-c2c(Cl)cc(Cl)cc2Cl)c1,1.89,1.48,0.0,0.15,1.8138
PCB 98,Clc1cc(Cl)c(-c2cccc(Cl)c2Cl)c(Cl)c1,2.01,1.61,0.0,0.13,1.9362
9-Phenylanthracene,c1ccc(-c2c3ccccc3cc3ccccc23)cc1,2.9,1.86,0.0,0.42,2.0622
Diethyl ether,CCOCC,0.041,0.25,0.0,0.45,0.7309
2-Phenylhexane,CCCCC(C)c1ccccc1,0.587,0.49,0.0,0.19,1.5618
3-Nitrophthalic acid,O=C(O)c1cccc([N+](=O)[O-])c1C(=O)O,1.36,2.01,1.2,0.89,1.3212
"2,6-Dinitrobenzoic acid",O=C(O)c1c([N+](=O)[O-])cccc1[N+](=O)[O-],1.25,2.25,0.92,0.7,1.2801
Pentan-2-ol,CCCC(C)O,0.195,0.36,0.33,0.56,0.8718
Linoleic acid,CCCCCC=CCC=CCCCCCCCC(=O)O,0.414,0.73,0.57,0.74,2.6332
Acetamide,CC(N)=O,0.46,1.3,0.55,0.69,0.5059
N-Methylindole,Cn1ccc2ccccc21,1.206,1.03,0.0,0.37,1.0873
2-Methyl-3-nitroaniline,Cc1c(N)cccc1[N+](=O)[O-],1.2,1.72,0.37,0.44,1.1313
Proxicromil,CCCc1c2c(c(O)c3c(=O)cc(C(=O)O)oc13)CCCC2,1.79,1.95,0.7,0.9,2.2136
Cholesterol acetate,CC(=O)OC1CCC2(C)C(=CCC3C2CCC2(C)C(C(C)CCCC(C)C)CCC32)C1,1.22,1.64,0.0,0.68,3.7917
4-Chloro-1-naphthol,Oc1ccc(Cl)c2ccccc12,1.63,1.24,0.68,0.27,1.2665
"1,1'-Binaphthyl",c1ccc2c(-c3cccc4ccccc34)cccc2c1,2.682,1.74,0.0,0.36,2.0622
Oxazepam,O=C1Nc2ccc(Cl)cc2C(c2ccccc2)=NC1O,2.35,1.12,0.2,1.62,1.9917
Nonylphenylketone,CCCCCCCCCC(=O)c1ccccc1,0.749,0.95,0.0,0.5,2.1411
1-Phenylnaphthalene,c1ccc(-c2cccc3ccccc23)cc1,2.1,1.27,0.0,0.34,1.6932
Dimethoate,CNC(=O)CSP(=S)(OC)OC,1.094,1.62,0.25,1.19,1.5776
tetracycline,CN(C)[C@@H]1C(O)=C(C(N)=O)C(=O)[C@@]2(O)C(O)=C3C(=O)c4c(O)cccc4[C@@](C)(O)[C@H]3C[C@@H]12,3.5,3.6,1.35,3.29,3.0992
Diisopentyl phthalate,CC(C)CCOC(=O)c1ccccc1C(=O)OCCC(C)C,0.675,1.22,0.0,0.96,2.556
Di(2-ethoxyethyl)phthalate,CCOCCOC(=O)c1ccccc1C(=O)OCCOCC,0.76,1.71,0.0,1.66,2.3916
Methimazole,Cn1cc[nH]c1=S,1.25,1.41,0.39,0.84,0.8407
Propiverine,CCCOC(C(=O)OC1CCN(C)CC1)(c1ccccc1)c1ccccc1,1.61,1.66,0.0,1.85,2.9984
Dieldrin,ClC1=C(Cl)[C@]2(Cl)[C@@H]3[C@@H]4C[C@@H]([C@H]5O[C@@H]45)[C@@H]3[C@@]1(Cl)C2(Cl)Cl,2.09,1.46,0.0,0.65,2.0065
Oxatomide,O=c1[nH]c2ccccc2n1CCCN1CCN(C(c2ccccc2)c2ccccc2)CC1,2.99,2.9,0.33,1.88,3.3978
"2,6-Dinitrotoluene",Cc1c([N+](=O)[O-])cccc1[N+](=O)[O-],1.15,1.55,0.0,0.45,1.2057
"1,3-Indandione",O=C1CC(=O)c2ccccc21,1.12,1.48,0.0,0.72,1.0619
Bifonazole,c1ccc(-c2ccc(C(c3ccccc3)n3ccnc3)cc2)cc1,2.41,2.13,0.0,1.15,2.5006
"2,6-Dinitrobenzaldehyde",O=Cc1c([N+](=O)[O-])cccc1[N+](=O)[O-],1.42,1.86,0.0,0.59,1.2214
1-Methylquinolin-2(1H)-one,Cn1c(=O)ccc2ccccc21,1.3,1.53,0.0,0.76,1.2439
"2',3-Dihydroxyflavone",O=c1c(O)c(-c2ccccc2O)oc2ccccc12,2.18,1.9,0.75,0.97,1.7871
cis-1-Isopropyl-4-methylcyclohexane,CC1CCC(C(C)C)CC1,0.271,0.07,0.0,0.0,1.409
Amrinone,Nc1cc(-c2ccncc2)c[nH]c1=O,1.66,1.88,0.47,1.47,1.4005
5-Heptyl-5-ethyl barbituric acid,CCCCCCCC1(CC)C(=O)NC(=O)NC1=O,1.03,1.14,0.47,1.18,2.0784
Propyl salicylate,CCCOC(=O)c1ccccc1O,0.793,0.9,0.02,0.43,1.4131
"2,4,6-Tribromoanisole",COc1c(Br)cc(Br)cc1Br,1.55,1.12,0.0,0.21,1.441
"1,2,3-Tribromobenzene",Brc1cccc(Br)c1Br,1.55,1.12,0.0,0.0,1.2414
"2,3-Dichloroaniline",Nc1cccc(Cl)c1Cl,1.136,1.15,0.3,0.25,1.061
"2,6-Dibromophenol",Oc1c(Br)cccc1Br,1.27,0.93,0.47,0.22,1.1251
"1-Benzyl-1,2,4-triazole",c1ccc(Cn2cncn2)cc1,1.333,2.0,0.0,0.62,1.2439
pentabromophenol,Oc1c(Br)c(Br)c(Br)c(Br)c1Br,2.356,1.96,0.38,0.06,1.6501
Pentabromobenzene,Brc1cc(Br)c(Br)c(Br)c1Br,2.19,1.41,0.0,0.0,1.5914
Pentachlorobenzene,Clc1cc(Cl)c(Cl)c(Cl)c1Cl,1.33,0.92,0.06,0.0,1.3284
Ethyl 2-methylacetoacetate,CCOC(=O)C(C)C(C)=O,0.156,0.85,0.0,0.85,1.185
"2-Methyl-2,3-benzodiazine-1-one",Cn1ncc2ccccc2c1=O,1.355,1.63,0.0,0.9,1.2028
"2,4,6-Triiodophenol",Oc1c(I)cc(I)cc1I,2.858,1.54,0.3,0.2,1.5497
2-Methyl-3-ethylpentane,CCC(CC)C(C)C,0.0,0.0,0.0,0.0,1.2358
3-Ethylpentan-2-ol,CCC(CC)C(C)O,0.17,0.33,0.33,0.56,1.1536
3-Furamide,NC(=O)c1ccoc1,0.81,1.11,0.43,0.67,0.7927
2-Methylhex-1-ene,C=C(C)CCCC,0.04,0.1,0.0,0.08,1.0519
2-Chlorobenzamide,NC(=O)c1ccccc1Cl,1.14,1.65,0.4,0.7,1.0952
"2-Methyl-N,N-dimethylaniline",Cc1ccccc1N(C)C,1.09,0.65,0.0,0.48,1.2389
"4-Methyl-2,6-dinitrophenol",Cc1cc([N+](=O)[O-])c(O)c([N+](=O)[O-])c1,1.18,1.75,0.0,0.43,1.2644
2-Nitrobenzamide,NC(=O)c1ccccc1[N+](=O)[O-],1.29,2.25,0.4,0.86,1.147
"2,4-Dinitrobenzoic acid",O=C(O)c1ccc([N+](=O)[O-])cc1[N+](=O)[O-],1.35,1.9,0.79,0.77,1.2801
"3,4-Dinitrotoluene",Cc1ccc([N+](=O)[O-])c([N+](=O)[O-])c1,1.15,1.7,0.0,0.43,1.2057
"1-Chloro-3,4-dinitrobenzene",O=[N+]([O-])c1ccc(Cl)cc1[N+](=O)[O-],1.3,1.73,0.0,0.39,1.1872
1-Methylanthracene,Cc1cccc2cc3ccccc3cc12,2.29,1.3,0.0,0.3,1.5953
1-Aminoanthracene,Nc1cccc2cc3ccccc3cc12,2.63,1.69,0.21,0.63,1.5542
2-Nitrophenyl acetate,CC(=O)Oc1ccccc1[N+](=O)[O-],0.94,1.72,0.0,0.55,1.2468
"2,5-Dimethylbenzoic acid",Cc1ccc(C)c(C(=O)O)c1,0.73,0.9,0.59,0.36,1.2135
"2,4,5-Trimethylnitrobenzene",Cc1cc(C)c([N+](=O)[O-])cc1C,0.87,1.17,0.0,0.29,1.3133
Methyl 2-Iodobenzoate,COC(=O)c1ccccc1I,1.31,1.24,0.0,0.53,1.3308
"2,4-Dimethylbenzoic acid",Cc1ccc(C(=O)O)c(C)c1,0.73,0.9,0.59,0.36,1.2135
3-Methyl-4-nitroaniline,Cc1cc(N)ccc1[N+](=O)[O-],1.22,1.91,0.42,0.37,1.1313
"2,4-Dichloronitrobenzene",O=[N+]([O-])c1ccc(Cl)cc1Cl,1.17,1.26,0.0,0.19,1.1354
Methyl 2-furoate,COC(=O)c1ccco1,0.56,1.11,0.0,0.47,0.8925
2-Ethyltoluene,CCc1ccccc1C,0.68,0.55,0.0,0.18,1.1391
2-Methylstyrene,C=Cc1ccccc1C,0.915,0.65,0.0,0.18,1.0961
2-Chlorobenzyl chloride,ClCc1ccccc1Cl,0.931,0.98,0.0,0.15,1.1021
2-Cyanophenol,N#Cc1ccccc1O,0.92,1.33,0.78,0.34,0.9298
8-Methylquinoline,Cc1cccc2cccnc12,1.313,0.95,0.0,0.55,1.1852
Isopropylphenylketone,CC(C)C(=O)c1ccccc1,0.777,0.92,0.0,0.5,1.2957
Crotyl alcohol,C/C=C/CO,0.35,0.52,0.35,0.53,0.6879
"4,4'-Dihydroxybenzophenone",O=C(c1ccc(O)cc1)c1ccc(O)cc1,1.82,1.98,1.2,0.82,1.5982
"1,1-Diphenylethane",CC(c1ccccc1)c1ccccc1,1.289,1.1,0.0,0.34,1.606
Flurochloridone,O=C1C(Cl)C(CCl)CN1c1cccc(C(F)(F)F)c1,1.06,1.41,0.0,0.86,1.8666
2-Methoxybenzyl alcohol,COc1ccccc1CO,0.904,0.98,0.41,0.78,1.1156
2-Nitrobenzonitrile,N#Cc1ccccc1[N+](=O)[O-],1.04,1.7,0.0,0.48,1.0453
2-Nitro-N-methylaniline,CNc1ccccc1[N+](=O)[O-],1.17,1.25,0.0,0.44,1.1313
2-Nitro-trans-cinnamic acid,O=C(O)C=Cc1ccccc1[N+](=O)[O-],1.4,1.21,0.61,0.8,1.3447
3-Methylquinoline,Cc1cnc2ccccc2c1,1.317,0.95,0.0,0.55,1.1852
7-Methylquinoline,Cc1ccc2cccnc2c1,1.305,0.95,0.0,0.55,1.1852
"1,3,5-Triphenylbenzene",c1ccc(-c2cc(-c3ccccc3)cc(-c3ccccc3)c2)cc1,2.44,1.82,0.0,0.41,2.5398
"3,3'-Dimethylbiphenyl",Cc1cccc(-c2cccc(C)c2)c1,1.432,0.98,0.0,0.27,1.606
"2,2'-Binaphthyl",c1ccc2cc(-c3ccc4ccccc4c3)ccc2c1,2.682,1.74,0.0,0.36,2.0622
"1-ethyl-1,3-dihydro-2H-indol-2-one",CCN1C(=O)Cc2ccccc21,1.21,2.27,0.0,0.49,1.2869
2-Phenylnaphthalene,c1ccc(-c2ccc3ccccc3c2)cc1,2.06,1.2,0.0,0.36,1.6932
"2,4,5-Trichloroanisole",COc1cc(Cl)c(Cl)cc1Cl,1.12,1.01,0.0,0.14,1.2832
2-Methylanthracene,Cc1ccc2cc3ccccc3cc2c1,2.29,1.3,0.0,0.31,1.5953
2-Aminoanthracene,Nc1ccc2cc3ccccc3cc2c1,2.65,1.69,0.21,0.62,1.5542
Methicillin,COc1cccc(OC)c1C(=O)NC1C(=O)N2C1SC(C)(C)C2C(=O)O,2.534,2.98,0.73,2.1,2.6354
"9,10-Dihydroanthracene",c1ccc2c(c1)Cc1ccccc1C2,1.6,1.18,0.0,0.35,1.4974
"4,4'-Dimethylbiphenyl",Cc1ccc(-c2ccc(C)cc2)cc1,1.43,0.98,0.0,0.27,1.606
PenicillinG,CC1(C)SC2C(NC(=O)Cc3ccccc3)C(=O)N2C1C(=O)O,2.517,1.54,0.53,2.05,2.3771
4-Phenylanisole,COc1ccc(-c2ccccc2)cc1,1.46,1.27,0.0,0.46,1.5238
Mirtazapine,CN1CCN2c3ncccc3Cc3ccccc3C2C1,2.09,1.71,0.0,1.36,2.1109
2-Ethoxybenzaldehyde,CCOc1ccccc1C=O,0.914,1.2,0.0,0.5,1.2135
3-Ethylpentan-2-one,CCC(CC)C(C)=O,0.11,0.63,0.0,0.53,1.1106
4-Methylheptan-2-one,CCCC(C)CC(C)=O,0.11,0.65,0.0,0.51,1.2515
2-Hydroxypropyl nicotinate,CC(O)COC(=O)c1cccnc1,0.84,1.38,0.35,1.19,1.372
"2,2'-Dinaphthylether",c1ccc2cc(Oc3ccc4ccccc4c3)ccc2c1,2.726,1.85,0.0,0.37,2.1209
N-Methylbenzamide,CNC(=O)c1ccccc1,0.95,1.49,0.4,0.71,1.1137
Benzoylhydrazine,NNC(=O)c1ccccc1,1.042,1.9,0.6,0.75,1.0726
N-Methyl-N-ethylaniline,CCN(C)c1ccccc1,0.955,0.8,0.0,0.41,1.2389
N-Nitroso-N-methylaniline,CN(N=O)c1ccccc1,1.14,1.46,0.0,0.47,1.0726
N-Ethylbenzamide,CCNC(=O)c1ccccc1,0.95,1.49,0.39,0.72,1.2546
Ethyl nicotinate,CCOC(=O)c1cccnc1,0.667,1.12,0.0,0.7,1.1724
1-Hexylaminocarbonyl-5-fluorouracil,CCCCCCNC(=O)n1cc(F)c(=O)[nH]c1=O,1.13,1.85,0.37,0.92,1.8711
"4,4-Dimethylpentan-2-ol",CC(O)CC(C)(C)C,0.19,0.33,0.33,0.57,1.1536
Hydroxymethylphenylphosphinic acid,O=P(O)(CO)c1ccccc1,1.13,1.07,1.21,1.16,1.238
o-Chlorophenoxyacetic acid,O=C(O)COc1ccccc1Cl,1.02,1.06,0.72,0.72,1.2537
o-Toluene isocyanate,Cc1ccccc1N=C=O,0.78,0.95,0.0,0.3,1.0707
Piperacillin,CCN1CCN(C(=O)NC(C(=O)NC2C(=O)N3C2SC(C)(C)C3C(=O)O)c2ccccc2)C(=O)C1=O,3.63,3.63,0.9,3.32,3.6013
2-Hydroxyacetanilide,CC(=O)Nc1ccccc1O,1.05,1.56,1.09,0.79,1.1724
Methyl 3-hydroxypropanoate,COC(=O)CCO,0.3,1.34,0.08,0.69,0.8053
Ethyl 3-furoate,CCOC(=O)c1ccoc1,0.429,0.86,0.0,0.46,1.0334
Ethyl 2-furoate,CCOC(=O)c1ccco1,0.56,1.0,0.0,0.5,1.0334
2-Methylbenzimidazole,Cc1nc2ccccc2[nH]1,1.27,1.04,0.42,0.79,1.0462
"2,5-Dibromotoluene",Cc1cc(Br)ccc1Br,1.248,0.86,0.0,0.05,1.2073
Chlorohydroquinone,Oc1ccc(O)c(Cl)c1,1.08,1.13,0.65,0.49,0.9562
2-Chloro-5-methylphenol,Cc1ccc(Cl)c(O)c1,0.908,0.83,0.32,0.3,1.0384
1-Methyluracil,Cn1ccc(=O)[nH]c1=O,0.85,1.38,0.38,1.08,0.8925
1-Isopropylnaphthalene,CC(C)c1cccc2ccccc12,1.31,0.75,0.0,0.25,1.5081
trans-3-Methylpent-2-ene,CC=C(C)CC,0.162,0.08,0.0,0.08,0.911
Pent-1-en-3-ol,C=CC(O)CC,0.293,0.39,0.35,0.62,0.8288
Methyl-t-butylsulfide,CSC(C)(C)C,0.34,0.27,0.0,0.48,0.9766
Di-tert-butylether,CC(C)(C)OC(C)(C)C,0.0,0.13,0.0,0.38,1.2945
Dimethyl carbonate,COC(=O)OC,0.142,0.59,0.0,0.53,0.6644
Methyldiethylamine,CCN(C)CC,0.098,0.18,0.0,0.68,0.9129
3-Methylpyrrole,Cc1cc[nH]c1,0.593,0.9,0.24,0.29,0.7183
3-Methylthiophene,Cc1ccsc1,0.689,0.58,0.0,0.13,0.782
2-Pyrrolidinone,O=C1CCCN1,0.54,1.45,0.3,0.7,0.6791
N-Methylimidazole,Cn1ccnc1,0.589,0.95,0.0,0.8,0.6772
2-Carbmethoxypyrazine,COC(=O)c1cnccn1,0.752,1.64,0.0,0.75,0.9904
Benzylmalonic acid,O=C(O)C(Cc1ccccc1)C(=O)O,0.92,1.78,0.95,0.76,1.4288
4-Ethoxy-2-nitroaniline,CCOc1ccc(N)c([N+](=O)[O-])c1,1.217,1.65,0.33,0.5,1.3309
Cloxacillin,Cc1onc(-c2ccccc2Cl)c1C(=O)NC1C(=O)N2C1SC(C)(C)C2C(=O)O,3.32,2.41,0.53,2.31,2.8861
2-Methylhexan-3-ol,CCCC(O)C(C)C,0.2,0.33,0.33,0.62,1.1536
Isopropyl isobutanoate,CC(C)OC(=O)C(C)C,-0.02,0.53,0.0,0.47,1.1693
"Nonan-2,4-dione",CCCCCC(=O)CC(C)=O,0.41,0.66,0.08,0.62,1.4081
2-Dodecanone,CCCCCCCCCCC(C)=O,0.103,0.68,0.0,0.51,1.8151
3-Ethylpentane,CCC(CC)CC,0.0,0.0,0.0,0.0,1.0949
Diethylformamide,CCN(C=O)CC,0.305,1.25,0.0,0.74,0.9286
2-Cyanofuran,N#Cc1ccco1,0.95,1.12,0.0,0.33,0.691
2-Phenylpropan-2-ol,CC(C)(O)c1ccccc1,0.848,0.85,0.32,0.65,1.1978
PCB 131,Clc1cccc(-c2c(Cl)cc(Cl)c(Cl)c2Cl)c1Cl,2.16,1.74,0.0,0.11,2.0586
3-Phenoxypropan-1-ol,OCCCOc1ccccc1,0.85,0.95,0.31,0.78,1.2565
amitrole,Nc1nnc[nH]1,1.063,1.48,0.94,0.7,0.595
"1,3-Dimethyl-4-n-propylbenzene",CCCc1ccc(C)cc1C,0.681,0.53,0.0,0.19,1.4209
1-Phenylethylamine,CC(N)c1ccccc1,0.789,0.87,0.21,0.67,1.098
3-Isopropylphenol,CC(C)c1cccc(O)c1,0.811,0.92,0.55,0.38,1.1978
3-Methylbenzamide,Cc1cccc(C(N)=O)c1,0.99,1.5,0.49,0.63,1.1137
3-Chlorobenzamide,NC(=O)c1cccc(Cl)c1,1.12,1.53,0.5,0.51,1.0952
3-Iodobenzoic acid,O=C(O)c1cccc(I)c1,1.31,1.27,0.64,0.26,1.1899
5-Methyl-3-nitroaniline,Cc1cc(N)cc([N+](=O)[O-])c1,1.2,1.72,0.37,0.4,1.1313
"3,5-Dichloronitrobenzene",O=[N+]([O-])c1cc(Cl)cc(Cl)c1,1.168,1.24,0.0,0.19,1.1354
Paroxetine,Fc1ccc(C2CCNCC2COc2ccc3c(c2)OCO3)cc1,1.92,2.3,0.13,1.4,2.3869
"Ethyl 3,5-dinitrobenzoate",CCOC(=O)c1cc([N+](=O)[O-])cc([N+](=O)[O-])c1,1.25,2.15,0.0,0.65,1.5619
"2,6-Dichloro-4-nitrophenol",O=[N+]([O-])c1cc(Cl)c(O)c(Cl)c1,1.4,1.52,0.64,0.25,1.1941
"3,5-Dinitrotoluene",Cc1cc([N+](=O)[O-])cc([N+](=O)[O-])c1,1.15,1.64,0.0,0.43,1.2057
Methyl 3-iodobenzoate,COC(=O)c1cccc(I)c1,1.31,1.23,0.0,0.4,1.3308
Methyl 3-nitrobenzoate,COC(=O)c1cccc([N+](=O)[O-])c1,0.994,1.46,0.0,0.57,1.2468
Dihydrocarveol,C=C(C)C1CCC(C)C(O)C1,0.564,0.58,0.32,0.62,1.4247
"3,4-Dimethylbenzoic acid",Cc1ccc(C(=O)O)cc1C,0.73,0.88,0.59,0.4,1.2135
2-Chloro-4-nitrophenol,O=[N+]([O-])c1ccc(O)c(Cl)c1,1.25,1.28,0.67,0.35,1.0717
"2,5-Dinitrotoluene",Cc1cc([N+](=O)[O-])ccc1[N+](=O)[O-],1.13,1.63,0.0,0.46,1.2057
3-Ethylbenzoic acid,CCc1cccc(C(=O)O)c1,0.73,0.9,0.61,0.37,1.2135
3-Formylbenzoic acid,O=Cc1cccc(C(=O)O)c1,1.01,1.2,0.6,0.52,1.0883
3-Nitrobenzonitrile,N#Cc1cccc([N+](=O)[O-])c1,1.02,1.6,0.0,0.47,1.0453
3-Nitrobenzyl alcohol,O=[N+]([O-])c1cccc(CO)c1,1.064,1.35,0.44,0.64,1.0902
Methyl 4-iodobenzoate,COC(=O)c1ccc(I)cc1,1.31,1.25,0.0,0.4,1.3308
Methyl 4-aminobenzoate,COC(=O)c1ccc(N)cc1,1.03,1.25,0.3,0.72,1.1724
cis-Permethrin,CC1(C)C(C=C(Cl)Cl)C1C(=O)OCc1cccc(Oc2ccccc2)c1,1.95,1.87,0.0,0.98,2.8186
trans-Permethrin,CC1(C)C(C=C(Cl)Cl)C1C(=O)OCc1cccc(Oc2ccccc2)c1,1.95,1.88,0.0,0.98,2.8186
Methyl 4-nitrobenzoate,COC(=O)c1ccc([N+](=O)[O-])cc1,0.994,1.45,0.0,0.56,1.2468
4-Methylbenzamide,Cc1ccc(C(N)=O)cc1,0.99,1.5,0.49,0.65,1.1137
4-Chlorobenzamide,NC(=O)c1ccc(Cl)cc1,1.1,1.56,0.5,0.49,1.0952
4-Iodobenzoic acid,O=C(O)c1ccc(I)cc1,1.31,1.27,0.63,0.3,1.1899
4-Ethylbenzoic acid,CCc1ccc(C(=O)O)cc1,0.73,0.9,0.61,0.39,1.2135
4-Cyanobenzoic acid,N#Cc1ccc(C(=O)O)cc1,0.86,1.35,0.67,0.5,1.0864
2-Pentoxyethanol,CCCCCOCCO,0.19,0.5,0.3,0.82,1.2123
4-Formylbenzoic acid,O=Cc1ccc(C(=O)O)cc1,0.94,1.08,0.65,0.54,1.0883
4-Nitrosobenzoic acid,O=Nc1ccc(C(=O)O)cc1,0.93,1.23,0.7,0.38,1.0472
1-Nitro-4-cyanobenzene,N#Cc1ccc([N+](=O)[O-])cc1,1.0,1.63,0.0,0.48,1.0453
4-Nitrobenzyl alcohol,O=[N+]([O-])c1ccc(CO)cc1,1.064,1.39,0.44,0.62,1.0902
4-Nitrobenzamide,NC(=O)c1ccc([N+](=O)[O-])cc1,1.25,2.17,0.75,0.6,1.147
"4-N,N-Dimethylaminobenzoic acid",CN(C)c1ccc(C(=O)O)cc1,1.08,1.26,0.54,0.63,1.3133
4-Ethoxybenzoic acid,CCOc1ccc(C(=O)O)cc1,0.88,1.0,0.56,0.52,1.2722
3-Ethylhexane,CCCC(CC)CC,0.0,0.0,0.0,0.0,1.2358
Benzyl iodide,ICc1ccccc1,1.361,0.99,0.0,0.24,1.1155
4-Methoxypyridine,COc1ccncc1,0.68,0.93,0.0,0.53,0.8749
3-Pentyl acetate,CCC(CC)OC(C)=O,0.052,0.57,0.0,0.47,1.1693
3-Ethyltoluene,CCc1cccc(C)c1,0.63,0.51,0.0,0.18,1.1391
1-Chloro-3-ethylbenzene,CCc1cccc(Cl)c1,0.745,0.7,0.0,0.07,1.1206
1-Chloroheptadecane,CCCCCCCCCCCCCCCCCCl,0.172,0.43,0.0,0.1,2.6263
3-Ethylphenol,CCc1cccc(O)c1,0.81,0.91,0.55,0.37,1.0569
3-Vinylphenol,C=Cc1cccc(O)c1,1.044,1.02,0.63,0.32,1.0139
3-Chlorobenzylchloride,ClCc1cccc(Cl)c1,0.944,0.95,0.0,0.15,1.1021
3-Methylbenzonitrile,Cc1cccc(C#N)c1,0.762,1.08,0.0,0.36,1.012
3-Methylbenzaldehyde,Cc1cccc(C=O)c1,0.84,0.97,0.0,0.42,1.0139
3-Hydroxybenzyl alcohol,OCc1cccc(O)c1,0.998,1.17,0.86,0.77,0.9747
3-Methyldiphenylmethane,Cc1cccc(Cc2ccccc2)c1,1.22,1.01,0.0,0.33,1.606
4-Methyldiphenylmethane,Cc1ccc(Cc2ccccc2)cc1,1.22,1.01,0.0,0.33,1.606
Propylnonylsulfide,CCCCCCCCCSCCC,0.318,0.34,0.0,0.36,1.9629
"1,1,1-Trifluoroundecane",CCCCCCCCCCC(F)(F)F,-0.33,0.23,0.0,0.08,1.7116
3-n-Propylphenol,CCCc1cccc(O)c1,0.789,0.9,0.55,0.37,1.1978
3-Ethoxyphenol,CCOc1cccc(O)c1,0.85,1.14,0.56,0.48,1.1156
3-Bromoacetanilide,CC(=O)Nc1cccc(Br)c1,1.14,1.65,0.64,0.46,1.2887
3-Hydroxyacetanilide,CC(=O)Nc1cccc(O)c1,1.05,1.7,1.09,0.78,1.1724
3-Hydroxy-4-methoxybenzaldehyde,COc1ccc(C=O)cc1O,1.04,1.37,0.27,0.72,1.1313
N-Nitrosodipropylamine,CCCN(CCC)N=O,0.318,1.01,0.0,0.63,1.1693
Tripentylamine,CCCCCN(CCCCC)CCCCC,0.029,0.15,0.0,0.79,2.3219
2-Benzyloxyethanol,OCCOCc1ccccc1,0.82,0.99,0.3,0.84,1.2565
2-Phenylethyl chloride,ClCCc1ccccc1,0.801,0.95,0.0,0.25,1.1206
4-Nitrobenzoic acid,O=C(O)c1ccc([N+](=O)[O-])cc1,0.99,1.52,0.68,0.4,1.1059
Phenylazide,[N-]=[N+]=Nc1ccccc1,0.903,0.62,0.0,0.26,0.9298
2-n-Propylpyridine,CCCc1ccccn1,0.604,0.7,0.0,0.59,1.098
Cyclohexyl acetate,CC(=O)OC1CCCCC1,0.283,0.69,0.0,0.54,1.2016
Phenylcarbamate,NC(=O)Oc1ccccc1,0.98,1.59,0.62,0.53,1.0315
4-Methylphenylacetic acid,Cc1ccc(CC(=O)O)cc1,0.73,0.97,0.6,0.64,1.2135
N-Methylpentanamide,CCCCC(=O)NC,0.31,1.3,0.4,0.72,1.0695
p-Methylphenylurea,Cc1ccc(NC(N)=O)cc1,1.078,1.39,0.74,0.81,1.2135
p-Toluene isocyanate,Cc1ccc(N=C=O)cc1,0.78,0.95,0.0,0.3,1.0707
4-Ethoxyphenol,CCOc1ccc(O)cc1,0.87,1.12,0.56,0.54,1.1156
N-Propylaniline,CCCNc1ccccc1,0.921,0.84,0.13,0.56,1.2389
n-Propyl phenyl ether,CCCOc1ccccc1,0.676,0.7,0.0,0.32,1.1978
"2,6-Dimethylbenzyl alcohol",Cc1cccc(C)c1CO,0.9,0.9,0.39,0.64,1.1978
4-Ethyltoluene,CCc1ccc(C)cc1,0.63,0.51,0.0,0.18,1.1391
p-methylstyrene,C=Cc1ccc(C)cc1,0.871,0.65,0.0,0.18,1.0961
1-Chloro-4-ethylbenzene,CCc1ccc(Cl)cc1,0.745,0.7,0.0,0.07,1.1206
4-Aminobenzyl alcohol,Nc1ccc(CO)cc1,1.203,1.31,0.65,1.01,1.0158
4-Hydroxybenzyl alcohol,OCc1ccc(O)cc1,0.998,1.3,0.86,0.79,0.9747
4-Chloroanisole,COc1ccc(Cl)cc1,0.838,0.86,0.0,0.21,1.0384
Furfuryl acetate,CC(=O)OCc1ccco1,0.439,1.01,0.0,0.58,1.0334
"1,4-Dicyanobenzene",N#Cc1ccc(C#N)cc1,0.874,1.602,0.0,0.47,1.0258
2-Methylpent-2-en-1-al,CCC=C(C)C=O,0.392,0.68,0.0,0.51,0.9267
Hexan-3-ol,CCCC(O)CC,0.2,0.36,0.33,0.56,1.0127
"3-Methoxypropan-1,2-diol",COCC(O)CO,0.377,1.35,0.0,1.05,0.8483
Methyl butanoate,CCCC(=O)OC,0.106,0.6,0.0,0.45,0.8875
Ethyl glycoate,CCOC(=O)CO,0.279,0.8,0.37,0.71,0.8053
Ethyl thioglycolate,CCOC(=O)CS,0.427,1.0,0.0,0.58,0.9101
5-Methylhexan-3-one,CCC(=O)CC(C)C,0.112,0.63,0.0,0.56,1.1106
Methylacetylurea,CNC(=O)NC(C)=O,0.53,1.37,0.44,0.9,0.9032
Nifuroxime,O=[N+]([O-])c1ccc(C=NO)o1,1.131,0.98,0.48,0.59,0.9669
Ethyl 3-hydroxypropanoate,CCOC(=O)CCO,0.2,1.33,0.08,0.68,0.9462
"1,3-Diethylurea",CCNC(=O)NCC,0.39,0.96,0.45,0.83,1.0284
Ethyl urethane,CCNC(=O)OCC,0.236,0.88,0.24,0.63,0.9873
N-Propylurethane,CCCNC(=O)OCC,0.225,0.87,0.24,0.63,1.1282
Propyl octanoate,CCCCCCCC(=O)OCCC,0.019,0.56,0.0,0.45,1.7329
Decan-4-one,CCCCCCC(=O)CCC,0.096,0.67,0.0,0.52,1.5333
Diethyl azelate,CCOC(=O)CCCCCCCC(=O)OCC,0.062,1.1,0.0,1.02,2.0891
Methyl pentanoate,CCCCC(=O)OC,0.108,0.6,0.0,0.45,1.0284
"1,4-Diiodobenzene",Ic1ccc(I)cc1,1.8,1.15,0.0,0.06,1.2328
phenacetin,CCOc1ccc(NC(C)=O)cc1,0.94,1.48,0.48,0.86,1.4542
6-Methylheptan-3-one,CCC(=O)CCC(C)C,0.11,0.68,0.0,0.54,1.2515
Dimethyl maleate,COC(=O)C=CC(=O)OC,0.323,1.06,0.0,0.86,1.0598
Dimethyl fumarate,COC(=O)C=CC(=O)OC,0.313,1.03,0.0,0.72,1.0598
Methyl ethyl sulfide,CCSC,0.39,0.36,0.0,0.3,0.6948
Dimethyl disulfide,CSSC,0.696,0.6,0.0,0.22,0.7174
"3,3-dimethyl-1-butanol",CC(C)(C)CCO,0.188,0.36,0.31,0.61,1.0127
"2,4-dimethyl-2-pentanol",CC(C)CC(C)(C)O,0.161,0.27,0.31,0.6,1.1536
2-Methyl-2-butyl acetate,CCC(C)(C)OC(C)=O,0.055,0.57,0.0,0.47,1.1693
2-methyl-2-hexanol,CCCCC(C)(C)O,0.163,0.3,0.31,0.63,1.1536
2-methyl-2-heptanol,CCCCCC(C)(C)O,0.169,0.3,0.31,0.6,1.2945
2-Methylpent-2-ene,CCC=C(C)C,0.156,0.08,0.0,0.07,0.911
1-Cyano-2-methylpropane,CC(C)CC#N,0.156,0.87,0.0,0.36,0.8269
Pent-4-en-2-ol,C=CCC(C)O,0.29,0.45,0.3,0.41,0.8288
Aniline,Nc1ccccc1,0.955,0.96,0.26,0.41,0.8162
Pent-3-en-2-one,CC=CC(C)=O,0.359,0.82,0.0,0.55,0.7858
3-Butenoic acid,C=CCC(=O)O,0.332,0.66,0.59,0.49,0.7036
Methyl 2-methylpropyl ether,COCC(C)C,0.0,0.22,0.0,0.45,0.8718
Methoxyacetic acid,COCC(=O)O,0.311,0.59,0.57,0.71,0.6644
N-Ethylacetamide,CCNC(C)=O,0.342,1.3,0.37,0.71,0.7877
Ethylurea,CCNC(N)=O,0.44,1.45,0.62,0.73,0.7466
Thioacetamide,CC(N)=S,0.721,1.43,0.63,0.46,0.6107
Isopropyl formate,CC(C)OC=O,0.091,0.6,0.0,0.4,0.7466
Ethyl nitrate,CCO[N+](=O)[O-],0.222,0.77,0.0,0.2,0.6233
thiourea,NC(N)=S,1.0,0.83,0.8,0.9,0.5696
"Pentan-2,4-diol",CC(O)CC(C)O,0.318,0.95,0.72,0.95,0.9305
Captopril,C[C@H](CS)C(=O)N1CCC[C@H]1C(=O)O,1.17,2.0,0.66,1.33,1.6215
2-Methyl-1-nitropropane,CC(C)C[N+](=O)[O-],0.21,0.92,0.0,0.32,0.8464
Diisopropyl sulfide,CC(C)SC(C)C,0.328,0.26,0.0,0.41,1.1175
"2,5-Dimethylpyrrole",Cc1ccc(C)[nH]1,0.639,0.9,0.21,0.38,0.8592
3-Iodotoluene,Cc1cccc(I)c1,1.203,0.82,0.0,0.12,1.1155
Hexyl 2-hydroxybenzoate,CCCCCCOC(=O)c1ccccc1O,0.77,0.96,0.03,0.45,1.8358
3-Iodophenol,Oc1cccc(I)c1,1.37,1.2,0.7,0.18,1.0333
Pent-2-yn-1-ol,CCC#CCO,0.42,0.57,0.35,0.59,0.7858
"1,3-Dicyanobenzene",N#Cc1cccc(C#N)c1,0.894,1.6,0.0,0.58,1.0258
Di-sec-butylamine,CCC(C)NC(C)CC,0.096,0.24,0.08,0.71,1.3356
Pentachlorocyclopropane,ClC1C(Cl)(Cl)C1(Cl)Cl,0.901,0.7,0.1,0.12,1.0347
"3,5-dibromophenol",Oc1cc(Br)cc(Br)c1,1.31,0.97,0.79,0.15,1.1251
"3,5-Dichloroaniline",Nc1cc(Cl)cc(Cl)c1,1.15,1.2,0.35,0.22,1.061
3-Bromopyridine,Brc1cccnc1,0.905,1.01,0.0,0.34,0.8503
3-Methylpiperidine,CC1CCCNC1,0.374,0.37,0.06,0.74,0.9452
4-Methylpiperidine,CC1CCNCC1,0.368,0.37,0.06,0.74,0.9452
3-Chloropyridine,Clc1cccnc1,0.732,0.83,0.0,0.4,0.7977
Iodocyclohexane,IC1CCCCC1,0.904,0.6,0.0,0.12,1.1036
N-Methylpiperidine,CN1CCCCC1,0.318,0.34,0.0,0.72,0.9452
Propyl hexanoate,CCCCCC(=O)OCCC,0.031,0.56,0.0,0.45,1.4511
Butyl hexanoate,CCCCCC(=O)OCCCC,0.0,0.56,0.0,0.45,1.592
4-methylpentanol,CC(C)CCCO,0.196,0.39,0.33,0.53,1.0127
Hexan-2-ol,CCCCC(C)O,0.187,0.36,0.33,0.56,1.0127
Pentanamide,CCCCC(N)=O,0.44,1.3,0.55,0.64,0.9286
Ethoxyacetic acid,CCOCC(=O)O,0.279,0.64,0.57,0.72,0.8053
1-Nitrobutane,CCCC[N+](=O)[O-],0.227,0.95,0.0,0.29,0.8464
Propylurea,CCCNC(N)=O,0.41,1.45,0.62,0.73,0.8875
propyl isopropyl ether,CCCOC(C)C,-0.02,0.22,0.0,0.45,1.0127
But-3-en-1-ol,C=CCCO,0.322,0.48,0.38,0.59,0.6879
3-Chloro-1-propanol,OCCCCl,0.407,0.71,0.4,0.5,0.7124
Propanal oxime,CCC=NO,0.366,0.52,0.35,0.54,0.6468
4-Amino-N-methylbenzamide,CNC(=O)c1ccc(N)cc1,1.19,1.93,0.66,0.99,1.2135
N-Nitrosodimethylamine,CN(C)N=O,0.393,1.19,0.0,0.56,0.6057
5-Methylhexan-2-ol,CC(C)CCC(C)O,0.16,0.33,0.33,0.57,1.1536
Ethyl undecanoate,CCCCCCCCCCC(=O)OCC,0.006,0.58,0.0,0.45,2.0147
Dimethyl adipate,COC(=O)CCCCC(=O)OC,0.169,1.19,0.0,0.92,1.3846
PCB 50,Clc1cc(Cl)c(-c2ccccc2Cl)c(Cl)c1,1.86,1.48,0.0,0.15,1.8138
5-Methylhexan-1-ol,CC(C)CCCCO,0.216,0.39,0.37,0.48,1.1536
Hexanamide,CCCCCC(N)=O,0.44,1.3,0.55,0.64,1.0695
1-Nitropentane,CCCCC[N+](=O)[O-],0.212,0.95,0.0,0.29,0.9873
1-Iodopentane,CCCCCI,0.621,0.4,0.0,0.14,1.0713
N-Propylformamide,CCCNC=O,0.36,1.27,0.4,0.55,0.7877
methyl butyl ether,CCCCOC,0.045,0.25,0.0,0.44,0.8718
Methylbutylsulfide,CCCCSC,0.373,0.39,0.0,0.34,0.9766
ethyl propyl ether,CCCOCC,0.0,0.25,0.0,0.45,0.8718
2-Chloro-5-nitroaniline,Nc1cc([N+](=O)[O-])ccc1Cl,1.413,1.5,0.38,0.43,1.1128
"Cyclohexa-1,4-diene",C1=CCC=CC1,0.501,0.46,0.0,0.16,0.7594
Isopropyl crotonate,CC=CC(=O)OC(C)C,0.143,0.6,0.0,0.45,1.1263
Diisobutyl ether,CC(C)COCC(C)C,0.0,0.19,0.0,0.45,1.2945
n-Pentyl acetate,CCCCCOC(C)=O,0.067,0.6,0.0,0.45,1.1693
Hept-1-yne,C#CCCCCC,0.16,0.23,0.09,0.1,1.0089
1-Cyanopentane,CCCCCC#N,0.166,0.9,0.0,0.36,0.9678
"1,5-Dichloropentane",ClCCCCCCl,0.421,0.96,0.0,0.17,1.0579
Methylpentylether,CCCCCOC,0.046,0.25,0.0,0.45,1.0127
Dipropylmercury,CC[CH2][Hg][CH2]CC,0.764,0.69,0.0,0.0,1.2284
Cefoperazone,CCN1CCN(C(=O)NC(C(=O)NC2C(=O)N3C(C(=O)O)=C(CSc4nnnn4C)CSC23)c2ccc(O)cc2)C(=O)C1=O,4.79,5.86,1.5,3.9,4.2669
Ethyl hexadecanoate,CCCCCCCCCCCCCCCC(=O)OCC,0.0,0.58,0.0,0.45,2.7192
1-Bromoheptane,CCCCCCCBr,0.343,0.4,0.0,0.12,1.2699
Methyl methoxyacetate,COCC(=O)OC,0.181,0.62,0.0,0.81,0.8053
Oct-1-yne,C#CCCCCCC,0.155,0.22,0.09,0.1,1.1498
1-Chloroheptane,CCCCCCCCl,0.194,0.4,0.0,0.09,1.2173
1-Cyanohexane,CCCCCCC#N,0.159,0.9,0.0,0.36,1.1087
"Hexan-1,6-diol",OCCCCCCO,0.385,0.96,0.72,0.96,1.0714
"1,2-diethoxyethane",CCOCCOCC,0.008,0.73,0.0,0.79,1.0714
Dipropyl disulfide,CCCSSCCC,0.653,0.52,0.0,0.27,1.281
1-Iodooctane,CCCCCCCCI,0.606,0.4,0.0,0.15,1.494
"Heptan-1,7-diol",OCCCCCCCO,0.381,0.97,0.72,0.97,1.2123
Methylheptylether,CCCCCCCOC,0.048,0.25,0.0,0.45,1.2945
Hexyl formate,CCCCCCOC=O,0.09,0.63,0.0,0.38,1.1693
Dibutylmercury,CCC[CH2][Hg][CH2]CCC,0.734,0.68,0.0,0.0,1.5102
1-Nitrooctane,CCCCCCCC[N+](=O)[O-],0.193,0.95,0.0,0.29,1.41
"Octan-1,8-diol",OCCCCCCCCO,0.38,0.97,0.72,0.97,1.3532
Dihexylsulfide,CCCCCCSCCCCCC,0.329,0.37,0.0,0.36,1.9629
Dibutyldisulfide,CCCCSSCCCC,0.638,0.52,0.0,0.27,1.5628
Dodec-2-yne,CC#CCCCCCCCCC,0.207,0.3,0.0,0.15,1.7134
n-Tridecane,CCCCCCCCCCCCC,0.0,0.0,0.0,0.0,1.9403
Pentadecyl acetate,CCCCCCCCCCCCCCCOC(C)=O,0.032,0.6,0.0,0.45,2.5783
n-Tetradecane,CCCCCCCCCCCCCC,0.0,0.0,0.0,0.0,2.0812
n-Pentadecane,CCCCCCCCCCCCCCC,0.0,0.0,0.0,0.0,2.2221
Diheptylsulfide,CCCCCCCSCCCCCCC,0.324,0.38,0.0,0.36,2.2447
Nonadecan-2-one,CCCCCCCCCCCCCCCCCC(C)=O,0.091,0.68,0.0,0.51,2.8014
1-Bromopentadecane,CCCCCCCCCCCCCCCBr,0.316,0.4,0.0,0.13,2.3971
Hexadec-1-ene,C=CCCCCCCCCCCCCCC,0.081,0.08,0.0,0.07,2.32
Butyl 2-methylpentanoate,CCCCOC(=O)C(C)CCC,0.03,0.49,0.0,0.47,1.592
Isobutyl 2-methylpentanoate,CCCC(C)C(=O)OCC(C)C,0.04,0.47,0.0,0.49,1.592
Pentyl 2-methylpentanoate,CCCCCOC(=O)C(C)CCC,0.026,0.48,0.0,0.47,1.7329
1-pentadecanol,CCCCCCCCCCCCCCCO,0.157,0.42,0.37,0.48,2.2808
n-Heptadecane,CCCCCCCCCCCCCCCCC,0.0,0.0,0.0,0.0,2.5039
Hexadecanal,CCCCCCCCCCCCCCCC=O,0.095,0.65,0.0,0.45,2.3787
Dioctylether,CCCCCCCCOCCCCCCCC,0.0,0.25,0.0,0.45,2.4217
Heptadecanal,CCCCCCCCCCCCCCCCC=O,0.09,0.65,0.0,0.45,2.5196
1-Iodooctadecane,CCCCCCCCCCCCCCCCCCI,0.564,0.4,0.0,0.16,2.903
n-heinecosane,CCCCCCCCCCCCCCCCCCCCC,0.0,0.0,0.0,0.0,3.0675
Eicosan-1-ol,CCCCCCCCCCCCCCCCCCCCO,0.14,0.42,0.37,0.48,2.9853
n-Docosane,CCCCCCCCCCCCCCCCCCCCCC,0.0,0.0,0.0,0.0,3.2084
n-Pentacosane,CCCCCCCCCCCCCCCCCCCCCCCCC,0.0,0.0,0.0,0.0,3.6311
n-Hexacosane,CCCCCCCCCCCCCCCCCCCCCCCCCC,0.0,0.0,0.0,0.0,3.772
Carbon monoxide,[C-]#[O+],0.0,0.0,0.0,0.04,0.2222
2-Cyano-2-methylpropane,CC(C)(C)C#N,0.14,0.84,0.0,0.42,0.8269
"2,2-Dimethylpropanal",CC(C)(C)C=O,0.15,0.59,0.0,0.45,0.8288
"1,1,1,2-Tetrachloroethane",ClCC(Cl)(Cl)Cl,0.542,0.63,0.1,0.08,0.88
Y-G 15,CN(C)CCc1ccccn1,0.75,0.9,0.0,1.18,1.3387
"4',6-Dihydroxyflavone",O=c1cc(-c2ccc(O)cc2)oc2ccc(O)cc12,2.15,1.9,1.3,1.02,1.7871
3-Acetoxybenzoic acid,CC(=O)Oc1cccc(C(=O)O)c1,0.84,1.5,0.64,0.7,1.2879
Ouabain,CC1OC(OC2CC(O)C3(CO)C4C(O)CC5(C)C(C6=CC(=O)OC6)CCC5(O)C4CCC3(O)C2)C(O)C(O)C1O,4.01,6.2,0.9,3.46,4.1615
4-Carboxamidobenzenesulfonamide,NC(=O)c1ccc(S(N)(=O)=O)cc1,1.51,2.42,0.65,1.28,1.3535
Pentyl N-phenylcarbamate,CCCCCOC(=O)Nc1ccccc1,0.9,1.25,0.4,0.6,1.736
Tetraphenylmethane,c1ccc(C(c2ccccc2)(c2ccccc2)c2ccccc2)cc1,2.35,1.27,0.0,0.63,2.6807
Tetraethylsilicon,CC[Si](CC)(CC)CC,0.126,-0.12,0.0,0.1,1.4815
Dibromoacetic acid,O=C(O)C(Br)Br,0.798,1.24,0.92,0.31,0.8148
"Octan-3,5-dione",CCCC(=O)CC(=O)CC,0.41,0.67,0.09,0.62,1.2672
Trimethylurea,CNC(=O)N(C)C,0.41,1.06,0.19,0.9,0.8875
Tetramethylurea,CN(C)C(=O)N(C)C,0.38,1.07,0.0,0.84,1.0284
2-Sulfamoylbenzoic acid,NS(=O)(=O)c1ccccc1C(=O)O,1.35,1.73,1.09,1.06,1.3124
o-Hydroxyphenoxyacetic acid,O=C(O)COc1ccccc1O,1.04,1.08,0.93,0.94,1.19
"2,6-Dimethylbenzoic acid",Cc1cccc(C)c1C(=O)O,0.73,0.92,0.65,0.44,1.2135
1-naphthyl N-methylcarbamate,CNC(=O)Oc1cccc2ccccc12,1.512,1.67,0.22,0.79,1.5414
4-Nitrobenzenesulfonamide,NS(=O)(=O)c1ccc([N+](=O)[O-])cc1,1.39,2.09,0.88,0.84,1.2713
"4-Amino-N,N-dimethylbenzamide",CN(C)C(=O)c1ccc(N)cc1,1.3,1.84,0.33,1.24,1.3544
4-Isopropylbenzenesulfonamide,CC(C)c1ccc(S(N)(=O)=O)cc1,1.1,1.42,0.56,0.95,1.5198
N-Benzylformamide,O=CNCc1ccccc1,0.99,1.8,0.4,0.63,1.1137
"1,2,3-Trimethoxybenzene",COc1cccc(OC)c1OC,0.93,1.23,0.0,0.81,1.3152
"1,2,3,4-Tetrachlorobenzene",Clc1ccc(Cl)c(Cl)c1Cl,1.18,0.92,0.0,0.0,1.206
"2,3,4-Trichloroaniline",Nc1ccc(Cl)c(Cl)c1Cl,1.24,1.2,0.35,0.15,1.1834
"1,2,3,5-Tetrabromobenzene",Brc1cc(Br)c(Br)c(Br)c1,1.83,1.24,0.0,0.0,1.4164
"1,2,3,5-Tetrachlorobenzene",Clc1cc(Cl)c(Cl)c(Cl)c1,1.16,0.85,0.0,0.0,1.206
"3,4,5-Trichloroaniline",Nc1cc(Cl)c(Cl)c(Cl)c1,1.26,1.27,0.4,0.13,1.1834
"2,4,6-Trichloroaniline",Nc1c(Cl)cc(Cl)cc1Cl,1.216,1.1,0.25,0.14,1.1834
"1,1-Diethylurea",CCN(CC)C(N)=O,0.39,1.29,0.45,0.85,1.0284
2-Amino-6-chloro-4-nitrophenol,Nc1cc([N+](=O)[O-])cc(Cl)c1O,1.37,1.21,0.57,0.7,1.1715
"1,2-Di-n-pentylbenzene",CCCCCc1ccccc1CCCCC,0.63,0.51,0.0,0.18,2.1254
"1,2,4,5-tetrabromobenzene",Brc1cc(Br)c(Br)cc1Br,1.83,1.19,0.0,0.0,1.4164
"2,4,5-Trichloroaniline",Nc1cc(Cl)c(Cl)cc1Cl,1.24,1.15,0.3,0.14,1.1834
2-Methylpyrrole,Cc1ccc[nH]1,0.611,0.94,0.24,0.27,0.7183
Betaxolol,CC(C)NCC(O)COc1ccc(CCOCC2CC2)cc1,1.175,1.51,0.24,1.79,2.5745
Nisoldipine,COC(=O)C1=C(C)NC(C)=C(C(=O)OCC(C)C)C1c1ccccc1[N+](=O)[O-],1.56,2.02,0.23,1.58,2.9172
3-Sulfamoylbenzoic acid,NS(=O)(=O)c1cccc(C(=O)O)c1,1.35,1.68,1.0,1.06,1.3124
Clofibrate,CCOC(=O)C(C)(C)Oc1ccc(Cl)cc1,0.81,1.52,0.0,0.72,1.8173
Sulfanilamide,Nc1ccc(S(N)(=O)=O)cc1,1.5,1.82,0.41,1.19,1.1969
3-Phenyl-1-propyl bromide,BrCCCc1ccccc1,1.078,1.0,0.0,0.27,1.3141
Isopropyl propanoate,CCC(=O)OC(C)C,0.035,0.53,0.0,0.47,1.0284
p-chloroiodobenzene,Clc1ccc(I)cc1,1.31,0.91,0.0,0.01,1.097
"Cyclohexan-1,4-dione",O=C1CCC(=O)CC1,0.502,1.58,0.0,0.63,0.8768
Ethyl tert-butyl ether,CCOC(C)(C)C,0.0,0.16,0.0,0.57,1.0127
2-Methyl-5-Isopropylanisole,COc1cc(C(C)C)ccc1C,0.68,0.74,0.0,0.4,1.4796
"2,4-Dimethylthiophene",Cc1csc(C)c1,0.674,0.54,0.0,0.17,0.9229
"2,5-Dimethylthiophene",Cc1ccc(C)s1,0.69,0.54,0.0,0.16,0.9229
"cis-1,3-Dimethylcyclohexane",CC1CCCC(C)C1,0.203,0.1,0.0,0.0,1.1272
Isopropyl butanoate,CCCC(=O)OC(C)C,0.009,0.53,0.0,0.47,1.1693
Pentyl octanoate,CCCCCCCC(=O)OCCCCC,0.008,0.56,0.0,0.45,2.0147
Methylheptylsulfide,CCCCCCCSC,0.353,0.4,0.0,0.34,1.3993
1-Iodohexane,CCCCCCI,0.615,0.4,0.0,0.14,1.2122
Ethylbutylsulfide,CCCCSCC,0.358,0.37,0.0,0.36,1.1175
Pentyl formate,CCCCCOC=O,0.101,0.63,0.0,0.38,1.0284
Tridecanoic acid,CCCCCCCCCCCCC(=O)O,0.07,0.64,0.62,0.45,2.0147
Tetradecyl acetate,CCCCCCCCCCCCCCOC(C)=O,0.034,0.6,0.0,0.45,2.4374
Octadecanal,CCCCCCCCCCCCCCCCCC=O,0.085,0.65,0.0,0.45,2.6605
Desonide,CC1(C)OC2CC3C4CCC5=CC(=O)C=CC5(C)C4C(O)CC3(C)C2(C(=O)CO)O1,2.3,3.31,0.4,2.18,3.1274
Artemisinin,CC1CCC2C(C)C(=O)OC3OC4(C)CCC1C32OO4,1.11,2.1,0.0,1.16,2.0382
m-Methylphenylurea,Cc1cccc(NC(N)=O)c1,1.101,1.39,0.74,0.81,1.2135
2-Phenylethylamine,NCCc1ccccc1,0.8,0.9,0.21,0.66,1.098
Phenylurea,NC(=O)Nc1ccccc1,1.11,1.33,0.79,0.79,1.0726
Ethanol,CCO,0.246,0.42,0.37,0.48,0.4491
3-Methylhexadecane,CCCCCCCCCCCCCC(C)CC,0.0,0.0,0.0,0.0,2.5039
Acetic acid,CC(=O)O,0.265,0.64,0.62,0.44,0.4648
9-Anthraldehyde,O=Cc1c2ccccc2cc2ccccc12,2.25,1.77,0.0,0.53,1.611
2-Methylbiphenyl,Cc1ccccc1-c1ccccc1,1.33,0.88,0.0,0.26,1.4651
3-Methylbenzophenone,Cc1cccc(C(=O)c2ccccc2)c1,1.458,1.5,0.0,0.53,1.6217
Phthalaldehyde,O=Cc1ccccc1C=O,0.99,1.29,0.0,0.65,1.0296
3-Methylbiphenyl,Cc1cccc(-c2ccccc2)c1,1.37,0.95,0.0,0.26,1.4651
4-Methylbiphenyl,Cc1ccc(-c2ccccc2)cc1,1.36,0.98,0.0,0.26,1.4651
2-n-Propylphenol,CCCc1ccccc1O,0.822,0.84,0.52,0.37,1.1978
2-Methylphenylacetic acid,Cc1ccccc1CC(=O)O,0.73,0.97,0.6,0.65,1.2135
cis-Hept-2-ene,C/C=C\CCCC,0.136,0.08,0.0,0.07,1.0519
Propyl isobutanoate,CCCOC(=O)C(C)C,0.021,0.53,0.0,0.47,1.1693
1-Iodo-3-nitrobenzene,O=[N+]([O-])c1cccc(I)c1,1.47,1.33,0.0,0.22,1.1488
3-Nitrobenzamide,NC(=O)c1cccc([N+](=O)[O-])c1,1.27,2.14,0.75,0.63,1.147
Cefuroximeaxetil,CON=C(C(=O)NC1C(=O)N2C(C(=O)OC(C)OC(C)=O)=C(COC(N)=O)CSC12)c1ccco1,3.0,3.87,0.72,2.8,3.3635
4-n-Propylphenol,CCCc1ccc(O)cc1,0.793,0.88,0.54,0.35,1.1978
3-Phenyl-1-propionitrile,N#CCCc1ccccc1,0.771,1.35,0.0,0.51,1.1529
"1,3-Dioxolane",C1COCO1,0.298,0.61,0.0,0.59,0.5401
1-Nitrohexane,CCCCCC[N+](=O)[O-],0.203,0.95,0.0,0.29,1.1282
"1,7-Diaminoheptane",NCCCCCCCN,0.413,0.66,0.36,1.15,1.2945
"1,9-Diaminononane",NCCCCCCCCCN,0.411,0.69,0.32,1.15,1.5763
"1,10-Diaminodecane",NCCCCCCCCCCN,0.41,0.7,0.3,1.15,1.7172
Triflumuron,O=C(NC(=O)c1ccccc1Cl)Nc1ccc(OC(F)(F)F)cc1,1.54,1.95,0.35,0.74,2.2121
Nonadecanoic acid,CCCCCCCCCCCCCCCCCCC(=O)O,0.01,0.66,0.62,0.45,2.8601
Iodoacetic acid,O=C(O)CI,0.809,1.14,0.78,0.38,0.723
"1H,1H,2H,2H-Perfluorooctan-1-ol",OCCC(F)(F)C(F)(F)C(F)(F)C(F)(F)C(F)(F)C(F)(F)F,-0.811,0.02,0.52,0.2,1.7846
Tolbutamide,CCCCNC(=O)NS(=O)(=O)c1ccc(C)cc1,1.33,2.2,0.59,1.17,2.058
5-Octyl-5-ethyl barbituric acid,CCCCCCCCC1(CC)C(=O)NC(=O)NC1=O,1.03,1.14,0.47,1.18,2.2193
5-Nonyl-5-ethyl barbituric acid,CCCCCCCCCC1(CC)C(=O)NC(=O)NC1=O,1.03,1.14,0.47,1.18,2.3602
deoxycorticosterone,C[C@]12CC[C@H]3[C@@H](CCC4=CC(=O)CC[C@@]43C)[C@@H]1CC[C@@H]2C(=O)CO,1.74,3.5,0.14,1.31,2.6802
Colchicine,COc1cc2c(c(OC)c1OC)-c1ccc(OC)c(=O)cc1C(NC(C)=O)CC2,2.17,4.6,0.33,1.9,2.9906
Chlorsulfuron,COc1nc(C)nc(NC(=O)NS(=O)(=O)c2ccccc2Cl)n1,2.3,2.02,0.31,1.81,2.3009
Pentoxifylline,CC(=O)CCCCn1c(=O)c2c(ncn2C)n(C)c1=O,1.64,2.76,0.0,1.67,2.0834
1-Methylcarbazole,Cc1cccc2c1[nH]c1ccccc12,1.787,2.04,0.09,0.12,1.4563
Sandalore,CC1=CCC(CCC(C)C(C)O)C1(C)C,0.55,0.87,0.37,0.61,1.9883
Propyl nonanoate,CCCCCCCCC(=O)OCCC,0.1,0.56,0.0,0.45,1.8738
Lactamide,CC(O)C(N)=O,0.456,1.15,0.66,0.9,0.7055
Ketoconazole,CC(=O)N1CCN(c2ccc(OCC3COC(Cn4ccnc4)(c4ccc(Cl)cc4Cl)O3)cc2)CC1,3.14,3.68,0.0,2.6,3.7208
"1,2,4,8-PCN",Clc1cc(Cl)c2cccc(Cl)c2c1Cl,1.81,1.24,0.0,0.0,1.575
Norgestrel,C#CC1(O)CCC2C3CCC4=CC(=O)CCC4C3CCC21CC,1.9,2.54,0.45,1.4,2.5785
2-Hydroxybenzamide,NC(=O)c1ccccc1O,1.16,1.65,0.63,0.48,1.0315
4-Aminosalicylic acid,Nc1ccc(C(=O)O)c(O)c1,1.25,1.53,0.99,0.65,1.0902
PCB 123,Clc1ccc(-c2cc(Cl)c(Cl)c(Cl)c2)c(Cl)c1,2.07,1.59,0.0,0.11,1.9362
PCB 85,Clc1ccc(-c2ccc(Cl)c(Cl)c2Cl)c(Cl)c1,2.03,1.61,0.0,0.13,1.9362
Org5222,CN1CC2c3ccccc3Oc3ccc(Cl)cc3C2C1,1.96,1.8,0.0,0.86,2.0924
Hepytl trichloroacetate,CCCCCCCOC(=O)C(Cl)(Cl)Cl,0.275,0.72,0.0,0.35,1.8183
Nonyl trichloroacetate,CCCCCCCCCOC(=O)C(Cl)(Cl)Cl,0.26,0.72,0.0,0.35,2.1001
Decyl trichloroacetate,CCCCCCCCCCOC(=O)C(Cl)(Cl)Cl,0.254,0.72,0.0,0.35,2.241
o-Fluorophenylurea,NC(=O)Nc1ccccc1F,0.899,1.32,0.79,0.73,1.0903
1-Ethyl-3-sec.-butylbenzene,CCc1cccc(C(C)CC)c1,0.622,0.49,0.0,0.2,1.5618
1-Ethyl-4-sec.-butylbenzene,CCc1ccc(C(C)CC)cc1,0.634,0.5,0.0,0.2,1.5618
Thymine,Cc1c[nH]c(=O)[nH]c1=O,0.8,1.67,0.38,0.79,0.8925
Metformin,CN(C)C(=N)NC(=N)N,1.13,0.54,0.57,1.66,1.0852
"6,7,8,9-Tetrahydro-4H-pyrido[1,2-a]pyrimidin-4-one",O=c1ccnc2n1CCCC2,1.07,1.4,0.0,1.08,1.1479
(1-Isopropoxyethyl)benzene,CC(C)OC(C)c1ccccc1,0.576,0.65,0.0,0.64,1.4796
Benzoic acid,O=C(O)c1ccccc1,0.73,0.9,0.59,0.4,0.9317
Pentacontane,CCCCCCCCCCCCCCCCCCCCCCCCCCCCCCCCCCCCCCCCCCCCCCCCCC,0.0,0.0,0.0,0.0,7.1536
3-Methylbutyl isopentanoate,CC(C)CCOC(=O)CC(C)C,-0.02,0.5,0.0,0.47,1.592
Bis(benzoxazolyl-2-methyl)sulfide,c1ccc2oc(CSCc3nc4ccccc4o3)nc2c1,2.73,2.08,0.0,1.0,2.0651
Nimodipine,COCCOC(=O)C1=C(C)NC(C)=C(C(=O)OC(C)C)C1c1cccc([N+](=O)[O-])c1,1.6,2.4,0.23,1.79,3.1168
2-Methoxybenzonitrile,COc1ccccc1C#N,0.886,1.55,0.0,0.35,1.0707
Iohexol,CC(=O)N(CC(O)CO)c1c(I)c(C(=O)NCC(O)CO)c(I)c(C(=O)NCC(O)CO)c1I,4.71,5.0,1.36,4.6,4.0214
1-Fluoroheptane,CCCCCCCF,-0.016,0.35,0.0,0.15,1.1126
Perillal,C=C(C)C1CC=C(C=O)CC1,0.718,0.89,0.0,0.49,1.3387
Docosan-1-ol,CCCCCCCCCCCCCCCCCCCCCCO,0.136,0.42,0.37,0.48,3.2671
uracil,O=c1cc[nH]c(=O)[nH]1,0.81,0.85,0.43,1.02,0.7516
Dibutyl glutarate,CCCCOC(=O)CCCC(=O)OCCCC,0.045,1.06,0.0,0.87,2.0891
2-Bromo-4-methylphenol,Cc1ccc(O)c(Br)c1,1.04,0.9,0.35,0.31,1.091
2-Methylnonan-4-one,CCCCCC(=O)CC(C)C,0.09,0.68,0.0,0.52,1.5333
2-Bromobenzaldehyde,O=Cc1ccccc1Br,1.108,1.21,0.0,0.32,1.048
O-Acetylzidovudine,CC(=O)OC[C@H]1O[C@@H](n2cc(C)c(=O)[nH]c2=O)C[C@@H]1N=[N+]=[N-],1.74,1.8,0.28,2.01,2.1167
2-Amino-7-bromofluorene,Nc1ccc2c(c1)Cc1cc(Br)ccc1-2,2.2,1.59,0.21,0.55,1.6313
Isopropyl 2-methylpentanoate,CCCC(C)C(=O)OC(C)C,0.01,0.45,0.0,0.49,1.4511
"2,4,5-Trichlorotoluene",Cc1cc(Cl)c(Cl)cc1Cl,1.06,0.86,0.0,0.0,1.2245
Ethylisopentylsulfide,CCSCCC(C)C,0.329,0.37,0.0,0.38,1.2584
Fosmidomycin,O=CN(O)CCCP(=O)(O)O,1.1,1.95,2.25,1.7,1.2271
"2,3-dinitrophenol",O=[N+]([O-])c1cccc(O)c1[N+](=O)[O-],1.2,1.48,0.67,0.42,1.1235
N-Phenyl-4-ethoxybenzohydroxamic acid,CCOc1ccc(C(=O)N(O)c2ccccc2)cc1,1.76,1.39,0.31,1.28,1.9798
N-p-Tolyl-4-ethoxybenzohydroxamic acid,CCOc1ccc(C(=O)N(O)c2ccc(C)cc2)cc1,1.78,1.4,0.32,1.26,2.1207
"5,6-Dihydroxyflavone",O=c1cc(-c2ccccc2)oc2ccc(O)c(O)c12,2.06,1.96,0.63,0.73,1.7871
"4',5-Dihydroxyflavone",O=c1cc(-c2ccc(O)cc2)oc2cccc(O)c12,2.14,1.94,0.71,0.98,1.7871
"3,5-Dihydroxyflavone",O=c1c(O)c(-c2ccccc2)oc2cccc(O)c12,2.09,2.07,0.37,0.73,1.7871
6-Hydroxyflavone,O=c1cc(-c2ccccc2)oc2ccc(O)cc12,2.0,1.68,0.61,0.82,1.7284
7-Hydroxyflavone,O=c1cc(-c2ccccc2)oc2cc(O)ccc12,1.99,1.66,0.67,0.82,1.7284
tert-Butylphenylether,CC(C)(C)Oc1ccccc1,0.593,0.7,0.0,0.43,1.3387
"1,10-Phenanthroline",c1cnc2c(c1)ccc1cccnc12,1.97,1.89,0.0,0.76,1.3722
Bisoprolol,CC(C)NCC(O)COc1ccc(COCCOC(C)C)cc1,0.825,1.5,0.3,2.19,2.7418
Practolol,CC(=O)Nc1ccc(OCC(O)CNC(C)C)cc1,1.45,1.9,0.6,1.84,2.1763
"2',5-Dihydroxyflavone",O=c1cc(-c2ccccc2O)oc2cccc(O)c12,2.14,1.9,0.42,0.84,1.7871
Oxacillin,Cc1onc(-c2ccccc2)c1C(=O)NC1C(=O)N2C1SC(C)(C)C2C(=O)O,3.16,2.18,0.53,2.31,2.7637
Psoralen,O=c1ccc2cc3ccoc3cc2o1,1.5,1.5,0.0,0.71,1.2508
a-Methoxy-p-toluic acid,COCc1ccc(C(=O)O)cc1,0.78,1.04,0.71,0.74,1.2722
Meclonazepam,CC1N=C(c2ccccc2Cl)c2cc([N+](=O)[O-])ccc2NC1=O,2.46,1.75,0.33,1.52,2.2481
5-Isopropyl-5-(3-methylbut-2-enyl)barbituric acid,CC(C)=CCC1(C(C)C)C(=O)NC(=O)NC1=O,1.16,1.17,0.49,1.3,1.8945
Tetracyanoethene,N#CC(C#N)=C(C#N)C#N,0.8,2.02,0.0,1.02,0.9662
N-m-Chlorophenylbenzohydroxamic acid,O=C(c1ccccc1)N(O)c1cccc(Cl)c1,1.84,1.19,0.32,1.07,1.7617
N-m-Chlorophenyl-4-methoxybenzohydroxamic acid,COc1ccc(C(=O)N(O)c2cccc(Cl)c2)cc1,1.88,1.56,0.32,1.19,1.9613
Nitrofurantoin,O=C1CN(N=Cc2ccc([N+](=O)[O-])o2)C(=O)N1,2.295,2.36,0.24,1.42,1.4533
(1-Chloroethyl)benzene,CC(Cl)c1ccccc1,0.8,0.91,0.0,0.18,1.1206
trans-Hex-2-ene-1-al,CCC/C=C/C=O,0.372,0.75,0.0,0.43,0.9267
Simeton,CCNc1nc(NCC)nc(OC)n1,1.14,1.16,0.21,1.18,1.5559
"1,2,4,5-PCN",Clc1cc(Cl)c2c(Cl)cccc2c1Cl,1.81,1.24,0.0,0.0,1.575
3-Ethylfuran,CCc1ccoc1,0.355,0.5,0.0,0.14,0.8181
2-Azacyclooctanone,O=C1CCCCCCN1,0.63,1.66,0.3,0.77,1.1018
cis-Allo-ocimene,C/C=C(C)/C=C/C=C(C)C,0.6,0.39,0.0,0.26,1.3886
5-Hydroxymethyl-2-furaldehyde,O=Cc1ccc(CO)o1,0.892,1.45,0.4,0.85,0.8925
trans-4-Methylpent-2-ene,CC=CC(C)C,0.1,0.08,0.0,0.08,0.911
d-Valerolactam,O=C1CCCCN1,0.574,1.5,0.3,0.7,0.82
5-Fluoropyrimidine,Fc1cncnc1,0.47,0.9,0.0,0.55,0.6519
Barbituric acid,O=C1CC(=O)NC(=O)N1,1.09,1.19,0.49,1.16,0.8103
α-Caryophyllene,C/C1=C\CC/C(C)=C/CC(C)(C)/C=C/C1,0.764,0.27,0.0,0.32,1.9845
2-Propanone,CC(C)=O,0.179,0.7,0.04,0.49,0.547
Dimethylsulphoxide,CS(C)=O,0.522,1.72,0.0,0.97,0.6126
Dimethyl sulfone,CS(C)(=O)=O,0.59,1.7,0.0,0.76,0.6713
Fluocinolone acetonide,CC1(C)O[C@@H]2C[C@H]3[C@@H]4C[C@H](F)C5=CC(=O)C=C[C@]5(C)[C@@]4(F)[C@@H](O)C[C@]3(C)[C@]2(C(=O)CO)O1,2.09,2.44,0.55,2.35,3.1628
"1,1,1,2,2,3-Hexafluoropropane",FCC(F)(F)C(F)(F)F,-0.59,0.14,0.04,0.06,0.6375
Ebanol,CC1=CCC(C=CC(C)C(C)O)C1(C)C,0.656,0.67,0.33,0.71,1.9453
Perfluoropentane,FC(F)(F)C(F)(F)C(F)(F)C(F)(F)C(F)(F)F,-0.882,-0.89,0.0,0.24,1.0255
2-Methyl-6-propoxypyrazine,CCCOc1cncc(C)n1,0.63,0.73,0.0,0.63,1.2565
Hexyl benzoate,CCCCCCOC(=O)c1ccccc1,0.657,0.79,0.0,0.46,1.7771
Dodec-3-yne,CCC#CCCCCCCCC,0.19,0.3,0.0,0.15,1.7134
Ambroxan,CC1(C)CCCC2(C)C1CCC1(C)OCCC12,0.63,0.64,0.0,0.5,2.0959
"1,2,4,7-PCN",Clc1ccc2c(Cl)cc(Cl)c(Cl)c2c1,1.81,1.24,0.0,0.0,1.575
"1,2,5,6-PCN",Clc1ccc2c(Cl)c(Cl)ccc2c1Cl,1.81,1.24,0.0,0.0,1.575
"1,2,5,7-PCN",Clc1cc(Cl)c2ccc(Cl)c(Cl)c2c1,1.81,1.24,0.0,0.0,1.575
"1,2,6,8-PCN",Clc1cc(Cl)c2c(Cl)c(Cl)ccc2c1,1.81,1.24,0.0,0.0,1.575
"1,2,3,4,5-PCN",Clc1c(Cl)c(Cl)c2c(Cl)cccc2c1Cl,1.93,1.36,0.0,0.0,1.6974
"1,2,3,4,6-PCN",Clc1ccc2c(Cl)c(Cl)c(Cl)c(Cl)c2c1,1.93,1.36,0.0,0.0,1.6974
"1,2,3,4,5,7-PCN",Clc1cc(Cl)c2c(Cl)c(Cl)c(Cl)c(Cl)c2c1,2.05,1.42,0.0,0.0,1.8198
Methyl-sec-butylether,CCC(C)OC,0.05,0.25,0.0,0.46,0.8718
halopropane,FC(F)C(F)(F)CBr,-0.064,0.53,0.05,0.2,0.7771
"1,1,2,2-Tetrafluoro-3-chloropropane",FC(F)C(F)(F)CCl,-0.13,0.5,0.11,0.01,0.7245
roflurane,COC(F)(F)C(F)Br,0.149,0.46,0.08,0.16,0.8181
"1,1,2,2,3,3-hexafluoropropane",FC(F)C(F)(F)C(F)F,-0.59,0.21,0.15,0.1,0.6375
Hexamethylphosphoric triamide,CN(C)P(=O)(N(C)C)N(C)C,0.369,0.88,0.0,1.42,1.5167
Pentyl 2-methylbutanoate,CCCCCOC(=O)C(C)CC,0.0,0.53,0.0,0.47,1.592
Dimethylformamide,CN(C)C=O,0.367,1.31,0.0,0.74,0.6468
"Selina-3,7(11)-diene",CC1=CCC[C@]2(C)CCC(=C(C)C)C[C@@H]12,0.823,0.25,0.0,0.36,1.9189
iso-Propyl iso-stearate,CC(C)CCCCCCCCCCCCCCC(=O)OC(C)C,-0.02,0.53,0.0,0.47,3.1419
PCB 51,Clc1ccc(-c2c(Cl)cccc2Cl)c(Cl)c1,1.86,1.48,0.0,0.15,1.8138
PCB 91,Clc1ccc(-c2c(Cl)ccc(Cl)c2Cl)c(Cl)c1,2.01,1.61,0.0,0.13,1.9362
PCB 102,Clc1cc(Cl)c(-c2c(Cl)cccc2Cl)cc1Cl,2.01,1.61,0.0,0.13,1.9362
PCB 90,Clc1ccc(-c2cc(Cl)cc(Cl)c2Cl)c(Cl)c1,2.04,1.61,0.0,0.13,1.9362
PCB 150,Clc1cc(Cl)c(-c2c(Cl)ccc(Cl)c2Cl)c(Cl)c1,2.13,1.74,0.0,0.11,2.0586
PCB 152,Clc1cc(Cl)c(Cl)c(-c2c(Cl)cccc2Cl)c1Cl,2.14,1.74,0.0,0.11,2.0586
PCB 113,Clc1cc(Cl)cc(-c2c(Cl)ccc(Cl)c2Cl)c1,2.05,1.61,0.0,0.13,1.9362
PCB 117,Clc1ccc(-c2c(Cl)c(Cl)cc(Cl)c2Cl)cc1,2.04,1.61,0.0,0.13,1.9362
PCB 120,Clc1cc(Cl)cc(-c2cc(Cl)c(Cl)cc2Cl)c1,2.07,1.59,0.0,0.11,1.9362
PCB 147,Clc1ccc(-c2c(Cl)c(Cl)cc(Cl)c2Cl)c(Cl)c1,2.16,1.74,0.0,0.11,2.0586
PCB 144,Clc1ccc(Cl)c(-c2c(Cl)cc(Cl)c(Cl)c2Cl)c1,2.16,1.74,0.0,0.11,2.0586
PCB 143,Clc1cc(-c2c(Cl)cccc2Cl)c(Cl)c(Cl)c1Cl,2.16,1.74,0.0,0.11,2.0586
PCB 198,Clc1cc(Cl)c(Cl)c(-c2c(Cl)c(Cl)c(Cl)c(Cl)c2Cl)c1,2.46,2.0,0.0,0.06,2.3034
Norethisterone,C#CC1(O)CCC2C3CCC4=CC(=O)CCC4C3CCC21C,1.75,2.84,0.44,1.31,2.4376
Dioctylphosphinic acid,CCCCCCCCP(=O)(O)CCCCCCCC,0.23,0.43,0.67,1.22,2.685
Sulfadiazine,Nc1ccc(S(=O)(=O)Nc2ncccn2)cc1,2.08,2.55,0.65,1.37,1.7225
N-p-Chlorophenyl-4-bromobenzohydroxamic acid,O=C(c1ccc(Br)cc1)N(O)c1ccc(Cl)cc1,2.11,1.53,0.32,0.99,1.9367
Butyl 2-ethylhexanoate,CCCCOC(=O)C(CC)CCCC,0.04,0.53,0.0,0.5,1.8738
"2,2,4-Trimethylpentane-1,3-diol diisobutyrate",CC(C)C(=O)OCC(C)(C)C(OC(=O)C(C)C)C(C)C,0.045,1.1,0.0,1.05,2.5118
"3-Chloro-N,N-dimethylaniline",CN(C)c1cccc(Cl)c1,1.055,0.9,0.0,0.27,1.2204
Diisohexyl phthalate,CC(C)CCCOC(=O)c1ccccc1C(=O)OCCCC(C)C,0.66,1.25,0.0,0.97,2.8378
"N,N-Diethylacetamide",CCN(CC)C(C)=O,0.315,1.3,0.0,0.78,1.0695
Di-sec-butylether,CCC(C)OC(C)CC,0.0,0.18,0.0,0.59,1.2945
2-Chloro-6-cyanopyrazine,N#Cc1cncc(Cl)n1,0.869,1.14,0.0,0.59,0.9113
Naproxen isopropyl ester,COc1ccc2cc(C(C)C(=O)OC(C)C)ccc2c1,1.43,1.6,0.0,0.89,2.2048
E-α-Ocimene,C=C/C(C)=C\CCC(=C)C,0.539,0.31,0.0,0.31,1.3886
"Ethyl N,N-dimethylcarbamate",CCOC(=O)N(C)C,0.23,0.85,0.0,0.64,0.9873
Z-Pinane,C[C@H]1CC[C@@H]2C[C@H]1C2(C)C,0.421,0.12,0.0,0.13,1.3004
"Trans-1,2-dimethylcyclohexane",C[C@@H]1CCCC[C@H]1C,0.227,0.2,0.0,0.0,1.1272
4-Pentadecylaniline,CCCCCCCCCCCCCCCc1ccc(N)cc1,0.863,0.97,0.23,0.46,2.9297
3-Isopropoxyphenol,CC(C)Oc1cccc(O)c1,0.8,1.18,0.56,0.49,1.2565
4-Methoxy-3-methylbenzoic acid,COc1ccc(C(=O)O)cc1C,0.9,1.12,0.59,0.51,1.2722
Astemizole,COc1ccc(CCN2CCC(Nc3nc4ccccc4n3Cc3ccc(F)cc3)CC2)cc1,3.1,2.84,0.19,1.95,3.5564
Tributylborate,CCCCOB(OCCCC)OCCCC,-0.226,0.64,0.0,0.96,2.1146
Hydroxyzine,OCCOCCN1CCN(C(c2ccccc2)c2ccc(Cl)cc2)CC1,2.0,2.16,0.1,1.88,2.9231
Isopropyl acrylate,C=CC(=O)OC(C)C,0.161,0.59,0.0,0.42,0.9854
Hypoxanthine,O=c1[nH]cnc2nc[nH]c12,1.28,1.09,0.65,1.19,0.8818
Vinylacetylene,C#CC=C,0.327,0.26,0.18,0.01,0.5432
Tiotidine,CN/C(=N/C#N)NCCSCc1csc(N=C(N)N)n1,2.305,1.98,1.18,2.23,2.2764
"1,1,1,3,3,3-Hexafluoropropane",FC(F)(F)CC(F)(F)F,-0.59,0.14,0.06,0.06,0.6375
4-Methypent-1-ene,C=CCC(C)C,0.07,0.08,0.0,0.04,0.911
cis-4-Methylpent-2-ene,CC=CC(C)C,0.095,0.08,0.0,0.08,0.911
Malic acid,O=C(O)CC(O)C(=O)O,0.61,1.47,1.1,0.99,0.8797
Fluphenazine,OCCN1CCN(CCCN2c3ccccc3Sc3ccc(C(F)(F)F)cc32)CC1,2.16,2.25,0.18,1.85,3.0907
2-Carbethoxypyrazine,CCOC(=O)c1cnccn1,0.73,1.59,0.0,0.78,1.1313
Hex-1-yne,C#CCCCC,0.166,0.22,0.1,0.12,0.868
"1,1,1-Trifluoroheptane",CCCCCCC(F)(F)F,-0.33,0.19,0.0,0.08,1.148
2-Methoxyquinoline,COc1ccc2ccccc2n1,1.41,1.15,0.0,0.5,1.2439
1-Nitroheptane,CCCCCCC[N+](=O)[O-],0.197,0.95,0.0,0.29,1.2691
1-Bromononane,CCCCCCCCCBr,0.336,0.4,0.0,0.12,1.5517
"2,3,5,6-Tetrachloroanisole",COc1c(Cl)c(Cl)cc(Cl)c1Cl,1.3,0.92,0.0,0.12,1.4056
1-Bromoundecane,CCCCCCCCCCCBr,0.328,0.4,0.0,0.12,1.8335
Butyl nicotinate,CCCCOC(=O)c1cccnc1,0.658,1.07,0.0,0.73,1.4542
1-Bromo-4-chlorobutane,ClCCCCBr,0.571,0.82,0.0,0.25,0.9696
4-Fluoropyridine,Fc1ccncc1,0.5,0.77,0.0,0.43,0.693
o-chlorobromobenzene,Clc1ccccc1Br,1.033,0.86,0.0,0.0,1.0138
"1,2-Diaminocyclohexane",NC1CCCCC1N,0.55,0.98,0.38,1.15,1.045
N-Methyl-2-pyridone,Cn1ccccc1=O,0.914,1.1,0.0,1.04,0.8749
g-Hexanolactone,CCC1CCC(=O)O1,0.34,1.4,0.0,0.59,0.9198
4-Chlorobutyl acetate,CC(=O)OCCCCCl,0.262,1.16,0.0,0.55,1.1508
3-Iodobenzaldehyde,O=Cc1cccc(I)c1,1.6,1.22,0.0,0.34,1.1312
"2,3-dideoxyinosine (didanosine)",O=c1[nH]cnc2c1ncn2C1CCC(CO)O1,1.81,1.87,0.58,1.9,1.5951
Mannitol,OC[C@@H](O)[C@@H](O)[C@H](O)[C@H](O)CO,1.25,2.42,0.9,1.63,1.3062
"2,5-Dimethoxytetrahydrofuran",COC1CCC(OC)O1,0.207,0.91,0.0,0.89,1.0215
"3,4-Dimethylbenzyl alcohol",Cc1ccc(CO)cc1C,0.83,0.9,0.39,0.61,1.1978
Cyclooctanol,OC1CCCCCCC1,0.574,0.54,0.27,0.59,1.1859
"N,N-Dimethylphenylcarbamate",CN(C)C(=O)Oc1ccccc1,0.85,1.51,0.0,0.7,1.3133
2-Methyl-4-nitrosophenol,Cc1cc(N=O)ccc1O,0.905,0.74,0.52,0.58,1.0315
3-Methoxybenzyl alcohol,COc1cccc(CO)c1,0.888,0.92,0.41,0.83,1.1156
2-Hydroxybenzoic acid,O=C(O)c1ccccc1O,0.9,0.85,0.73,0.37,0.9904
2-Methyldecane,CCCCCCCCC(C)C,0.0,0.0,0.0,0.0,1.6585
Dodec-6-yne,CCCCCC#CCCCCC,0.19,0.3,0.0,0.15,1.7134
"2,3,5-Trimethylphenol",Cc1cc(C)c(C)c(O)c1,0.86,0.76,0.51,0.43,1.1978
PCB 157,Clc1cc(-c2ccc(Cl)c(Cl)c2Cl)cc(Cl)c1Cl,2.21,1.72,0.0,0.09,2.0586
PCB 193,Clc1cc(-c2c(Cl)c(Cl)cc(Cl)c2Cl)cc(Cl)c1Cl,2.34,1.87,0.0,0.09,2.181
"2-Chloro-N,N-dimethylaniline",CN(C)c1ccccc1Cl,1.02,0.7,0.0,0.33,1.2204
4-Bromobenzamide,NC(=O)c1ccc(Br)cc1,1.26,1.64,0.5,0.49,1.1478
"4-Chloro-N,N-dimethylaniline",CN(C)c1ccc(Cl)cc1,1.062,0.95,0.0,0.27,1.2204
3-Methyl-5-ethylphenol,CCc1cc(C)cc(O)c1,0.82,0.85,0.57,0.38,1.1978
1-Phenylpropan-2-ol,CC(O)Cc1ccccc1,0.787,0.9,0.3,0.72,1.1978
Xanthine,O=c1[nH]c(=O)c2[nH]cnc2[nH]1,1.39,1.47,0.9,1.09,0.9405
Pentamethylbenzene,Cc1cc(C)c(C)c(C)c1C,0.85,0.66,0.0,0.21,1.4209
5-methyl-2-nitrophenol,Cc1ccc([N+](=O)[O-])c(O)c1,1.03,1.05,0.05,0.41,1.0902
4-Chlorodiphenylether,Clc1ccc(Oc2ccccc2)cc1,1.35,1.17,0.0,0.1,1.5053
2-Adamantanone,O=C1C2CC3CC(C2)CC1C3,0.92,1.3,0.0,0.68,1.2075
Phenacyl bromide,O=C(CBr)c1ccccc1,1.059,1.44,0.0,0.44,1.1889
4-Bromobenzenesulfonamide,NS(=O)(=O)c1ccc(Br)cc1,1.4,1.55,0.67,0.8,1.2721
"1,1,2,2,3-Pentafluoro-3,3-dibromopropane",FC(F)C(F)(F)C(F)(Br)Br,0.166,0.52,0.09,0.15,0.9698
"1,2,2,3-Tetrafluoro-1-chloro-3-bromopropane",FC(Cl)C(F)(F)C(F)Br,0.04,0.68,0.1,0.11,0.8995
"1,2,2-Trifluoro-3,3-dichloropropane",FCC(F)(F)C(Cl)Cl,-0.086,0.88,0.02,0.12,0.8292
"1,5,5-Trimethylbarbituric acid",CN1C(=O)NC(=O)C(C)(C)C1=O,1.09,1.19,0.21,1.19,1.233
2-Chloro-5-chloromethylpyridine,ClCc1ccc(Cl)nc1,0.89,0.91,0.0,0.45,1.061
"1,2,2,3-Tetrafluoro-1,3-dichloropropane",FC(Cl)C(F)(F)C(F)Cl,0.184,0.68,0.1,0.02,0.8469
"2,4-Dinitrofluorobenzene",O=[N+]([O-])c1ccc(F)c([N+](=O)[O-])c1,1.006,1.69,0.0,0.45,1.0825
PCB 108,Clc1cc(Cl)cc(-c2ccc(Cl)c(Cl)c2Cl)c1,2.04,1.59,0.0,0.11,1.9362
PCB 45,Clc1ccccc1-c1c(Cl)ccc(Cl)c1Cl,1.87,1.48,0.0,0.15,1.8138
PCB 43,Clc1cc(Cl)c(Cl)c(-c2ccccc2Cl)c1,1.9,1.48,0.0,0.15,1.8138
PCB 48,Clc1cc(Cl)c(-c2ccccc2Cl)cc1Cl,1.89,1.48,0.0,0.15,1.8138
PCB 76,Clc1ccccc1-c1cc(Cl)c(Cl)c(Cl)c1,1.91,1.46,0.0,0.13,1.8138
PCB 78,Clc1cccc(-c2cc(Cl)c(Cl)c(Cl)c2)c1,1.94,1.44,0.0,0.11,1.8138
PCB 81,Clc1ccc(-c2cc(Cl)c(Cl)c(Cl)c2)cc1,1.94,1.44,0.0,0.11,1.8138
Lornoxicam,CN1C(C(=O)Nc2ccccn2)=C(O)c2sc(Cl)cc2S1(=O)=O,2.63,2.88,0.65,1.36,2.2971
PCB 57,Clc1cccc(-c2cc(Cl)cc(Cl)c2Cl)c1,1.93,1.46,0.0,0.13,1.8138
PCB 107,Clc1cc(Cl)c(Cl)c(-c2ccc(Cl)c(Cl)c2)c1,2.07,1.59,0.0,0.11,1.9362
PCB 106,Clc1cccc(-c2cc(Cl)c(Cl)c(Cl)c2Cl)c1,2.07,1.59,0.0,0.11,1.9362
PCB 124,Clc1ccc(Cl)c(-c2cc(Cl)c(Cl)c(Cl)c2)c1,2.07,1.59,0.0,0.11,1.9362
2-Methylundecane,CCCCCCCCCC(C)C,-0.017,0.0,0.0,0.0,1.7994
4-Methylbenzenesulfonamide,Cc1ccc(S(N)(=O)=O)cc1,1.13,1.54,0.56,0.87,1.238
Triadimenol A,CC(C)(C)C(O)C(Oc1ccc(Cl)cc1)n1cncn1,1.601,1.58,0.26,1.28,2.1882
g-Decanolactone,CCCCCCC1CCC(=O)O1,0.303,1.44,0.0,0.59,1.4834
"t-t-c-Cyclododeca-1,5,9-triene",C1=CCCC=CCCC=CCC1,0.76,0.44,0.0,0.2,1.5618
N-Nitrosomethylbutylamine,CCCCN(C)N=O,0.34,1.07,0.0,0.6,1.0284
4-Amino propiophenone,CCC(=O)c1ccc(N)cc1,1.17,1.39,0.32,0.65,1.2546
4-Hydroxypropriophenone,CCC(=O)c1ccc(O)cc1,1.0,1.3,0.77,0.55,1.2135
Pentyl heptyl phthalate,CCCCCCCOC(=O)c1ccccc1C(=O)OCCCCC,0.67,1.29,0.0,0.96,2.8378
Ethyl 2-cyano-2-propenoic acid,C=C(C#N)C(=O)OCC,0.35,0.9,0.0,0.59,0.9992
5-Nitrobenzoxazole,O=[N+]([O-])c1ccc2ocnc2c1,1.16,1.69,0.0,0.46,1.0384
Pentatetracontane,CCCCCCCCCCCCCCCCCCCCCCCCCCCCCCCCCCCCCCCCCCCCC,0.0,0.0,0.0,0.0,6.4491
Alfentanil,CCC(=O)N(c1ccccc1)C1(COC)CCN(CCn2nnn(CC)c2=O)CC1,2.18,2.62,0.0,2.56,3.2586
Propan-1-ol,CCCO,0.236,0.42,0.37,0.48,0.59
Cyclohexylphenylketone,O=C(c1ccccc1)C1CCCCC1,1.0,1.28,0.0,0.53,1.6098
"1,1,1-Trifluoro-2,2-dichloropropane",CC(Cl)(Cl)C(F)(F)F,-0.086,0.15,0.0,0.06,0.8292
"1,1-Difluoro-1,2-dichloropropane",CC(Cl)C(F)(F)Cl,0.012,0.32,0.0,0.05,0.8115
Cytosine,Nc1cc[nH]c(=O)n1,1.304,1.14,0.6,1.25,0.7927
Methyl pentadecanoate,CCCCCCCCCCCCCCC(=O)OC,0.035,0.68,0.0,0.45,2.4374
Butan-1-ol,CCCCO,0.224,0.42,0.37,0.48,0.7309
3-Phenoxyphenol,Oc1cccc(Oc2ccccc2)c1,1.41,1.36,0.55,0.43,1.4416
Benzene,c1ccccc1,0.61,0.52,0.0,0.14,0.7164
"2,3-Dimethylhex-2-ene",CCCC(C)=C(C)C,0.14,0.11,0.0,0.12,1.1928
"2,3-Dimethyloctane",CCCCCC(C)C(C)C,0.0,0.0,0.0,0.0,1.5176
2-Bromo-5-nitrotoluene,Cc1cc([N+](=O)[O-])ccc1Br,1.192,1.29,0.0,0.22,1.2065
3-Methoxy-4-methylbenzoic acid,COc1cc(C(=O)O)ccc1C,0.85,1.0,0.61,0.54,1.2722
"2,2,3,3-Tetramethylpentane",CCC(C)(C)C(C)(C)C,0.0,0.0,0.0,0.0,1.3767
"3,3,5-Trimethylheptane",CCC(C)CC(C)(C)CC,0.0,0.0,0.0,0.0,1.5176
Heptyl benzoate,CCCCCCCOC(=O)c1ccccc1,0.653,0.79,0.0,0.46,1.918
"1,1,1-Trichloroethane",CC(Cl)(Cl)Cl,0.369,0.41,0.0,0.09,0.7576
Medroxyprogesterone acetate,CC(=O)OC1(C(C)=O)CCC2C3CC(C)C4=CC(=O)CCC4(C)C3CCC21C,1.5,3.5,0.0,1.45,3.1186
digitoxin,C[C@H]1O[C@@H](O[C@H]2[C@@H](O)C[C@H](O[C@H]3[C@@H](O)C[C@H](O[C@H]4CC[C@@]5(C)[C@H](CC[C@@H]6[C@@H]5CC[C@]5(C)[C@@H](C7=CC(=O)OC7)CC[C@]65O)C4)O[C@@H]3C)O[C@@H]2C)C[C@H](O)[C@@H]1O,3.46,5.63,1.33,4.35,5.6938
9-Chloroanthracene,Clc1c2ccccc2cc2ccccc12,2.4,1.4,0.0,0.21,1.5768
"1,3,5-Triisopropylbenzene",CC(C)c1cc(C(C)C)cc(C(C)C)c1,0.627,0.4,0.0,0.22,1.9845
n-Octatriacontane,CCCCCCCCCCCCCCCCCCCCCCCCCCCCCCCCCCCCCC,0.0,0.0,0.0,0.0,5.4628
b-Artemether,COC1OC2OC3(C)CCC4C(C)CCC(C1C)C24OO3,1.05,1.25,0.0,1.45,2.2221
"1,1-Diphenylbutane",CCCC(c1ccccc1)c1ccccc1,1.27,1.04,0.0,0.35,1.8878
Bremazocine,CCC12CCN(CC3(O)CC3)C(Cc3ccc(O)cc31)C2(C)C,1.8,1.51,0.92,1.65,2.5804
Sulfathiazole,Nc1ccc(S(=O)(=O)Nc2nccs2)cc1,2.11,2.5,0.68,1.4,1.6883
Prilocaine,CCCNC(C)C(=O)Nc1ccccc1C,1.02,1.42,0.39,1.3,1.918
Endrin,ClC1=C(Cl)C2(Cl)C3C4CC(C5OC45)C3C1(Cl)C2(Cl)Cl,2.09,1.57,0.0,0.75,2.0065
Sulfamethoxazole,Cc1cc(NS(=O)(=O)c2ccc(N)cc2)no1,1.89,2.23,0.58,1.29,1.7244
9-Anthroic acid,O=C(O)c1c2ccccc2cc2ccccc12,2.2,1.73,0.59,0.54,1.6697
N.N-Dimethylisobutylamine,CC(C)CN(C)C,0.043,0.18,0.0,0.69,1.0538
Methoxychlor,COc1ccc(C(c2ccc(OC)cc2)C(Cl)(Cl)Cl)cc1,1.59,2.09,0.0,0.73,2.3724
Alizarin,O=C1c2ccccc2C(=O)c2c1ccc(O)c2O,2.15,2.04,0.88,0.63,1.6462
fenoxycarb,CCOC(=O)NCCOc1ccc(Oc2ccccc2)cc1,1.313,2.0,0.11,0.94,2.3203
Felodipine,CCOC(=O)C1=C(C)NC(C)=C(C(=O)OC)C1c1cccc(Cl)c1Cl,1.56,1.71,0.13,1.36,2.706
"p,p'-DDD",Clc1ccc(C(c2ccc(Cl)cc2)C(Cl)Cl)cc1,1.76,1.71,0.02,0.22,2.0956
"p,p'-DDE",ClC(Cl)=C(c1ccc(Cl)cc1)c1ccc(Cl)cc1,1.8,1.4,0.06,0.14,2.0526
"DDD, -ethyl (Perthane)",CCc1ccc(C(c2ccc(CC)cc2)C(Cl)Cl)cc1,1.495,1.39,0.02,0.53,2.4144
Methandienone,CC12C=CC(=O)C=C1CCC1C2CCC2(C)C1CCC2(C)O,1.45,2.37,0.31,1.12,2.4806
JG-13,O=C(O)Cc1nn(Cc2ccc(Br)cc2F)c(=O)c2ccccc12,2.56,2.11,0.6,1.63,2.3595
"2-Methyl-5,7-dichloro-8-hydroxyquinoline",Cc1ccc2c(Cl)cc(Cl)c(O)c2n1,1.56,1.1,0.0,0.54,1.4887
"2,6-di-tert-butyl-4-nitrophenol",CC(C)(C)c1cc([N+](=O)[O-])cc(C(C)(C)C)c1O,1.05,1.75,0.45,0.51,2.0765
Prometryn,CSc1nc(NC(C)C)nc(NC(C)C)n1,1.43,1.23,0.17,1.01,1.9425
Methyldecylether,CCCCCCCCCCOC,0.044,0.25,0.0,0.45,1.7172
Carvedilol,COc1ccccc1OCCNCC(O)COc1cccc2[nH]c3ccccc3c12,3.152,2.83,0.84,1.96,3.1032
3-Methoxypyridine,COc1cccnc1,0.68,0.94,0.0,0.53,0.8749
"1,3,5-Tris(trifluoromethyl)benzene",FC(F)(F)c1cc(C(F)(F)F)cc(C(F)(F)F)c1,-0.293,-0.01,0.0,0.05,1.2984
Butyl crotonate,CC=CC(=O)OCCCC,0.202,0.64,0.0,0.42,1.2672
Sulfamoxole,Cc1nc(NS(=O)(=O)c2ccc(N)cc2)oc1C,1.9,2.55,0.55,1.36,1.8653
"Heptan-2,4-dione",CCCC(=O)CC(C)=O,0.41,0.67,0.09,0.61,1.1263
Undecylamine,CCCCCCCCCCCN,0.178,0.35,0.16,0.61,1.7583
Butylisopropylsulfide,CCCCSC(C)C,0.339,0.33,0.0,0.42,1.2584
"cis-Hexa-1,4-diene",C=CCC=CC,0.241,0.15,0.0,0.1,0.868
"trans-Hexa-1,4-diene",C=CC/C=C/C,0.241,0.15,0.0,0.1,0.868
1-Methyldibenzofuran,Cc1cccc2oc3ccccc3c12,1.4,1.0,0.0,0.17,1.4152
2-Methyldibenzofuran,Cc1ccc2oc3ccccc3c2c1,1.4,1.0,0.0,0.17,1.4152
2-Bromoanthracene,Brc1ccc2cc3ccccc3cc2c1,2.56,1.55,0.0,0.23,1.6294
adenine,Nc1ncnc2nc[nH]c12,1.66,2.15,1.03,0.85,0.9229
Melatonin,COc1ccc2[nH]cc(CCNC(C)=O)c2c1,1.6,2.33,0.84,1.23,1.8251
Isopentyl methacrylate,C=C(C)C(=O)OCCC(C)C,0.13,0.54,0.0,0.51,1.4081
Guanine,Nc1nc2[nH]cnc2c(=O)[nH]1,1.8,1.46,0.97,1.25,0.9816
Bendroflumethiazide,NS(=O)(=O)c1cc2c(cc1C(F)(F)F)NC(Cc1ccccc1)NS2(=O)=O,2.61,2.9,1.25,1.82,2.5526
PCB 68,Clc1cc(Cl)cc(-c2ccc(Cl)cc2Cl)c1,1.92,1.46,0.0,0.13,1.8138
PCB 67,Clc1cccc(-c2cc(Cl)c(Cl)cc2Cl)c1,1.92,1.46,0.0,0.13,1.8138
PCB 96,Clc1ccc(Cl)c(-c2c(Cl)cccc2Cl)c1Cl,1.99,1.61,0.0,0.13,1.9362
PCB 94,Clc1cc(Cl)c(Cl)c(-c2c(Cl)cccc2Cl)c1,2.02,1.61,0.0,0.13,1.9362
PCB 93,Clc1ccccc1-c1c(Cl)c(Cl)cc(Cl)c1Cl,2.02,1.61,0.0,0.13,1.9362
PCB 89,Clc1ccc(-c2c(Cl)cccc2Cl)c(Cl)c1Cl,2.01,1.61,0.0,0.13,1.9362
Omeprazole,COc1ccc2[nH]c(S(=O)Cc3ncc(C)c(OC)c3C)nc2c1,2.67,3.0,0.4,2.0,2.5161
Omeprazole sulfide,COc1ccc2[nH]c(SCc3ncc(C)c(OC)c3C)nc2c1,2.5,2.11,0.35,1.49,2.4574
"2,3,4-Trichlorotoluene",Cc1ccc(Cl)c(Cl)c1Cl,1.08,0.87,0.0,0.0,1.2245
Xylazine,Cc1cccc(C)c1NC1=NCCCS1,1.55,1.22,0.1,0.95,1.7733
1-Ethyl-4-tert.-butylbenzene,CCc1ccc(C(C)(C)C)cc1,0.64,0.5,0.0,0.22,1.5618
Ethyl trans-2-octenoate,CCCCCC=CC(=O)OCC,0.176,0.5,0.0,0.46,1.549
Ethyl trans-2-decenoate,CCCCCCCC=CC(=O)OCC,0.165,0.5,0.0,0.46,1.8308
g-Pentadecalactone,CCCCCCCCCCCC1CCC(=O)O1,0.253,1.44,0.0,0.63,2.1879
4-Methyldibenzothiophene,Cc1cccc2c1sc1ccccc12,1.95,1.18,0.0,0.2,1.52
Octadecan-2-one,CCCCCCCCCCCCCCCCC(C)=O,0.092,0.68,0.0,0.51,2.6605
2-Methylhexan-3-one,CCCC(=O)C(C)C,0.112,0.6,0.0,0.53,1.1106
"3,4-Dimethylpent-1-ene",C=CC(C)C(C)C,0.094,0.08,0.0,0.11,1.0519
Trimethoprim,COc1cc(Cc2cnc(N)nc2N)cc(OC)c1OC,1.891,2.5,0.21,1.69,2.1813
"1,5-Dimethylbarbituric acid",CC1C(=O)NC(=O)N(C)C1=O,1.12,1.19,0.21,1.17,1.0921
"1,2-Dimethyl-4-tert.-butylbenzene",Cc1ccc(C(C)(C)C)cc1C,0.691,0.56,0.0,0.26,1.5618
1-Bromoanthracene,Brc1cccc2cc3ccccc3cc12,2.56,1.55,0.0,0.23,1.6294
4-Hydroxycinnamic acid,O=C(O)C=Cc1ccc(O)cc1,1.33,1.39,0.87,0.76,1.2292
Ketanserine,O=C(c1ccc(F)cc1)C1CCN(CCn2c(=O)[nH]c3ccccc3c2=O)CC1,2.48,2.82,0.26,1.8,2.8802
Isobutyl 2-ethylbutanoate,CCC(CC)C(=O)OCC(C)C,0.04,0.47,0.0,0.49,1.592
Ketorolac,O=C(c1ccccc1)c1ccc2n1CCC2C(=O)O,1.6,2.03,0.65,1.05,1.8712
4-Chlorobenzoic acid,O=C(O)c1ccc(Cl)cc1,0.84,1.02,0.63,0.27,1.0541
Pimobendan,COc1ccc(-c2nc3cc(C4=NNC(=O)CC4C)ccc3[nH]2)cc1,3.02,2.89,0.6,1.57,2.4809
"3-Methylpenta-1,2-diene",C=C=C(C)CC,0.3,0.23,0.0,0.1,0.868
Endrin aldehyde,O=CC1CC2C3C1C1(Cl)C(Cl)(Cl)C3(Cl)C3(Cl)C2C13Cl,2.29,1.4,0.0,0.8,2.0065
PCB 73,Clc1cc(Cl)cc(-c2c(Cl)cccc2Cl)c1,1.9,1.48,0.0,0.15,1.8138
PCB 55,Clc1cccc(-c2ccc(Cl)c(Cl)c2Cl)c1,1.92,1.46,0.0,0.13,1.8138
Undecyl trichloroacetate,CCCCCCCCCCCOC(=O)C(Cl)(Cl)Cl,0.25,0.72,0.0,0.35,2.3819
Dodecyl trichloroacetate,CCCCCCCCCCCCOC(=O)C(Cl)(Cl)Cl,0.246,0.72,0.0,0.35,2.5228
Pentadecyl trichloroacetate,CCCCCCCCCCCCCCCOC(=O)C(Cl)(Cl)Cl,0.244,0.72,0.0,0.35,2.9455
Xenon,[Xe],0.0,0.0,0.0,0.0,0.329
Sulphur dioxide,O=S=O,0.37,0.66,0.28,0.1,0.3465
PCB 59,Clc1cccc(-c2c(Cl)ccc(Cl)c2Cl)c1,1.91,1.48,0.0,0.15,1.8138
PCB 63,Clc1ccc(-c2cc(Cl)cc(Cl)c2Cl)cc1,1.92,1.46,0.0,0.13,1.8138
PCB 109,Clc1cccc(-c2c(Cl)cc(Cl)c(Cl)c2Cl)c1,2.04,1.31,0.0,0.13,1.9362
PCB 112,Clc1cccc(-c2c(Cl)c(Cl)cc(Cl)c2Cl)c1,2.05,1.61,0.0,0.13,1.9362
PCB 114,Clc1ccc(-c2cc(Cl)c(Cl)c(Cl)c2Cl)cc1,2.06,1.59,0.0,0.11,1.9362
PCB 115,Clc1ccc(-c2c(Cl)cc(Cl)c(Cl)c2Cl)cc1,2.03,1.61,0.0,0.13,1.9362
PCB 125,Clc1cc(-c2c(Cl)cccc2Cl)cc(Cl)c1Cl,2.04,1.61,0.0,0.13,1.9362
PCB 145,Clc1cc(Cl)c(-c2c(Cl)cccc2Cl)c(Cl)c1Cl,2.13,1.74,0.0,0.11,2.0586
PCB 148,Clc1cc(Cl)c(-c2cc(Cl)cc(Cl)c2Cl)c(Cl)c1,2.16,1.74,0.0,0.11,2.0586
PCB 158,Clc1ccc(-c2c(Cl)cc(Cl)c(Cl)c2Cl)cc1Cl,2.18,1.74,0.0,0.11,2.0586
PCB 161,Clc1cc(Cl)cc(-c2c(Cl)cc(Cl)c(Cl)c2Cl)c1,2.19,1.74,0.0,0.11,2.0586
PCB 163,Clc1ccc(-c2c(Cl)c(Cl)cc(Cl)c2Cl)cc1Cl,2.19,1.74,0.0,0.11,2.0586
PCB 164,Clc1cc(-c2c(Cl)ccc(Cl)c2Cl)cc(Cl)c1Cl,2.19,1.74,0.0,0.11,2.0586
PCB 165,Clc1cc(Cl)cc(-c2c(Cl)c(Cl)cc(Cl)c2Cl)c1,2.2,1.74,0.0,0.11,2.0586
PCB 181,Clc1ccc(-c2c(Cl)c(Cl)c(Cl)c(Cl)c2Cl)c(Cl)c1,2.3,1.87,0.0,0.09,2.181
PCB 184,Clc1cc(Cl)c(-c2c(Cl)cc(Cl)c(Cl)c2Cl)c(Cl)c1,2.27,1.87,0.0,0.09,2.181
PCB 186,Clc1cccc(Cl)c1-c1c(Cl)c(Cl)c(Cl)c(Cl)c1Cl,2.28,1.87,0.0,0.09,2.181
PCB 191,Clc1cc(-c2c(Cl)cc(Cl)c(Cl)c2Cl)cc(Cl)c1Cl,2.33,1.87,0.0,0.09,2.181
PCB 205,Clc1cc(-c2c(Cl)c(Cl)c(Cl)c(Cl)c2Cl)cc(Cl)c1Cl,2.48,2.0,0.0,0.06,2.3034
PCB 188,Clc1cc(Cl)c(-c2c(Cl)c(Cl)cc(Cl)c2Cl)c(Cl)c1,2.28,1.87,0.0,0.09,2.181
"2,5-Dibromobenzaldehyde",O=Cc1cc(Br)ccc1Br,1.4,1.25,0.0,0.25,1.223
Ethambutol,CCC(CO)NCCNC(CC)CO,0.523,1.21,0.75,1.79,1.8346
Prostaglandin E1,CCCCCC(O)C=CC1C(O)CC(=O)C1CCCCCCC(=O)O,1.16,1.8,1.2,2.0,2.9825
Methylamine,CN,0.25,0.35,0.16,0.58,0.3493
Methylthiol,CS,0.4,0.6,0.0,0.12,0.413
Dibromomethane,BrCBr,0.714,0.69,0.11,0.07,0.5995
Ethanethiol,CCS,0.392,0.42,0.0,0.2,0.5539
Formamide,NC=O,0.468,1.31,0.64,0.57,0.365
2-Propanethiol,CC(C)S,0.336,0.35,0.0,0.25,0.6948
"1,1-Dichloroethane",CC(Cl)Cl,0.322,0.49,0.1,0.1,0.6352
"1,1-difluoroethene",C=C(F)F,-0.1,0.01,0.0,0.05,0.3828
"1,1,1,2-Tetrafluoro-2-chloro-2-bromoethane",FC(F)(F)C(F)(Cl)Br,0.04,0.21,0.0,0.0,0.7586
Fluorodichloromethane,FC(Cl)Cl,0.11,0.4,0.15,0.05,0.512
Moxonidine,COc1nc(C)nc(Cl)c1NC1=NCCN1,1.61,1.28,0.46,1.49,1.6676
Chlorodifluoromethane,FC(F)Cl,-0.056,0.38,0.04,0.05,0.4073
2-Methylpropan-2-ol,CC(C)(C)O,0.18,0.3,0.31,0.6,0.7309
2-Methyl-2-propanethiol,CC(C)(C)S,0.281,0.3,0.0,0.27,0.8357
Dimethyl methanephosphonate,COP(C)(=O)OC,0.22,0.8,0.0,1.05,0.912
"1-Chloro-1,1-difluoroethane",CC(F)(F)Cl,-0.08,0.24,0.06,0.06,0.5482
Fluorotrichloromethane,FC(Cl)(Cl)Cl,0.207,0.24,0.0,0.07,0.6344
Isradipine,COC(=O)C1=C(C)NC(C)=C(C(=O)OC(C)C)C1c1cccc2nonc12,2.09,1.65,0.13,1.65,2.7088
Dichlorodifluoromethane,FC(F)(Cl)Cl,0.027,0.12,0.0,0.04,0.5297
Chlorotrifluoromethane,FC(F)(F)Cl,-0.247,-0.05,0.0,0.0,0.425
Tetrafluoromethane,FC(F)(F)F,-0.55,-0.25,0.0,0.0,0.3203
Methanesulfonic acid,CS(=O)(=O)O,0.29,2.01,0.31,0.8,0.5891
Tetramethylsilicon,C[Si](C)(C)C,-0.057,0.08,0.0,0.03,0.9179
2-Amino-4-nitrosophenol,Nc1cc(N=O)ccc1O,1.24,1.09,0.44,0.97,0.9904
"2,2-Dimethylbutane",CCC(C)(C)C,0.0,0.0,0.0,0.0,0.954
"2,2-Dimethylpropan-1-ol",CC(C)(C)CO,0.22,0.36,0.37,0.53,0.8718
2-Methylbutan-2-ol,CCC(C)(C)O,0.194,0.3,0.31,0.63,0.8718
Trichloroethanal,O=CC(Cl)(Cl)Cl,0.437,0.9,0.0,0.21,0.7733
"2-Chloro-1,1,1-trifluoroethane",FC(F)(F)CCl,0.01,0.4,0.15,0.0,0.5659
Arteether,CCOC1OC2OC3(C)CCC4C(C)CCC(C1C)C24OO3,1.05,1.23,0.0,1.48,2.363
Dimethylpropanamide,CCC(=O)N(C)C,0.34,1.3,0.0,0.78,0.9286
"2,2,2-Trifluoroethanol",OCC(F)(F)F,0.015,0.6,0.57,0.25,0.5022
4-Hydroxy-2-nonenal,CCCCCC(O)C=CC=O,0.44,1.09,0.31,0.84,1.4081
Tribromoacetic acid,O=C(O)C(Br)(Br)Br,1.079,1.26,0.98,0.31,0.9898
"3,3-Dimethylbutan-2-one",CC(=O)C(C)(C)C,0.106,0.62,0.0,0.51,0.9697
"2,2-Dimethylpropanoic acid",CC(C)(C)C(=O)O,0.17,0.57,0.61,0.45,0.8875
"1,1,1,2,3,4,4,4-octafluorobutane",FC(C(F)C(F)(F)F)C(F)(F)F,-0.787,0.2,0.15,0.07,0.8138
"1,1,1,-Trichloropropan-2-ol",CC(O)C(Cl)(Cl)Cl,0.52,0.73,0.42,0.41,0.9572
Pentachloroethane,ClC(Cl)C(Cl)(Cl)Cl,0.648,0.66,0.17,0.06,1.0024
3-Methylpent-1-ene,C=CC(C)CC,0.076,0.08,0.0,0.06,0.911
2-Ethylbut-1-ene,C=C(CC)CC,0.139,0.08,0.0,0.08,0.911
Trichloroacetic acid,O=C(O)C(Cl)(Cl)Cl,0.524,1.21,1.01,0.26,0.832
Trifluoroacetic acid,O=C(O)C(F)(F)F,-0.08,0.8,0.99,0.22,0.5179
chloropicrin,O=[N+]([O-])C(Cl)(Cl)Cl,0.461,0.82,0.0,0.1,0.7909
Pinacol,CC(C)(O)C(C)(C)O,0.36,0.9,0.58,1.01,1.0714
cis-1-Chlorobut-1-ene,CCC=CCl,0.289,0.36,0.0,0.05,0.7516
trans-1-Chlorobut-1-ene,CCC=CCl,0.301,0.38,0.0,0.05,0.7516
"1,1-Difluorotetrachloroethane",FC(F)(Cl)C(Cl)(Cl)Cl,0.23,0.31,0.0,0.01,0.9154
"1,2-Difluorotetrachloroethane",FC(Cl)(Cl)C(F)(Cl)Cl,0.364,0.33,0.0,0.03,0.9154
"1,1,2-trichloro-1,2,2-trifluoroethane",FC(F)(Cl)C(F)(Cl)Cl,0.126,-0.09,0.0,0.09,0.8107
"1,2-Dichloro-1,1,2,2-tetrafluoroethane",FC(F)(Cl)C(F)(F)Cl,-0.112,0.02,0.0,0.0,0.706
"1-Chloro-1,1,2,2,2-pentafluoroethane",FC(F)(F)C(F)(F)Cl,-0.36,-0.12,0.0,0.0,0.6013
Hexafluoroethane,FC(F)(F)C(F)(F)F,-0.64,-0.4,0.0,0.0,0.4966
Dibutylformamide,CCCCN(C=O)CCCC,0.232,1.09,0.0,0.76,1.4922
"1,2,3-Trichloropentafluoropropane",FC(F)(Cl)C(F)(Cl)C(F)(F)Cl,-0.072,-0.03,0.0,0.06,0.987
2-Chloroheptafluoropropane,FC(F)(F)C(F)(Cl)C(F)(F)F,-0.549,-0.32,0.0,0.0,0.7776
Octafluoropropane,FC(F)(F)C(F)(F)C(F)(F)F,-0.72,-0.56,0.0,0.1,0.6729
Trional,CCC(C)(S(=O)(=O)CC)S(=O)(=O)CC,0.32,1.15,0.0,1.24,1.7976
Triamcinolone acetonide,CC1(C)OC2CC3C4CCC5=CC(=O)C=CC5(C)C4(F)C(O)CC3(C)C2(C(=O)CO)O1,2.24,2.46,0.55,2.35,3.1451
"4,4-Dimethylpent-1-ene",C=CCC(C)(C)C,0.049,0.07,0.0,0.11,1.0519
Tert-butyl formate,CC(C)(C)OC=O,0.063,0.57,0.0,0.4,0.8875
N-t-Butylacetamide,CC(=O)NC(C)(C)C,0.32,1.25,0.4,0.76,1.0695
"1,2-Dimethyl-4-sec.-butylbenzene",CCC(C)c1ccc(C)c(C)c1,0.712,0.55,0.0,0.22,1.5618
methamphetamine,CNC(C)Cc1ccccc1,0.75,0.72,0.1,0.85,1.3798
2-Methylpent-1-ene,C=C(C)CCC,0.09,0.08,0.0,0.08,0.911
3-Methylbut-3-en-1-ol,C=C(C)CCO,0.3,0.41,0.28,0.41,0.8288
"2,2,3,3-Tetrafluoropropan-1-ol",OCC(F)(F)C(F)F,0.006,0.44,0.77,0.18,0.6608
But-2-yn-1-ol,CC#CCO,0.442,0.57,0.35,0.59,0.6449
cis-Oct-2-ene,C/C=C\CCCCC,0.135,0.08,0.0,0.07,1.1928
cis-Hex-3-ene,CCC=CCC,0.128,0.08,0.0,0.07,0.911
cis-Hept-3-ene,CC/C=C\CCC,0.13,0.08,0.0,0.07,1.0519
cis-Oct-4-ene,CCCC=CCCC,0.133,0.08,0.0,0.07,1.1928
Oxycodone,COc1ccc2c3c1OC1C(=O)CCC4(O)C(C2)N(C)CCC314,2.18,2.28,0.31,2.14,2.2644
Hex-2-yne,CC#CCCC,0.236,0.3,0.0,0.15,0.868
Heptachlor,ClC1=C(Cl)C2(Cl)C3C(Cl)C=CC3C1(Cl)C2(Cl)Cl,2.082,0.85,0.0,0.56,1.9626
Hex-2-yn-1-ol,CCCC#CCO,0.411,0.57,0.33,0.59,0.9267
Dihexylphosphinic acid,CCCCCCP(=O)(O)CCCCCC,0.23,0.45,0.67,1.21,2.1214
"1,1,1-Trifluorododecane",CCCCCCCCCCCC(F)(F)F,-0.33,0.23,0.0,0.08,1.8525
Bornyl acetate,CC(=O)OC1CC2CCC1(C)C2(C)C,0.397,0.54,0.0,0.58,1.6566
Dec-1-yne,C#CCCCCCCCC,0.143,0.22,0.09,0.1,1.4316
Dodec-1-yne,C#CCCCCCCCCCC,0.133,0.22,0.09,0.1,1.7134
1-Bromotridecane,CCCCCCCCCCCCCBr,0.32,0.4,0.0,0.12,2.1153
Mifobate,COP(=O)(OC)OC(c1ccc(Cl)cc1)P(=O)(OC)OC,1.22,2.09,0.0,2.02,2.3634
Methyl cyclopropyl ketone,CC(=O)C1CC1,0.324,1.17,0.0,0.38,0.7202
codeine,COc1ccc2c3c1OC1C(O)C=CC4C(C2)N(C)CCC341,2.16,2.11,0.22,1.78,2.2057
2-Ethylhexyl thioglycolate,CCCCC(CC)COC(=O)CS,0.34,1.0,0.0,0.59,1.7555
N-Ethylpiperidine,CCN1CCCCC1,0.3,0.32,0.0,0.63,1.0861
2-Butylquinoline,CCCCc1ccc2ccccc2n1,1.297,0.86,0.0,0.57,1.6079
Ammonia,N,0.139,0.39,0.16,0.56,0.2084
2-Chloroanisole,COc1ccccc1Cl,0.883,0.91,0.0,0.26,1.0384
Hexacontane,CCCCCCCCCCCCCCCCCCCCCCCCCCCCCCCCCCCCCCCCCCCCCCCCCCCCCCCCCCCC,0.0,0.0,0.0,0.0,8.5626
cis-b-Methylstyrene,CC=Cc1ccccc1,0.871,0.7,0.0,0.18,1.0961
4-Cyanophenol,N#Cc1ccc(O)cc1,0.94,1.63,0.8,0.29,0.9298
5-Allyl-5-(1-methylbutyl)barbituric acid,C=CCC1(C(C)CCC)C(=O)NC(=O)NC1=O,1.16,1.2,0.49,1.31,1.8945
Paclobutrazol,CC(C)(C)[C@H](O)[C@H](Cc1ccc(Cl)cc1)n1cncn1,1.534,1.39,0.21,1.46,2.2704
5-Ethyl-5-(1-methylbutyl)barbituric acid,CCCC(C)C1(CC)C(=O)NC(=O)NC1=O,1.03,1.12,0.59,1.18,1.7966
Thiopental (thiopentone),CCCC(C)C1(CC)C(=O)NC(=S)NC1=O,1.48,1.28,0.51,1.12,1.9014
1-Methylindane,CC1CCc2ccccc21,0.804,0.62,0.0,0.15,1.1714
1-Methylindene,CC1C=Cc2ccccc21,0.98,0.75,0.0,0.2,1.1284
3-Methylindene,CC1=CCc2ccccc21,1.123,0.77,0.0,0.2,1.1284
5-ethyl-5-isopropylbarbituric acid,CCC1(C(C)C)C(=O)NC(=O)NC1=O,1.03,1.11,0.47,1.2,1.5148
Propyl nicotinate,CCCOC(=O)c1cccnc1,0.662,1.07,0.0,0.71,1.3133
Famotidine,NC(N)=Nc1nc(CSCCC(N)=NS(N)(=O)=O)cs1,2.69,2.14,1.2,2.5,2.2617
PCB 122,Clc1cc(-c2cccc(Cl)c2Cl)cc(Cl)c1Cl,2.07,1.59,0.0,0.11,1.9362
Triphenylcarbinol,OC(c1ccccc1)(c1ccccc1)c1ccccc1,1.986,1.88,0.0,0.97,2.1316
1-Bromoadamantane,BrC12CC3CC(CC(C3)C1)C2,1.07,0.91,0.0,0.2,1.3668
1-Aminoadamantane,NC12CC3CC(CC(C3)C1)C2,0.78,0.97,0.2,0.58,1.2916
Adamantan-1-ol,OC12CC3CC(CC(C3)C1)C2,0.94,0.9,0.31,0.66,1.2505
1-Methylazulene,Cc1ccc2cccccc1-2,1.34,1.15,0.0,0.16,1.2263
Benzilic acid,O=C(O)C(O)(c1ccccc1)c1ccccc1,1.53,1.93,0.93,0.87,1.7391
"2,3,5,6-Tetrafluorophenol",Oc1c(F)c(F)cc(F)c1F,0.4,0.81,0.75,0.15,0.8459
4-Methyl-3-bromobenzoic acid,Cc1ccc(C(=O)O)cc1Br,1.0,1.1,0.7,0.27,1.2476
m-Fluorophenylurea,NC(=O)Nc1cccc(F)c1,0.904,1.52,0.81,0.54,1.0903
5-allyl-5-isopropylbarbituric acid,C=CCC1(C(C)C)C(=O)NC(=O)NC1=O,1.16,1.2,0.49,1.31,1.6127
1-Methoxy-2-propoxyethane,CCCOCCOC,0.01,0.73,0.0,0.79,1.0714
Phencyclidine,c1ccc(C2(N3CCCCC3)CCCCC2)cc1,1.23,0.96,0.0,0.82,2.1489
Indole-3-carboxylic acid,O=C(O)c1c[nH]c2ccccc12,1.41,1.57,0.88,0.49,1.1617
Methylpentafluorobenzene,Cc1c(F)c(F)c(F)c(F)c1F,0.16,0.59,0.0,0.01,0.9458
Pentafluorophenol,Oc1c(F)c(F)c(F)c(F)c1F,0.36,0.83,0.79,0.09,0.8636
Hydrogen peroxide,OO,0.451,0.66,0.78,0.41,0.226
"N,N-Diethylbenzylamine",CCN(CC)Cc1ccccc1,0.665,0.77,0.0,0.7,1.5207
Bromine,BrBr,0.918,0.62,0.18,0.0,0.4586
Nitrogen,N#N,0.0,0.0,0.0,0.0,0.2222
5-Butyl-5-ethyl barbituric acid,CCCCC1(CC)C(=O)NC(=O)NC1=O,1.03,1.14,0.47,1.18,1.6557
8-Hydroxyflavone,O=c1cc(-c2ccccc2)oc2c(O)cccc12,1.92,1.65,0.54,0.83,1.7284
Water,O,0.0,0.6,0.59,0.46,0.1673
Thiobarbital,CCC1(CC)C(=O)NC(=S)NC1=O,1.407,1.18,0.5,1.1,1.4787
Chlorthalidone,NS(=O)(=O)c1cc(C2(O)NC(=O)c3ccccc32)ccc1Cl,2.72,3.62,1.12,1.65,2.1747
Procyclidine,OC(CCN1CCCC1)(c1ccccc1)C1CCCCC1,1.48,1.18,0.35,1.46,2.4894
"5,7-Dichloro-8-hydroxyquinoline",Oc1c(Cl)cc(Cl)c2cccnc12,1.56,1.16,0.04,0.55,1.3478
2-(1-Naphthyl)ethanol,OCCc1cccc2ccccc12,1.54,1.31,0.3,0.7,1.4259
"Hexachlorocyclopenta-1,3-diene",ClC1=C(Cl)C(Cl)(Cl)C(Cl)=C1Cl,1.097,0.48,0.0,0.09,1.3529
Cedrol,CC1CCC2C(C)(C)C3CC12CCC3(C)O,0.8,0.5,0.32,0.64,1.955
Adalin,CCC(Br)(CC)C(=O)NC(N)=O,0.86,1.52,0.67,0.92,1.5009
N-Benzoylpiperidine,O=C(c1ccccc1)N1CCCCC1,1.05,1.5,0.0,0.94,1.5687
2-Ethyl-2-methylsuccinimide,CCC1(C)CC(=O)NC1=O,0.52,1.88,0.52,0.66,1.1175
Mercury(II) iodide,[I][Hg][I],2.09,1.35,0.28,0.37,0.8994
3-methyl-3-pentanol,CCC(C)(O)CC,0.21,0.3,0.31,0.6,1.0127
"2,2-Dimethoxypropane",COC(C)(C)OC,0.036,0.4,0.0,0.87,0.9305
Dimethylsulfate,COS(=O)(=O)OC,0.147,1.01,0.0,0.6,0.7887
Nitrogen trifluoride,FN(F)F,0.099,-0.2,0.0,0.0,0.2615
Arsine,[AsH3],0.268,0.08,0.0,0.06,0.3587
Tris(hydroxymethyl)aminomethane,NC(CO)(CO)CO,0.82,2.22,0.7,1.13,0.9481
Mevinphos,COC(=O)C=C(C)OP(=O)(OC)OC,0.294,1.36,0.0,1.16,1.5657
Mercury(II) bromide,[Br][Hg][Br],1.55,1.71,0.43,0.37,0.733
9-Methylanthracene,Cc1c2ccccc2cc2ccccc12,2.25,1.27,0.0,0.3,1.5953
Citric acid,O=C(O)CC(O)(CC(=O)O)C(=O)O,0.81,2.65,0.0,1.17,1.2359
Triethyl citrate,CCOC(=O)CC(O)(CC(=O)OCC)C(=O)OCC,0.138,1.4,0.45,1.49,2.0813
Phosphine,P,0.2,0.11,0.0,0.05,0.3132
Pentaerythritol tetranitrate,O=[N+]([O-])OCC(CO[N+](=O)[O-])(CO[N+](=O)[O-])CO[N+](=O)[O-],0.78,3.35,0.0,0.45,1.7447
"9,10-Dimethylanthracene",Cc1c2ccccc2c(C)c2ccccc12,2.25,1.25,0.0,0.28,1.7362
Tri-o-cresylphosphate,Cc1ccccc1OP(=O)(Oc1ccccc1C)Oc1ccccc1C,1.614,1.82,0.0,1.1,2.7941
Tri-p-cresylphosphate,Cc1ccc(OP(=O)(Oc2ccc(C)cc2)Oc2ccc(C)cc2)cc1,1.614,1.82,0.0,1.1,2.7941
Triethyl phosphate,CCOP(=O)(OCC)OCC,-0.003,1.12,0.0,1.05,1.3934
Carisoprodol,CCCC(C)(COC(N)=O)COC(=O)NC(C)C,0.5,1.57,0.5,1.52,2.1478
3-Methyl-4-bromophenylurea,Cc1cc(NC(N)=O)ccc1Br,1.34,1.63,0.82,0.56,1.3885
isophorone,CC1=CC(=O)CC(C)(C)C1,0.511,0.89,0.0,0.56,1.2408
"3,7-Dimethyloctan-3-ol",CCC(C)(O)CCCC(C)C,0.172,0.3,0.31,0.64,1.5763
Linalool,C=CC(C)(O)CCC=C(C)C,0.398,0.51,0.2,0.65,1.4903
2-Methyprop-2-ene-1-al,C=C(C)C=O,0.4,0.7,0.0,0.5,0.6449
2-Chlorobutane,CCC(C)Cl,0.189,0.35,0.0,0.12,0.7946
"1,2-Diaminopropane",CC(N)CN,0.446,0.7,0.2,1.19,0.7309
But-3-ene-2-one,C=CC(C)=O,0.291,0.76,0.0,0.48,0.6449
Methylglyoxal,CC(=O)C=O,0.359,0.84,0.0,0.65,0.5627
"1,1,2-Trichloroethane",ClCC(Cl)Cl,0.499,0.68,0.13,0.13,0.7576
Trichloroethene,ClC=C(Cl)Cl,0.524,0.37,0.08,0.03,0.7146
Propanoic acid,CCC(=O)O,0.233,0.65,0.61,0.44,0.6057
Acrylic acid,C=CC(=O)O,0.357,0.63,0.6,0.39,0.5627
Chloroacetic acid,O=C(O)CCl,0.427,1.03,0.79,0.35,0.5872
Nitroethane,CC[N+](=O)[O-],0.27,0.95,0.02,0.33,0.5646
"1,1,2,2-Tetrabromoethane",BrC(Br)C(Br)Br,1.343,0.93,0.17,0.24,1.0904
"2,3-Dimethylbutane",CC(C)C(C)C,0.0,0.0,0.0,0.0,0.954
2-Methylpropanoic acid,CC(C)C(=O)O,0.2,0.6,0.61,0.45,0.7466
1-Ethyldibenzothiophene,CCc1cccc2sc3ccccc3c12,1.96,1.18,0.0,0.2,1.6609
"1,1,2,2-Tetrachloroethane",ClC(Cl)C(Cl)Cl,0.595,0.76,0.16,0.12,0.88
Chlorotrifluoroethene,FC(F)=C(F)Cl,-0.06,0.12,0.0,0.07,0.5229
methacrylic acid,C=C(C)C(=O)O,0.354,0.6,0.62,0.41,0.7036
Mioflazine,NC(=O)C1CN(CC(=O)Nc2c(Cl)cccc2Cl)CCN1CCCC(c1ccc(F)cc1)c1ccc(F)cc1,3.08,3.69,0.9,2.4,4.0841
Oxytetracycline,CN(C)C1C(O)=C(C(N)=O)C(=O)C2(O)C(O)=C3C(=O)c4c(O)cccc4C(C)(O)C3C(O)C12,3.6,3.05,1.65,3.5,3.1579
Fluazinam,O=[N+]([O-])c1cc(C(F)(F)F)c(Cl)c([N+](=O)[O-])c1Nc1ncc(C(F)(F)F)cc1Cl,1.61,1.87,0.2,1.08,2.3641
Simvastatin,CCC(C)(C)C(=O)OC1CC(C)C=C2C=CC(C)C(CCC3CC(O)CC(=O)O3)C21,1.35,2.55,0.32,1.86,3.4268
"3,3',5,5'-tetrabromobisphenol A",CC(C)(c1cc(Br)c(O)c(Br)c1)c1cc(Br)c(O)c(Br)c1,2.61,2.05,0.78,0.58,2.5643
Hexaconazole,CCCCC(O)(Cn1cncn1)c1ccc(Cl)cc1Cl,1.83,1.8,0.34,1.11,2.2519
bisphenol A,CC(C)(c1ccc(O)cc1)c1ccc(O)cc1,1.607,1.49,1.01,0.91,1.8643
"p,p'-Dichlorodiphenylsulfone",O=S(=O)(c1ccc(Cl)cc1)c1ccc(Cl)cc1,1.7,2.11,0.0,0.55,1.8499
"4,4'-Diaminodiphenylsulfone",Nc1ccc(S(=O)(=O)c2ccc(N)cc2)cc1,2.21,3.01,0.6,1.21,1.8047
alpha-Terpinyl acetate,CC(=O)OC(C)(C)C1CC=C(C)CC1,0.447,0.62,0.0,0.64,1.7222
Tri(4-methoxyphenyl)phosphine oxide,COc1ccc(P(=O)(c2ccc(OC)cc2)c2ccc(OC)cc2)cc1,2.07,2.78,0.0,1.9,2.7941
Sulfachlorpyridazine,Nc1ccc(S(=O)(=O)Nc2ccc(Cl)nn2)cc1,2.24,3.04,0.71,1.36,1.8449
Sulfamethoxypyridazine,COc1ccc(NS(=O)(=O)c2ccc(N)cc2)nn1,2.12,2.95,0.48,1.56,1.9221
4-tert-Pentylphenol,CCC(C)(C)c1ccc(O)cc1,0.81,0.89,0.56,0.42,1.4796
Lilial,CC(C=O)Cc1ccc(C(C)(C)C)cc1,0.77,1.03,0.0,0.64,1.8593
2-Bromobutanoic acid,CCC(Br)C(=O)O,0.496,1.05,0.73,0.4,0.9216
Methyl methacrylate,C=C(C)C(=O)OC,0.245,0.55,0.0,0.42,0.8445
Clarithromycin,CCC1OC(=O)C(C)C(OC2CC(C)(OC)C(O)C(C)O2)C(C)C(OC2OC(C)CC(N(C)C)C2O)C(C)(OC)CC(C)C(=O)C(C)C(O)C1(C)O,2.72,3.65,1.0,4.98,5.9139
Musk xylene,Cc1c([N+](=O)[O-])c(C)c([N+](=O)[O-])c(C(C)(C)C)c1[N+](=O)[O-],1.42,2.18,0.0,0.63,2.0844
"1,1,1,2-Tetrafluoroethane",FCC(F)(F)F,-0.41,0.41,0.06,0.02,0.4612
"1,3-Dimethyl-2-nitrobenzene",Cc1cccc(C)c1[N+](=O)[O-],0.921,1.15,0.0,0.25,1.1724
"Propane-1,2-dithiol",CC(S)CS,0.735,0.84,0.0,0.46,0.8583
Di-tert-butyl ketone,CC(C)(C)C(=O)C(C)(C)C,0.099,0.56,0.0,0.52,1.3924
Methyl 2-ethylbutanoate,CCC(CC)C(=O)OC,0.167,0.5,0.0,0.47,1.1693
Methyl 2-ethylhexanoate,CCCCC(CC)C(=O)OC,0.058,0.053,0.0,0.5,1.4511
3-Ethylpent-2-ene,CC=C(CC)CC,0.125,0.09,0.0,0.08,1.0519
"2,5-Dichloro-4-isopropyltoluene",Cc1cc(Cl)c(C(C)C)cc1Cl,0.873,0.72,0.0,0.03,1.5248
"2,3,6-Trichloro-4-isopropyltoluene",Cc1c(Cl)cc(C(C)C)c(Cl)c1Cl,1.013,0.77,0.0,0.0,1.6472
Tetrachloro-4-isopropyltoluene,Cc1c(Cl)c(Cl)c(C(C)C)c(Cl)c1Cl,1.255,0.77,0.0,0.0,1.7696
"2,3-Dichloro-4-isopropyltoluene",Cc1ccc(C(C)C)c(Cl)c1Cl,0.873,0.75,0.0,0.03,1.5248
Xamoterol,O=C(NCCNCC(O)COc1ccc(O)cc1)N1CCOCC1,1.91,2.3,0.97,2.3,2.5667
warfarin,CC(=O)C[C@H](c1ccccc1)c1c(O)c2ccccc2oc1=O,1.98,1.88,0.29,1.57,2.3077
Diethyl glutarate,CCOC(=O)CCCC(=O)OCC,0.09,1.03,0.0,0.87,1.5255
Cortisone-21-octanoate,CCCCCCCC(=O)OCC(=O)[C@@]1(O)CC[C@H]2[C@@H]3CCC4=CC(=O)CC[C@]4(C)[C@H]3C(=O)C[C@@]21C,1.7,4.0,0.21,2.13,3.8975
"Hexa--1,5-dien-3-yne",C=CC#CC=C,0.39,0.42,0.0,0.2,0.782
4-penten-1-ol,C=CCCCO,0.315,0.48,0.37,0.55,0.8288
Hex-5-en-1-ol,C=CCCCCO,0.31,0.48,0.37,0.55,0.9697
Nonan-2-one,CCCCCCCC(C)=O,0.113,0.68,0.0,0.51,1.3924
1-Ethyl-2-n-butylbenzene,CCCCc1ccccc1CC,0.665,0.53,0.0,0.18,1.5618
Undec-1-ene,C=CCCCCCCCCC,0.091,0.08,0.0,0.07,1.6155
Triadimenol B,CC(C)(C)C(O)C(Oc1ccc(Cl)cc1)n1cncn1,1.601,1.58,0.26,1.28,2.1882
"1,6-Hexamethylene diisocyanate",O=C=NCCCCCCN=C=O,0.34,0.96,0.0,0.41,1.3808
"1,11-Diaminoundecane",NCCCCCCCCCCCN,0.409,0.7,0.3,1.15,1.8581
1-Chlorotridecane,CCCCCCCCCCCCCCl,0.179,0.4,0.0,0.1,2.0627
Heptadecyl acetate,CCCCCCCCCCCCCCCCCOC(C)=O,0.023,0.6,0.0,0.45,2.8601
Octadecyl acetate,CCCCCCCCCCCCCCCCCCOC(C)=O,0.014,0.6,0.0,0.45,3.001
Eicosanyl acetate,CCCCCCCCCCCCCCCCCCCCOC(C)=O,0.0,0.6,0.0,0.45,3.2828
"trans-1,2-Dimethylcyclopentane",CC1CCCC1C,0.193,0.1,0.0,0.0,0.9863
Cyclohex-2-en-1-ol,OC1C=CCCC1,0.559,0.87,0.37,0.52,0.8611
Phenylmercury(II) iodide,[I][Hg][c]1ccccc1,2.07,1.75,0.06,0.32,1.249
2-Thiomethoxypyrimidine,CSc1ncccn1,1.06,1.16,0.0,0.58,0.9386
2-Methyl-m-phenylenediamine,Cc1c(N)cccc1N,1.28,1.6,0.22,0.88,1.0569
Methyl cyclohexyl ketone,CC(=O)C1CCCCC1,0.372,1.18,0.0,0.42,1.1429
Ganciclovir,Nc1nc2c(ncn2COC(CO)CO)c(=O)[nH]1,2.52,2.89,1.08,2.06,1.7213
4-Methylindane,Cc1cccc2c1CCC2,0.82,0.67,0.0,0.15,1.1714
1-Chloroanthraquinone,O=C1c2ccccc2C(=O)c2c(Cl)cccc21,1.9,1.79,0.0,0.57,1.6512
2-Methylindane,CC1Cc2ccccc2C1,0.694,0.6,0.0,0.15,1.1714
a-Cadinene,CC1=CC2C(CC1)C(C)=CCC2C(C)C,0.809,0.29,0.0,0.36,1.9189
4-Fluorobenzamide,NC(=O)c1ccc(F)cc1,0.86,1.49,0.49,0.54,0.9905
Isoxaben,CCC(C)(CC)c1cc(NC(=O)c2c(OC)cccc2OC)on1,1.54,2.08,0.18,1.4,2.604
4-Iodobenzenesulfonamide,NS(=O)(=O)c1ccc(I)cc1,1.71,1.71,0.65,0.82,1.3553
Zolpidem,Cc1ccc(-c2nc3ccc(C)cn3c2CC(=O)N(C)C)cc1,2.09,2.45,0.0,1.53,2.474
"4,6-Dimethylquinoline",Cc1ccc2nccc(C)c2c1,1.353,1.0,0.0,0.57,1.3261
2-Methyl-8-hydroxyquinoline,Cc1ccc2cccc(O)c2n1,1.4,1.03,0.0,0.63,1.2439
Pentachloronitrobenzene,O=[N+]([O-])c1c(Cl)c(Cl)c(Cl)c(Cl)c1Cl,1.61,1.46,0.0,0.02,1.5026
Phenylcyclohexane,c1ccc(C2CCCCC2)cc1,0.871,0.65,0.0,0.17,1.4532
Phenyllactic acid,O=C(O)C(O)Cc1ccccc1,0.88,1.09,0.74,1.05,1.2722
1-Adamantylcarboxylic acid,O=C(O)C12CC3CC(CC(C3)C1)C2,0.86,1.35,0.55,0.5,1.4071
"2,3,6-Trimethylnaphthalene",Cc1ccc2cc(C)c(C)cc2c1,1.442,0.88,0.0,0.28,1.5081
"2,6-Diethoxybenzoic acid",CCOc1cccc(OCC)c1C(=O)O,0.87,1.68,0.68,0.8,1.6127
Cyclododecanone,O=C1CCCCCCCCCCC1,0.588,0.86,0.0,0.56,1.7065
Atomoxetin,CNCCC(Oc1ccccc1C)c1ccccc1,1.49,1.49,0.1,1.09,2.1872
4-Aminoantipyrine,Cc1c(N)c(=O)n(-c2ccccc2)n1C,1.65,1.5,0.21,1.49,1.5844
1-Naphthyl acetate,CC(=O)Oc1cccc2ccccc12,1.391,1.53,0.0,0.59,1.4416
Indole-3-propionic acid,O=C(O)CCc1c[nH]c2ccccc12,1.41,1.87,0.88,0.78,1.4435
1-Methyl-5-ethylbarbituric acid,CCC1C(=O)NC(=O)N(C)C1=O,1.12,1.16,0.21,1.17,1.233
"Ethyl 3,4,5-trihydroxybenzoic acid",CCOC(=O)c1cc(O)c(O)c(O)c1,1.25,1.57,1.35,0.92,1.3896
4-Phenoxyphenol,Oc1ccc(Oc2ccccc2)cc1,1.41,1.36,0.57,0.47,1.4416
Cyclotridecanone,O=C1CCCCCCCCCCCC1,0.618,0.86,0.0,0.56,1.8474
4-Methylphenanthrene,Cc1cccc2ccc3ccccc3c12,2.055,1.25,0.0,0.29,1.5953
1-Methylphenanthrene,Cc1cccc2c1ccc1ccccc12,2.055,1.25,0.0,0.29,1.5953
3-Methylphenanthrene,Cc1ccc2ccc3ccccc3c2c1,2.055,1.25,0.0,0.29,1.5953
Acenaphthene,c1cc2c3c(cccc3c1)CC2,1.604,1.05,0.0,0.22,1.2586
3-Methylindole,Cc1c[nH]c2ccccc12,1.2,1.06,0.44,0.22,1.0873
Nefazodone,CCc1nn(CCCN2CCN(c3cccc(Cl)c3)CC2)c(=O)n1CCOc1ccccc1,2.73,2.71,0.0,2.18,3.5915
"2,6-Dichlorobenzaldehyde",O=Cc1c(Cl)cccc1Cl,1.09,1.22,0.0,0.17,1.1178
"1,2-Dimethyl-3-nitrobenzene",Cc1cccc([N+](=O)[O-])c1C,0.904,1.15,0.0,0.29,1.1724
Ametryn,CCNc1nc(NC(C)C)nc(SC)n1,1.47,1.23,0.19,1.02,1.8016
2-Chloro-6-nitrotoluene,Cc1c(Cl)cccc1[N+](=O)[O-],0.98,1.14,0.0,0.23,1.1539
b-Sitosterol,CCC(CCC(C)C1CCC2C3CC=C4CC(O)CCC4(C)C3CCC12C)C(C)C,1.32,0.97,0.32,0.67,3.776
Iodocyanopindolol,CC(C)NCC(O)COc1cccc2[nH]c(C#N)c(I)c12,2.36,2.2,0.35,1.6,2.4219
Naphazoline,c1ccc2c(CC3=NCCN3)cccc2c1,1.83,1.47,0.5,0.99,1.697
"1,5-Dihydroxynaphthalene",Oc1cccc2c(O)cccc12,1.8,1.62,0.93,0.63,1.2028
4-Propyloxycarbonyloxyacetanilide,CCCOC(=O)Oc1ccc(NC(C)=O)cc1,0.97,1.75,0.23,1.18,1.8104
4-Methoxyethyloxycarbonyloxyacetanilide,COCCOC(=O)Oc1ccc(NC(C)=O)cc1,0.97,2.2,0.06,1.47,1.8691
4-Methoxyisopropyloxycarbonyloxyacetanilide,COCC(C)OC(=O)Oc1ccc(NC(C)=O)cc1,0.97,2.17,0.06,1.47,2.01
"1-tert-butyl-3,5-dinitro-2-methoxy-4-methylbenzene",COc1c(C(C)(C)C)cc([N+](=O)[O-])c(C)c1[N+](=O)[O-],1.19,1.72,0.0,0.7,1.9689
"5,7-Diiodo-8-hydroxyquinoline",Oc1c(I)cc(I)c2cccnc12,2.58,1.36,0.0,0.62,1.6194
Rotenone,C=C(C)C1Cc2c(ccc3c2OC2COc4cc(OC)c(OC)cc4C2C3=O)O1,2.44,2.54,0.0,1.57,2.8145
Riboflavin,Cc1cc2nc3c(=O)[nH]c(=O)nc-3n(CC(O)C(O)C(O)CO)c2cc1C,3.606,4.22,1.3,2.67,2.6285
Azithromycin,CC[C@H]1OC(=O)[C@H](C)[C@@H](O[C@H]2C[C@@](C)(OC)[C@@H](O)[C@H](C)O2)[C@H](C)[C@@H](O[C@@H]2O[C@H](C)C[C@H](N(C)C)[C@H]2O)[C@](C)(O)C[C@@H](C)CN(C)[C@H](C)[C@@H](O)[C@]1(C)O,2.242,3.2,1.19,4.9,5.998
Orphenadrine,Cc1ccccc1C(OCCN(C)C)c1ccccc1,1.327,1.36,0.0,1.3,2.3281
lamotrigine,Nc1nnc(-c2cccc(Cl)c2Cl)c(N)n1,2.267,2.03,0.35,0.96,1.6453
Esmolol,COC(=O)CCc1ccc(OCC(O)CNC(C)C)cc1,1.07,1.53,0.3,1.74,2.417
Ropivacaine,CCCN1CCCC[C@H]1C(=O)Nc1c(C)cccc1C,1.32,2.1,0.34,1.33,2.373
Methoprotryn,COCCCNc1nc(NC(C)C)nc(SC)n1,1.47,1.48,0.11,1.36,2.1421
Phenanthraquinone,O=C1C(=O)c2ccccc2-c2ccccc21,2.07,1.79,0.0,0.79,1.5288
o-Terphenyl,c1ccc(-c2ccccc2-c2ccccc2)cc1,1.95,1.35,0.0,0.38,1.932
Hexestrol,CCC(c1ccc(O)cc1)C(CC)c1ccc(O)cc1,1.62,1.73,1.26,0.82,2.287
Dienestrol,C/C=C(C(=C/C)/c1ccc(O)cc1)\c1ccc(O)cc1,1.87,1.84,1.26,0.91,2.201
2-Pyridinepentanol,OCCCCCc1ccccn1,0.82,1.29,0.24,1.14,1.4385
Sudan1,Oc1ccc2ccccc2c1N=Nc1ccccc1,1.945,1.37,0.04,0.41,1.9085
Tetrahydrozoline,c1ccc2c(c1)CCCC2C1=NCCN1,1.38,1.38,0.5,0.98,1.6421
Rutaecarpine,O=c1c2ccccc2nc2n1CCc1c-2[nH]c2ccccc12,2.79,2.25,0.21,1.16,2.0729
bis(4-methylphenyl) hydrogen phosphate,Cc1ccc(OP(=O)(O)Oc2ccc(C)cc2)cc1,1.19,1.57,0.95,1.32,2.0454
Desciclovir,Nc1ncc2ncn(COCCO)c2n1,2.19,2.4,0.45,1.58,1.463
Piroximone,CCc1[nH]c(=O)[nH]c1C(=O)c1ccncc1,1.57,2.1,0.36,1.3,1.6001
2-ethylanthraquinone,CCc1ccc2c(c1)C(=O)c1ccccc1C2=O,1.41,1.54,0.0,0.56,1.8106
2-Methylanthraquinone,Cc1ccc2c(c1)C(=O)c1ccccc1C2=O,1.41,1.48,0.0,0.56,1.6697
Netivudine,CC#Cc1cn(C2OC(CO)C(O)C2O)c(=O)[nH]c1=O,2.2,2.4,0.9,2.19,1.919
Cortisone-21-butanoate,CCCC(=O)OCC(=O)[C@@]1(O)CC[C@H]2[C@@H]3CCC4=CC(=O)CC[C@]4(C)[C@H]3C(=O)C[C@@]21C,1.78,3.45,0.21,2.13,3.3339
Diphenyl phthalate,O=C(Oc1ccccc1)c1ccccc1C(=O)Oc1ccccc1,1.89,1.84,0.0,1.18,2.3626
Dehydrotestosterone,CC12C=CC(=O)C=C1CCC1C2CCC2(C)C(O)CCC12,1.72,2.6,0.32,1.15,2.3397
Lorazepam,O=C1Nc2ccc(Cl)cc2C(c2ccccc2Cl)=NC1O,2.51,1.28,0.45,1.63,2.1141
Temazepan,CN1C(=O)C(O)N=C(c2ccccc2)c2cc(Cl)ccc21,2.24,2.32,0.15,1.35,2.1326
Anthraquinone,O=C1c2ccccc2C(=O)c2ccccc21,1.405,1.45,0.0,0.55,1.5288
Diethyl phthalate,CCOC(=O)c1ccccc1C(=O)OCC,0.729,1.26,0.0,0.9,1.7106
16a-fluoroestradiol,CC12CCC3c4ccc(O)cc4CCC3C1CC(F)C2O,2.04,2.04,0.86,1.14,2.2165
Diisobutyl phthalate,CC(C)COC(=O)c1ccccc1C(=O)OCC(C)C,0.683,1.21,0.0,0.95,2.2742
Dibutyl phthalate,CCCCOC(=O)c1ccccc1C(=O)OCCCC,0.695,1.27,0.0,0.95,2.2742
Didecyl phthalate,CCCCCCCCCCOC(=O)c1ccccc1C(=O)OCCCCCCCCCC,0.625,1.31,0.0,1.06,3.965
Butyl octyl phthalate,CCCCCCCCOC(=O)c1ccccc1C(=O)OCCCC,0.67,1.29,0.0,0.97,2.8378
Lormetazepam,CN1C(=O)C(O)N=C(c2ccccc2Cl)c2cc(Cl)ccc21,2.44,1.65,0.12,1.61,2.255
Trimeprazine,CC(CN(C)C)CN1c2ccccc2Sc2ccccc21,2.05,1.68,0.0,1.09,2.4241
Phenanthrene,c1ccc2c(c1)ccc1ccccc12,2.055,1.29,0.0,0.29,1.4544
Benzo[f]quinoline,c1ccc2c(c1)ccc1ncccc12,1.878,1.25,0.0,0.53,1.4133
pentabromoethylbenzene,CCc1c(Br)c(Br)c(Br)c(Br)c1Br,2.25,1.36,0.0,0.0,1.8732
1-Butyloxycarbonyl-5-fluorouracil,CCCCOC(=O)n1cc(F)c(=O)[nH]c1=O,0.87,1.65,0.16,1.09,1.5482
phthalimide,O=C1NC(=O)c2ccccc21,1.183,2.05,0.4,0.42,1.0208
Phthalic anhydride,O=C1OC(=O)c2ccccc21,1.157,1.45,0.0,0.39,0.9797
Clostebol acetate,CC(=O)OC1CCC2C3CCC4=C(Cl)C(=O)CCC4(C)C3CCC12C,1.6,2.8,0.0,1.07,2.8026
Androstanolone propanoate,CCC(=O)OC1CCC2(C)C(CCC3C4CCC(=O)C4(C)CCC32)C1,1.15,2.82,0.0,1.1,2.8641
Tris(4-methoxyphenyl)phosphine,COc1ccc(P(c2ccc(OC)cc2)c2ccc(OC)cc2)cc1,2.02,2.1,0.0,1.17,2.7354
Butylbenzyl phthalate,CCCCOC(=O)c1ccccc1C(=O)OCc1ccccc1,1.3,1.51,0.0,1.13,2.4593
Butyl 2-ethylhexylphthalate,CCCCOC(=O)c1ccccc1C(=O)OCC(CC)CCCC,0.67,1.26,0.0,0.96,2.8378
Dibucaine,CCCCOc1cc(C(=O)NCCN(CC)CC)c2ccccc2n1,1.86,2.19,0.15,1.55,2.8682
1-(2-Pyridylazo)-2-naphthol,Oc1ccc2ccccc2c1N=Nc1ccccn1,2.25,1.47,0.33,0.9,1.8674
4(4-Bromophenoxy)phenylurea,NC(=O)Nc1ccc(Oc2ccc(Br)cc2)cc1,2.13,2.03,0.76,0.81,1.9141
2-Nitrobiphenyl,O=[N+]([O-])c1ccccc1-c1ccccc1,1.63,1.51,0.0,0.39,1.4984
Cortisone-21-hexanoate,CCCCCC(=O)OCC(=O)[C@@]1(O)CC[C@H]2[C@@H]3CCC4=CC(=O)CC[C@]4(C)[C@H]3C(=O)C[C@@]21C,1.74,3.86,0.21,2.13,3.6157
9-Ethylcarbazole,CCn1c2ccccc2c2ccccc21,1.533,1.4,0.0,0.31,1.5972
N-Nitrosodiphenylamine,O=NN(c1ccccc1)c1ccccc1,1.78,1.71,0.0,0.54,1.5395
Phensuximide,CN1C(=O)CC(c2ccccc2)C1=O,1.36,1.8,0.0,1.02,1.4435
Vinblastine,CCC1(O)CC2CN(CCc3c([nH]c4ccccc34)C(C(=O)OC)(c3cc4c(cc3OC)N(C)C3C(O)(C(=O)OC)C(OC(C)=O)C5(CC)C=CCN6CCC43C65)C2)C1,4.46,4.84,0.58,4.94,6.0671
Tetramethylgermanium,[CH3][Ge]([CH3])([CH3])[CH3],0.068,0.02,0.0,0.05,0.9598
1-Naphthoic acid,O=C(O)c1cccc2ccccc12,1.46,1.2,0.65,0.49,1.3007
1-Nitronaphthalene,O=[N+]([O-])c1cccc2ccccc12,1.6,1.51,0.0,0.29,1.2596
dibutylphosphinic acid,CCCCP(=O)(O)CCCC,0.23,0.64,0.7,1.26,1.5578
Fluorene,c1ccc2c(c1)Cc1ccccc1-2,1.588,1.06,0.0,0.25,1.3565
Carbazole,c1ccc2c(c1)[nH]c1ccccc12,1.787,1.82,0.22,0.18,1.3154
"3,4,5-Trimethoxybenzaldehyde",COc1cc(C=O)cc(OC)c1OC,1.12,1.83,0.0,0.87,1.4718
Methyl 2-methylbutanoate,CCC(C)C(=O)OC,0.068,0.57,0.0,0.47,1.0284
1-Naphthaleneacetamide,NC(=O)Cc1cccc2ccccc12,1.72,1.72,0.45,0.95,1.4827
1-Naphthylacetic acid,O=C(O)Cc1cccc2ccccc12,1.46,1.55,0.6,0.67,1.4416
Ritanserine,Cc1nc2sccn2c(=O)c1CCN1CCC(=C(c2ccc(F)cc2)c2ccc(F)cc2)CC1,2.99,2.55,0.0,2.05,3.4539
PenicillinV,CC1(C)SC2C(NC(=O)COc3ccccc3)C(=O)N2C1C(=O)O,2.2,1.76,0.57,1.95,2.4358
2-Hydroxy-N-phenylbenzamide,O=C(Nc1ccccc1)c1ccccc1O,1.77,1.74,0.48,0.65,1.6393
2-methylnonane,CCCCCCCC(C)C,0.0,0.0,0.0,0.0,1.5176
1-decene,C=CCCCCCCCC,0.093,0.08,0.0,0.07,1.4746
Dipentylsulfide,CCCCCSCCCCC,0.331,0.4,0.0,0.36,1.6811
N-Methyl-2-pyrrolidinone,CN1CCCC1=O,0.491,1.3,0.0,0.79,0.82
2-Ethylthiophene,CCc1cccs1,0.685,0.58,0.0,0.13,0.9229
4-Formylpyridine,O=Cc1ccncc1,0.796,1.12,0.0,0.74,0.8319
Isosorbide dinitrate,O=[N+]([O-])OC1COC2C(O[N+](=O)[O-])COC12,0.91,1.67,0.0,0.78,1.32
Cyclopropylbenzene,c1ccc(C2CC2)cc1,0.806,0.65,0.0,0.15,1.0305
3-Cyanophenol,N#Cc1cccc(O)c1,0.93,1.55,0.84,0.25,0.9298
3-Chlorobenzyl alcohol,OCc1cccc(Cl)c1,0.91,0.94,0.42,0.5,1.0384
4-Bromobenzyl alcohol,OCc1ccc(Br)cc1,1.075,1.04,0.42,0.47,1.091
4-Chlorobenzyl alcohol,OCc1ccc(Cl)cc1,0.911,0.96,0.4,0.5,1.0384
"2,4,6-Trichloroanisole",COc1c(Cl)cc(Cl)cc1Cl,1.15,0.85,0.0,0.19,1.2832
Phthalide,O=C1OCc2ccccc21,0.95,1.84,0.0,0.45,0.964
"1,3-Dimethyluracil",Cn1ccc(=O)n(C)c1=O,0.81,1.04,0.0,1.13,1.0334
6-Chloropurine,Clc1ncnc2nc[nH]c12,1.53,1.6,0.82,0.7,0.9455
5-Methylindane,Cc1ccc2c(c1)CCC2,0.82,0.64,0.0,0.15,1.1714
"1,3-Dimethyl-4-ethylbenzene",CCc1ccc(C)cc1C,0.69,0.55,0.0,0.19,1.28
trans-beta-Caryophyllene,C=C1CC/C=C(\C)CC[C@@H]2[C@@H]1CC2(C)C,0.724,0.33,0.0,0.26,1.9189
4-Methoxybenzonitrile,COc1ccc(C#N)cc1,0.822,1.29,0.0,0.48,1.0707
MSP,CN1CN(c2ccccc2)C2(CCN(CCCC(=O)c3ccc(F)cc3)CC2)C1=O,2.3,3.14,0.0,1.98,3.1463
"2,3-Dimethylaniline",Cc1cccc(N)c1C,1.01,0.96,0.2,0.49,1.098
"1,2,3-Trichlorobenzene",Clc1cccc(Cl)c1Cl,1.03,0.86,0.0,0.0,1.0836
"2,6-Dimethylaniline",Cc1cccc(C)c1N,0.972,0.9,0.05,0.59,1.098
"2,6-Dichlorophenol",Oc1c(Cl)cccc1Cl,0.9,0.86,0.36,0.24,1.0199
"1,2,3-Trihydroxybenzene",Oc1cccc(O)c1O,1.165,1.26,1.35,0.64,0.8925
"hexachloro-1,3-butadiene",ClC(Cl)=C(Cl)C(Cl)=C(Cl)Cl,1.019,0.42,0.0,0.16,1.3206
Pentachlorotoluene,Cc1c(Cl)c(Cl)c(Cl)c(Cl)c1Cl,1.39,1.0,0.0,0.0,1.4693
"2,6-Dimethylquinoline",Cc1ccc2nc(C)ccc2c1,1.32,0.93,0.0,0.57,1.3261
"1,2,4-Triethylbenzene",CCc1ccc(CC)c(CC)c1,0.714,0.53,0.0,0.21,1.5618
pentabromotoluene,Cc1c(Br)c(Br)c(Br)c(Br)c1Br,2.25,1.41,0.0,0.0,1.7323
hexamethylbenzene,Cc1c(C)c(C)c(C)c(C)c1C,0.95,0.72,0.0,0.28,1.5618
Pentachlorophenol,Oc1c(Cl)c(Cl)c(Cl)c(Cl)c1Cl,1.22,0.91,0.66,0.06,1.3871
Diethyl tartrate,CCOC(=O)[C@@H](O)[C@H](O)C(=O)OCC,0.277,1.13,0.3,1.45,1.502
"2,3,4,5-Tetrachloronitrobenzene",O=[N+]([O-])c1cc(Cl)c(Cl)c(Cl)c1Cl,1.465,1.38,0.0,0.14,1.3802
Xylitol,OCC(O)C(O)C(O)CO,1.04,1.77,0.54,1.43,1.1066
"4-Chloro-3,5-dimethylphenol",Cc1cc(O)cc(C)c1Cl,0.98,0.94,0.61,0.26,1.1793
"2,4,6-Trimethylaniline",Cc1cc(C)c(N)c(C)c1,0.976,0.92,0.0,0.59,1.2389
"2,4,6-Trichlorophenol",Oc1c(Cl)cc(Cl)cc1Cl,1.01,0.8,0.6,0.15,1.1423
Amlodipine,CCOC(=O)C1=C(COCCN)NC(C)=C(C(=O)OC)C1c1ccccc1Cl,1.6,1.72,0.36,2.15,3.0239
2-tert-Butylphenol,CC(C)(C)c1ccccc1O,0.823,0.92,0.52,0.4,1.3387
2-Methylbenzenesulfonamide,Cc1ccccc1S(N)(=O)=O,1.13,1.55,0.55,0.86,1.238
4-Nitro-trans-cinnamic acid,O=C(O)C=Cc1ccc([N+](=O)[O-])cc1,1.4,1.21,0.62,0.76,1.3447
Diphenyldisulfide,c1ccc(SSc2ccccc2)cc1,1.84,1.38,0.0,0.45,1.6512
3-trifluoromethyl-4-nitrophenol,O=[N+]([O-])c1ccc(O)cc1C(F)(F)F,0.69,1.44,1.25,0.13,1.1433
9-Methylphenanthrene,Cc1cc2ccccc2c2ccccc12,2.055,1.25,0.0,0.29,1.5953
Artesunic acid,CC1CCC2C(C)C(OC(=O)CCC(=O)O)OC3OC4(C)CCC1C32OO4,1.24,2.0,0.58,1.8,2.7349
Propyl tridecanoate,CCCCCCCCCCCCC(=O)OCCC,-0.01,0.56,0.0,0.45,2.4374
2-tert-Butyl-5-methylphenol,Cc1ccc(C(C)(C)C)c(O)c1,0.826,0.95,0.53,0.41,1.4796
2-bromobenzoic acid,O=C(O)c1ccccc1Br,1.0,1.0,0.64,0.53,1.1067
2-Iodobenzoic acid,O=C(O)c1ccccc1I,1.31,1.27,0.74,0.46,1.1899
Anthranilamide,NC(=O)c1ccccc1N,1.34,1.88,0.47,0.75,1.0726
2-Isopropylphenol,CC(C)c1ccccc1O,0.842,0.88,0.52,0.38,1.1978
2-Nitrotoluene,Cc1ccccc1[N+](=O)[O-],0.866,1.11,0.0,0.28,1.0315
1-Chloro-2-nitrobenzene,O=[N+]([O-])c1ccccc1Cl,1.02,1.24,0.0,0.24,1.013
2-Nitroaniline,Nc1ccccc1[N+](=O)[O-],1.18,1.37,0.3,0.36,0.9904
2-Nitrophenol,O=[N+]([O-])c1ccccc1O,1.015,1.05,0.05,0.37,0.9493
Dinoseb,CCC(C)c1cc([N+](=O)[O-])cc([N+](=O)[O-])c1O,1.25,1.72,0.28,0.52,1.6871
"4-Chloro-2,6-dinitrophenol",O=[N+]([O-])c1cc(Cl)cc([N+](=O)[O-])c1O,1.33,1.88,0.06,0.3,1.2459
"2,4,6-trinitrophenol",O=[N+]([O-])c1cc([N+](=O)[O-])c(O)c([N+](=O)[O-])c1,1.43,2.66,0.46,0.42,1.2977
Salmeterol,OCc1cc(C(O)CNCCCCCCOCCCCc2ccccc2)ccc1O,2.05,2.0,1.2,2.75,3.4905
4-Methoxy-3-nitrobenzoic acid,COc1ccc(C(=O)O)cc1[N+](=O)[O-],1.12,1.49,0.66,0.65,1.3055
b-Citronellyl acetate,CC(=O)OCCC(C)CCC=C(C)C,0.198,0.64,0.0,0.5,1.8308
5-Bromosalicylic acid,O=C(O)c1cc(Br)ccc1O,1.497,1.07,0.62,0.43,1.1654
"1,4-Dimethyl-2-nitrobenzene",Cc1ccc(C)c([N+](=O)[O-])c1,0.892,1.12,0.0,0.29,1.1724
3-Bromobenzenesulfonamide,NS(=O)(=O)c1cccc(Br)c1,1.4,1.5,0.66,0.8,1.2721
4-Chloro-3-nitrotoluene,Cc1ccc(Cl)c([N+](=O)[O-])c1,1.02,1.24,0.0,0.22,1.1539
"2,5-Dichloronitrobenzene",O=[N+]([O-])c1cc(Cl)ccc1Cl,1.17,1.27,0.0,0.19,1.1354
4-Methyl-2-nitroaniline,Cc1ccc(N)c([N+](=O)[O-])c1,1.18,1.37,0.3,0.35,1.1313
4-Chloro-2-nitrophenol,O=[N+]([O-])c1cc(Cl)ccc1O,1.125,1.24,0.1,0.3,1.0717
"2,4,5-Trichloronitrobenzene",O=[N+]([O-])c1cc(Cl)c(Cl)cc1Cl,1.319,1.31,0.0,0.16,1.2578
"1,4-Androstadiene-3,17-dione",CC12C=CC(=O)C=C1CCC1C2CCC2(C)C(=O)CCC12,1.64,3.14,0.0,1.17,2.2967
Methyl 2-methylbenzoate,COC(=O)c1ccccc1C,0.772,0.87,0.0,0.43,1.2135
Toremifene,CN(C)CCOc1ccc(C(=C(CCCl)c2ccccc2)c2ccccc2)cc1,2.28,2.3,2.32,1.45,3.2971
Menthol,CC1CCC(C(C)C)C(O)C1,0.4,0.55,0.23,0.58,1.4677
Piperitone,CC1=CC(=O)C(C(C)C)CC1,0.573,0.89,0.0,0.57,1.3817
"1,7-Dimethyldibenzothiophene",Cc1ccc2c(c1)sc1cccc(C)c12,1.96,1.18,0.0,0.21,1.6609
"1,6-Dimethyldibenzothiophene",Cc1cccc2c1sc1cccc(C)c12,1.96,1.18,0.0,0.21,1.6609
"2,6-Dimethyldibenzothiophene",Cc1ccc2sc3c(C)cccc3c2c1,1.96,1.18,0.0,0.21,1.6609
2-Ethyldibenzothiophene,CCc1ccc2sc3ccccc3c2c1,1.96,1.18,0.0,0.2,1.6609
4-Ethyldibenzothiophene,CCc1cccc2c1sc1ccccc12,1.96,1.18,0.0,0.2,1.6609
3-Ethyldibenzothiophene,CCc1ccc2c(c1)sc1ccccc12,1.96,1.18,0.0,0.2,1.6609
Pulegone,CC(C)=C1CCC(C)CC1=O,0.587,0.56,0.0,0.49,1.3817
Thymol,Cc1ccc(C(C)C)c(O)c1,0.822,0.8,0.43,0.44,1.3387
"2,4-Dihydroxybenzoic acid",O=C(O)c1ccc(O)cc1O,1.14,1.16,1.06,0.56,1.0491
"1,3-Dimethyl-4-nitrobenzene",Cc1ccc([N+](=O)[O-])c(C)c1,0.935,1.16,0.0,0.29,1.1724
2-Methylbenzyl alcohol,Cc1ccccc1CO,0.85,0.9,0.39,0.58,1.0569
1-Chloro-2-ethylbenzene,CCc1ccccc1Cl,0.745,0.7,0.0,0.07,1.1206
2-Chlorobenzaldehyde,O=Cc1ccccc1Cl,0.954,1.13,0.0,0.29,0.9954
2-Ethylphenol,CCc1ccccc1O,0.831,0.84,0.52,0.37,1.0569
2-Hydroxybenzyl alcohol,OCc1ccccc1O,0.998,1.14,0.62,0.72,0.9747
2-Hydroxybenzaldehyde,O=Cc1ccccc1O,0.962,1.05,0.12,0.33,0.9317
2-Methoxyaniline,COc1ccccc1N,0.988,1.0,0.23,0.5,1.0158
1-Bromonaphthalene,Brc1cccc2ccccc12,1.598,1.13,0.0,0.13,1.2604
1-Methylnaphthalene,Cc1cccc2ccccc12,1.337,0.94,0.0,0.22,1.2263
1-iodonaphthalene,Ic1cccc2ccccc12,1.928,1.22,0.0,0.16,1.3436
1-Naphthol,Oc1cccc2ccccc12,1.52,1.1,0.66,0.34,1.1441
Sparteine,C1CCN2CC3CC(CN4CCCCC34)C2C1,1.2,0.91,0.0,1.46,1.9873
2-Aminobiphenyl,Nc1ccccc1-c1ccccc1,1.6,1.48,0.26,0.41,1.424
2-Phenylphenol,Oc1ccccc1-c1ccccc1,1.4,1.31,0.52,0.49,1.3829
9-Xanthenone,O=c1c2ccccc2oc2ccccc12,1.641,1.8,0.0,0.5,1.4309
Mandelic acid,O=C(O)C(O)c1ccccc1,1.02,1.33,0.91,0.89,1.1313
Amfepramone,CCN(CC)C(C)C(=O)c1ccccc1,0.96,1.07,0.0,1.04,1.8182
4-Bromobenzophenone,O=C(c1ccccc1)c1ccc(Br)cc1,1.67,1.52,0.0,0.47,1.6558
"4,4'-Bis(dimethylamino)benzophenone",CN(C)c1ccc(C(=O)c2ccc(N(C)C)cc2)cc1,1.79,1.95,0.0,1.08,2.244
"1,2,4,5,6,8-PCN",Clc1cc(Cl)c2c(Cl)c(Cl)cc(Cl)c2c1Cl,2.05,1.42,0.0,0.0,1.8198
"4,4'-Dichlorobenzophenone",O=C(c1ccc(Cl)cc1)c1ccc(Cl)cc1,1.65,1.5,0.0,0.41,1.7256
Benzhydrol,OC(c1ccccc1)c1ccccc1,1.42,1.22,0.38,0.8,1.5238
"2,6-Dimethoxyphenol",COc1cccc(OC)c1O,0.81,1.4,0.14,0.7,1.1743
phthalonitrile,N#Cc1ccccc1C#N,0.874,1.96,0.0,0.41,1.0258
Terbinafine,CN(C/C=C/C#CC(C)(C)C)Cc1cccc2ccccc12,1.891,1.38,0.0,1.03,2.6061
"1,2-Dimethoxybenzene",COc1ccccc1OC,0.832,1.05,0.0,0.61,1.1156
decalin,C1CCC2CCCCC2C1,0.505,0.25,0.0,0.0,1.3004
Quinoxaline,c1ccc2nccnc2c1,1.3,1.22,0.0,0.6,1.0032
Naphthalene,c1ccc2ccccc2c1,1.34,0.92,0.0,0.2,1.0854
Quinoline,c1ccc2ncccc2c1,1.268,0.97,0.0,0.54,1.0443
6-Bromo-1-naphthol,Oc1cccc2cc(Br)ccc12,1.79,1.26,0.62,0.32,1.3191
Benzthiazide,NS(=O)(=O)c1cc2c(cc1Cl)N=C(CSCc1ccccc1)NS2(=O)=O,3.35,2.75,0.89,2.1,2.7424
ropinirole,CCCN(CCC)CCc1cccc2c1CC(=O)N2,1.34,1.36,0.43,1.28,2.2321
5-Allyl-5-tert-butylbarbital,C=CCC1(C(C)(C)C)C(=O)NC(=O)NC1=O,1.16,1.17,0.49,1.36,1.7536
2-Methylnaphthalene,Cc1ccc2ccccc2c1,1.304,0.81,0.0,0.25,1.2263
2-chloronaphthalene,Clc1ccc2ccccc2c1,1.45,1.0,0.0,0.14,1.2078
2-Naphthylamine,Nc1ccc2ccccc2c1,1.67,1.3,0.18,0.51,1.1852
6-Methylquinoline,Cc1ccc2ncccc2c1,1.309,0.95,0.0,0.55,1.1852
2-Methylquinoline,Cc1ccc2ccccc2n1,1.287,0.95,0.0,0.55,1.1852
2H-1-Benzopyran-2-one,O=c1ccc2ccccc2o1,1.23,1.68,0.0,0.52,1.0619
"5,10,15,20-Tetraphenylporphyrin",C1=Cc2nc1c(-c1ccccc1)c1ccc([nH]1)c(-c1ccccc1)c1nc(c(-c3ccccc3)c3ccc([nH]3)c2-c2ccccc2)C=C1,5.34,3.11,0.22,1.34,4.741
"N,N-Dimethyltert-butylamine",CN(C)C(C)(C)C,-0.1,0.18,0.0,0.73,1.0538
mepyramine,COc1ccc(CN(CCN(C)C)c2ccccn2)cc1,1.819,1.5,0.0,1.5,2.3868
3-Chloro-3-methylpentane,CCC(C)(Cl)CC,0.207,0.39,0.0,0.13,1.0764
"3,3'-Dichlorobenzidine",Nc1ccc(-c2ccc(N)c(Cl)c2)cc1Cl,2.25,1.93,0.2,0.72,1.7686
ethyl tert-pentyl ether,CCOC(C)(C)CC,-0.1,0.19,0.0,0.6,1.1536
2-chloro-4-phenylphenol,Oc1ccc(-c2ccccc2)cc1Cl,1.65,1.31,0.32,0.39,1.5053
"1,1,1,3,3,3-Hexafluoro-2-propanol",OC(C(F)(F)F)C(F)(F)F,-0.24,0.55,0.77,0.1,0.6962
m-Terphenyl,c1ccc(-c2cccc(-c3ccccc3)c2)cc1,1.95,1.39,0.0,0.35,1.932
"N,N-Dimethylsec-butylamine",CCC(C)N(C)C,0.03,0.18,0.0,0.71,1.0538
"2,3,4-Trimethylhexane",CCC(C)C(C)C(C)C,0.0,0.0,0.0,0.0,1.3767
"3,4-Dimethylheptane",CCCC(C)C(C)CC,0.0,0.0,0.0,0.0,1.3767
Naphthacene,c1ccc2cc3cc4ccccc4cc3cc2c1,2.847,1.7,0.0,0.29,1.8234
cis-3-Methylpent-2-ene,CC=C(C)CC,0.176,0.08,0.0,0.08,0.911
2-Methyloctan-3-one,CCCCCC(=O)C(C)C,0.1,0.61,0.0,0.52,1.3924
N-Nitrosodibutylamine,CCCCN(CCCC)N=O,0.3,0.98,0.0,0.64,1.4511
"2',6-Dihydroxyflavone",O=c1cc(-c2ccccc2O)oc2ccc(O)cc12,2.21,1.89,1.01,1.08,1.7871
Isobutyl nitrite,CCC(C)ON=O,0.057,0.31,0.0,0.31,0.8464
N-Nitrosomethylpropylamine,CCCN(C)N=O,0.36,1.05,0.0,0.6,0.8875
Methyl 3-methyl-2-butenoate,COC(=O)C=C(C)C,0.326,0.61,0.0,0.41,0.9854
Cyclohexylcyclohexane,C1CCC(C2CCCCC2)CC1,0.523,0.45,0.0,0.04,1.5822
Dipropyl succinate,CCCOC(=O)CCC(=O)OCCC,0.08,0.97,0.0,0.84,1.6664
Biphenyl,c1ccc(-c2ccccc2)cc1,1.36,0.99,0.0,0.26,1.3242
Propyl acrylate,C=CC(=O)OCCC,0.19,0.62,0.0,0.42,0.9854
Nonan-3-one,CCCCCCC(=O)CC,0.1,0.66,0.0,0.51,1.3924
Milnacipran,CCN(CC)C(=O)C1(c2ccccc2)CC1CN,1.3,1.61,0.16,1.47,2.0912
Propyl-t-butylsulfide,CCCSC(C)(C)C,0.319,0.28,0.0,0.48,1.2584
"4-Methylpenta-1,3-diene",C=CC=C(C)C,0.396,0.27,0.0,0.12,0.868
Dimethylpropylamine,CCCN(C)C,0.09,0.18,0.0,0.64,0.9129
Dimethylaminoacetonitrile,CN(C)CC#N,0.247,0.87,0.0,0.79,0.7858
4-Aminobiphenyl,Nc1ccc(-c2ccccc2)cc1,1.565,1.48,0.26,0.48,1.424
"3,5-Dimethylheptane",CCC(C)CC(C)CC,0.0,0.0,0.0,0.0,1.3767
4-Phenylphenol,Oc1ccc(-c2ccccc2)cc1,1.4,1.31,0.61,0.42,1.3829
"2,5-Diphenyl-1,3-oxazole",c1ccc(-c2cnc(-c3ccccc3)o2)cc1,1.64,1.33,0.0,0.4,1.7108
Undecan-6-one,CCCCCC(=O)CCCCC,0.083,0.66,0.0,0.51,1.6742
Dimethylbutylamine,CCCCN(C)C,0.085,0.18,0.0,0.65,1.0538
But-3-yn-1-ol,C#CCCO,0.402,0.64,0.45,0.59,0.6449
Phenazine,c1ccc2nc3ccccc3nc2c1,1.97,1.53,0.0,0.59,1.3722
Xanthene,c1ccc2c(c1)Cc1ccccc1O2,1.502,1.07,0.0,0.23,1.4152
"Hexan-1,5-diol",CC(O)CCCCO,0.376,0.93,0.72,0.95,1.0714
Phenothiazine,c1ccc2c(c1)Nc1ccccc1S2,1.89,1.56,0.31,0.3,1.4789
3-hexyne,CCC#CCC,0.224,0.3,0.0,0.15,0.868
4-Chlorobutan-1-ol,OCCCCCl,0.321,0.8,0.39,0.5,0.8533
Thianthrene,c1ccc2c(c1)Sc1ccccc1S2,2.24,1.39,0.0,0.36,1.5426
6-Methylheptan-2-one,CC(=O)CCCC(C)C,0.11,0.68,0.0,0.55,1.2515
"p,p'-biphenyldiamine",Nc1ccc(-c2ccc(N)cc2)cc1,1.88,1.96,0.2,1.0,1.5238
Decan-3-one,CCCCCCCC(=O)CC,0.1,0.67,0.0,0.52,1.5333
"4,4'-Dihydroxybiphenyl",Oc1ccc(-c2ccc(O)cc2)cc1,1.61,1.7,1.1,0.56,1.4416
Hex-5-yn-1-ol,C#CCCCCO,0.392,0.71,0.4,0.6,0.9267
trans-Hex-4-en-1-ol,CC=CCCCO,0.33,0.47,0.37,0.6,0.9697
cis-Hex-2-en-1-ol,CCCC=CCO,0.335,0.52,0.35,0.53,0.9697
trans-Hex-2-ene-1-ol,CCC/C=C/CO,0.325,0.52,0.35,0.53,0.9697
cis-Hex-3-en-1-ol,CCC=CCCO,0.335,0.56,0.29,0.57,0.9697
trans-Hex-3-en-1-ol,CCC=CCCO,0.33,0.48,0.37,0.59,0.9697
4-Acetylbiphenyl,CC(=O)c1ccc(-c2ccccc2)cc1,1.57,1.53,0.0,0.6,1.6217
p-Phenylbenzoic acid,O=C(O)c1ccc(-c2ccccc2)cc1,1.48,1.3,0.59,0.5,1.5395
4-Nitrobiphenyl,O=[N+]([O-])c1ccc(-c2ccccc2)cc1,1.66,1.49,0.0,0.39,1.4984
p-Terphenyl,c1ccc(-c2ccc(-c3ccccc3)cc2)cc1,1.95,1.43,0.0,0.35,1.932
"1,2-epoxy-3-butene",C=CC1CO1,0.341,0.62,0.0,0.39,0.5793
3-Methylfuran,Cc1ccoc1,0.366,0.5,0.0,0.14,0.6772
Chlorocyclopentane,ClC1CCCC1,0.41,0.46,0.0,0.1,0.8269
Cyclopenteneone,O=C1C=CCC1,0.535,1.07,0.0,0.56,0.6772
N-Methylpyrazole,Cn1cccn1,0.521,0.97,0.0,0.55,0.6772
2-Methoxynaphthalene,COc1ccc2ccccc2c1,1.39,1.13,0.0,0.33,1.285
N-Nitrosopyrrolidine,O=NN1CCCC1,0.572,1.47,0.0,0.62,0.7789
"3,4-Dimethoxybenzoic acid",COc1ccc(C(=O)O)cc1OC,0.95,1.65,0.57,0.75,1.3309
2-Acetonaphthone,CC(=O)c1ccc2ccccc2c1,1.5,1.4,0.0,0.57,1.3829
2-Naphthoic acid,O=C(O)c1ccc2ccccc2c1,1.46,1.21,0.61,0.44,1.3007
N-Methyl-d-valerolactam,CN1CCCCC1=O,0.525,0.93,0.0,0.84,0.9609
Methyleugenol,C=CCc1ccc(OC)c(OC)c1,0.939,1.02,0.0,0.65,1.4953
Phenylisocyanide,[C-]#[N+]c1ccccc1,0.75,0.9,0.0,0.23,0.8711
Methyl cyclohexyl ether,COC1CCCCC1,0.296,0.64,0.0,0.52,1.045
2-N-Methylaminopyrimidine,CNc1ncccn1,0.988,1.13,0.23,0.67,0.8749
2-Methoxypyrimidine,COc1ncccn1,0.7,1.08,0.0,0.67,0.8338
2-Ethoxynaphthalene,CCOc1ccc2ccccc2c1,1.39,1.13,0.0,0.39,1.4259
cis-Cyclooctene,C1=CCCCCCC1,0.46,0.24,0.0,0.1,1.0842
2-Isobutylquinoline,CC(C)Cc1ccc2ccccc2n1,1.28,0.8,0.0,0.57,1.6079
2-Methoxyphenylacetic acid,COc1ccccc1CC(=O)O,0.88,1.3,0.59,0.76,1.2722
1-Methylcyclooctene,CC1=CCCCCCC1,0.48,0.24,0.0,0.1,1.2251
"2,3,6-Trichlorophenol",Oc1c(Cl)ccc(Cl)c1Cl,1.01,0.88,0.62,0.15,1.1423
"2,7-Dimethylquinoline",Cc1ccc2ccc(C)nc2c1,1.32,0.93,0.0,0.57,1.3261
"2,3,5-Trichlorophenol",Oc1cc(Cl)cc(Cl)c1Cl,1.07,0.94,0.68,0.16,1.1423
"1,2-Dimethyl-3-ethylbenzene",CCc1cccc(C)c1C,0.742,0.61,0.0,0.19,1.28
Venlafaxine,COc1ccc(C(CN(C)C)C2(O)CCCCC2)cc1,1.31,1.3,0.32,1.52,2.3749
2-Chloro-2-phenylpropane,CC(C)(Cl)c1ccccc1,0.75,0.8,0.0,0.23,1.2615
"1,3-Dimethyl-5-ethylbenzene",CCc1cc(C)cc(C)c1,0.653,0.52,0.0,0.19,1.28
"1,2-Dimethyl-4-ethylbenzene",CCc1ccc(C)c(C)c1,0.685,0.56,0.0,0.19,1.28
2-Methoxy-4-methylphenol,COc1cc(C)ccc1O,0.85,0.85,0.34,0.61,1.1156
CDRI-81/470,COC(=O)Nc1nc2ccc(NC(=O)N3CCN(c4ccccn4)CC3)cc2[nH]1,3.05,3.89,0.95,2.25,2.839
2-Azacyclononanone,O=C1CCCCCCCN1,0.65,1.77,0.3,0.77,1.2427
1-Phenyl-1-propanol,CCC(O)c1ccccc1,0.775,0.82,0.3,0.63,1.1978
Ethyl phenyl ketone,CCC(=O)c1ccccc1,0.804,0.95,0.0,0.51,1.1548
Methyl benzoate,COC(=O)c1ccccc1,0.733,0.85,0.0,0.46,1.0726
"2,3,5,6-Tetrachlorophenol",Oc1c(Cl)c(Cl)cc(Cl)c1Cl,1.11,0.86,0.46,0.22,1.2647
Methyl 3-pyridinecarboxylate,COC(=O)c1cccnc1,0.71,1.13,0.0,0.71,1.0315
2-Methylcinnamaldehyde,Cc1ccccc1C=CC=O,1.33,1.33,0.0,0.59,1.2527
4-Ethylacetophenone,CCc1ccc(C(C)=O)cc1,0.854,1.0,0.0,0.53,1.2957
"2,4,5-Trichlorophenoxyacetic acid",O=C(O)COc1cc(Cl)c(Cl)cc1Cl,1.4,1.34,0.78,0.53,1.4985
"2,3,4,6-Tetrachloroanisole",COc1c(Cl)cc(Cl)c(Cl)c1Cl,1.31,0.95,0.0,0.11,1.4056
8-Methoxyquinoline,COc1cccc2cccnc12,1.41,1.24,0.0,0.65,1.2439
o-Ethoxybenzamide (AI-5),CCOc1ccccc1C(N)=O,0.914,1.51,0.49,0.8,1.3133
"2,3,4,5-Tetrachloroanisole",COc1cc(Cl)c(Cl)c(Cl)c1Cl,1.28,1.15,0.0,0.08,1.4056
Ethyl benzoate,CCOC(=O)c1ccccc1,0.689,0.85,0.0,0.46,1.2135
Benzoylacetone,CC(=O)CC(=O)c1ccccc1,0.766,0.99,0.01,0.58,1.3114
4-Phenylpyridine,c1ccc(-c2ccncc2)cc1,1.38,1.14,0.0,0.57,1.2831
1-Phenylethyl acetate,CC(=O)OC(C)c1ccccc1,0.69,1.11,0.0,0.63,1.3544
2-Ethylnaphthalene,CCc1ccc2ccccc2c1,1.33,0.75,0.0,0.25,1.3672
"1,3-Dimethyl-5-sec.-butylbenzene",CCC(C)c1cc(C)cc(C)c1,0.622,0.51,0.0,0.2,1.5618
Isopropyl benzoate,CC(C)OC(=O)c1ccccc1,0.66,0.76,0.0,0.48,1.3544
Fluvastatin,CC(C)n1c(C=CC(O)CC(O)CC(=O)O)c(-c2ccc(F)cc2)c2ccccc21,2.18,2.77,1.1,1.9,3.1297
N-Phenylbenzamide,O=C(Nc1ccccc1)c1ccccc1,1.758,1.87,0.42,0.73,1.5806
Phenyl benzoate,O=C(Oc1ccccc1)c1ccccc1,1.33,1.42,0.0,0.47,1.5395
4-Methyl-trans-cinnamic acid,Cc1ccc(C=CC(=O)O)cc1,1.14,0.99,0.57,0.57,1.3114
p-Methylphenoxyacetic acid,Cc1ccc(OCC(=O)O)cc1,0.91,0.93,0.71,0.76,1.2722
Hexachlorocyclotriphosphazene,ClP1(Cl)=NP(Cl)(Cl)=NP(Cl)(Cl)=N1,0.85,1.18,0.0,0.5,1.6476
Cicaprost,CCC#CCC(C)C(O)C#CC1C(O)CC2CC(=CCOCC(=O)O)CC21,1.4,1.8,1.2,2.02,3.0267
Ethyl 4-methylbenzoate,CCOC(=O)c1ccc(C)cc1,0.727,0.88,0.0,0.47,1.3544
Ethyl 4-aminobenzoate,CCOC(=O)c1ccc(N)cc1,1.03,1.31,0.31,0.69,1.3133
Prosulfuron,COc1nc(C)nc(NC(=O)NS(=O)(=O)c2ccccc2CCC(F)(F)F)n1,1.426,1.48,0.25,1.9,2.6543
n-Propyl 4-hydroxybenzoate,CCCOC(=O)c1ccc(O)cc1,0.9,1.45,0.74,0.43,1.4131
Isobutyl 4-aminobenzoate,CC(C)COC(=O)c1ccc(N)cc1,1.0,1.34,0.3,0.7,1.5951
Benzyl 4-hydroxybenzoate,O=C(OCc1ccccc1)c1ccc(O)cc1,1.456,1.95,0.69,0.56,1.7391
1-Acetonaphthone,CC(=O)c1cccc2ccccc12,1.517,1.41,0.0,0.54,1.3829
Chlorpropamide,CCCNC(=O)NS(=O)(=O)c1ccc(Cl)cc1,1.34,1.26,0.57,1.3,1.8986
Methyl 3-indolecarboxylate,COC(=O)c1c[nH]c2ccccc12,1.32,1.47,0.44,0.49,1.3026
Tetracaine,CCCCNc1ccc(C(=O)OCCN(C)C)cc1,1.1,1.76,0.17,1.17,2.2585
n-Butyl 4-aminobenzoate,CCCCOC(=O)c1ccc(N)cc1,1.01,1.35,0.3,0.68,1.5951
n-Butyl paraben,CCCCOC(=O)c1ccc(O)cc1,0.9,1.47,0.74,0.43,1.554
Hexanophenone,CCCCCC(=O)c1ccccc1,0.781,0.95,0.0,0.51,1.5775
Benzoylperoxide,O=C(OOC(=O)c1ccccc1)c1ccccc1,1.35,1.96,0.0,0.8,1.7548
Cyproconazole,CC(C1CC1)C(O)(Cn1cncn1)c1ccc(Cl)cc1,1.93,1.6,0.32,1.4,2.1618
Benzyl nicotinate,O=C(OCc1ccccc1)c1cccnc1,1.262,1.6,0.0,0.8,1.6393
Octyl benzoate,CCCCCCCCOC(=O)c1ccccc1,0.647,0.79,0.0,0.46,2.0589
Diphenyl sulfoxide,O=S(c1ccccc1)c1ccccc1,1.5,1.64,0.0,0.94,1.5464
Safrole,C=CCc1ccc2c(c1)OCO2,0.896,1.1,0.0,0.29,1.2458
Piperine,O=C(C=CC=Cc1ccc2c(c1)OCO2)N1CCCCC1,1.96,1.92,0.4,1.23,2.196
"6-Chloro-2,4-dinitrophenol",O=[N+]([O-])c1cc(Cl)c(O)c([N+](=O)[O-])c1,1.29,1.85,0.11,0.38,1.2459
2-Ethoxyphenol,CCOc1ccccc1O,0.861,0.89,0.22,0.58,1.1156
"2,4-Dichlorophenoxyacetic acid",O=C(O)COc1ccc(Cl)cc1Cl,1.21,1.36,0.77,0.63,1.3761
9-Aminophenanthrene,Nc1cc2ccccc2c2ccccc12,2.4,1.74,0.26,0.59,1.5542
Phenazopyridine,Nc1ccc(N=Nc2ccccc2)c(N)n1,2.03,1.87,0.47,1.02,1.6393
2-Phenylbenzoic acid,O=C(O)c1ccccc1-c1ccccc1,1.48,1.8,0.68,0.54,1.5395
N-Nitrosodicyclohexylamine,O=NN(C1CCCCC1)C1CCCCC1,0.5,1.28,0.0,0.74,1.7975
"2,4-DB",O=C(O)CCCOc1ccc(Cl)cc1Cl,1.2,1.3,0.55,0.64,1.6579
2-Phenylindole,c1ccc(-c2cc3ccccc3[nH]2)cc1,1.99,1.53,0.44,0.4,1.5542
Indene,C1=Cc2ccccc2C1,1.001,0.77,0.0,0.2,0.9875
1H-benzotriazole,c1ccc2[nH]nnc2c1,1.473,1.46,0.67,0.48,0.8642
Benzo[b]thiophene,c1ccc2sccc2c1,1.323,0.88,0.0,0.2,1.0101
2-Bromotoluene,Cc1ccccc1Br,0.923,0.72,0.0,0.09,1.0323
o-Xylene,Cc1ccccc1C,0.663,0.56,0.0,0.16,0.9982
o-Cresol,Cc1ccccc1O,0.84,0.86,0.52,0.3,0.916
2-Chlorotoluene,Cc1ccccc1Cl,0.762,0.65,0.0,0.07,0.9797
"1,2-Dichlorobenzene",Clc1ccccc1Cl,0.872,0.78,0.0,0.04,0.9612
2-Chloroaniline,Nc1ccccc1Cl,1.033,0.92,0.25,0.31,0.9386
2-Fluorotoluene,Cc1ccccc1F,0.491,0.57,0.0,0.1,0.875
o-Toluidine,Cc1ccccc1N,0.966,0.92,0.23,0.45,0.9571
o-Phenylenediamine,Nc1ccccc1N,1.26,1.4,0.24,0.73,0.916
2-Bromophenol,Oc1ccccc1Br,1.037,0.9,0.35,0.31,0.9501
2-Chlorophenol,Oc1ccccc1Cl,0.853,0.88,0.32,0.31,0.8975
"1,2,4-Trimethylbenzene",Cc1ccc(C)c(C)c1,0.677,0.56,0.0,0.19,1.1391
"3,4-Dimethylaniline",Cc1ccc(N)cc1C,0.96,0.97,0.2,0.49,1.098
"3,4-Dimethylphenol",Cc1ccc(O)cc1C,0.83,0.9,0.55,0.38,1.0569
"2,4-Dimethylaniline",Cc1ccc(N)c(C)c1,0.95,0.95,0.2,0.5,1.098
BT-2043,CC1COC2(CCN(c3nc(=O)c4cc(C(F)(F)F)cc([N+](=O)[O-])c4s3)CC2)O1,2.13,2.0,0.0,1.95,2.621
2-Chloro-p-xylene,Cc1ccc(C)c(Cl)c1,0.775,0.71,0.0,0.07,1.1206
"2,4-Dichlorotoluene",Cc1ccc(Cl)cc1Cl,0.921,0.74,0.0,0.03,1.1021
"3,4-Dichlorotoluene",Cc1ccc(Cl)c(Cl)c1,0.9,0.8,0.0,0.03,1.1021
Diphenamid,CN(C)C(=O)C(c1ccccc1)c1ccccc1,1.415,1.58,0.0,1.3,2.0033
"3,4-Dichloroaniline",Nc1ccc(Cl)c(Cl)c1,1.16,1.24,0.35,0.24,1.061
"3,4-Dichlorophenol",Oc1ccc(Cl)c(Cl)c1,1.02,1.24,0.93,0.0,1.0199
"2,5-Dimethylaniline",Cc1ccc(C)c(N)c1,0.962,0.93,0.2,0.48,1.098
5-Chloro-2-methylaniline,Cc1ccc(Cl)cc1N,1.076,1.09,0.27,0.38,1.0795
4-Methyl-m-phenylenediamine,Cc1ccc(N)cc1N,1.28,1.62,0.23,0.86,1.0569
"2,5-Dichloroaniline",Nc1cc(Cl)ccc1Cl,1.13,1.2,0.3,0.23,1.061
"2,5-Dimethylphenol",Cc1ccc(C)c(O)c1,0.84,0.83,0.5,0.38,1.0569
Diethyl oxalate,CCOC(=O)C(=O)OCC,0.135,0.85,0.0,0.8,1.1028
"1,2,4,5-Tetramethylbenzene",Cc1cc(C)c(C)cc1C,0.739,0.6,0.0,0.19,1.28
"1,2,4,5-Tetrachlorobenzene",Clc1cc(Cl)c(Cl)cc1Cl,1.16,0.86,0.0,0.0,1.206
Endosulfan I,O=S1OC[C@@H]2[C@H](CO1)[C@@]1(Cl)C(Cl)=C(Cl)[C@]2(Cl)C1(Cl)Cl,2.23,0.93,0.0,0.99,2.0819
Allyl methacrylate,C=CCOC(=O)C(=C)C,0.29,0.57,0.0,0.54,1.0833
"1,2-Dibromo-3-chloropropane",ClCC(Br)CBr,0.73,0.88,0.0,0.14,1.0037
3-Methylpentane,CCC(C)CC,0.0,0.0,0.0,0.0,0.954
2-Methylbutanal,CCC(C)C=O,0.144,0.62,0.0,0.45,0.8288
"1,2,3-Trichloropropane",ClCC(Cl)CCl,0.547,0.65,0.03,0.31,0.8985
Pentan-3-one,CCC(=O)CC,0.154,0.66,0.0,0.51,0.8288
"1,3-Dichloropropanol",OC(CCl)CCl,0.546,0.69,0.42,0.6,0.8348
"3-Chloropropan-1,2-diol",OCC(O)CCl,0.536,0.83,0.65,0.74,0.7711
Butanone oxime,CC/C(C)=N/O,0.383,0.71,0.35,0.56,0.7877
"1,3-Dimethylurea",CNC(=O)NC,0.44,0.95,0.45,0.84,0.7466
Methyl acrylate,C=CC(=O)OC,0.254,0.66,0.0,0.42,0.7036
Methylcyclopentane,CC1CCCC1,0.225,0.1,0.0,0.0,0.8454
Cyclopentanol,OC1CCCC1,0.427,0.54,0.26,0.57,0.7632
2-Methyltetrahydrofuran,CC1CCCO1,0.241,0.48,0.0,0.53,0.7632
gamma-Butyrolactone,O=C1CCCO1,0.387,1.39,0.0,0.59,0.638
Ethylene carbonate,O=C1OCCO1,0.381,1.25,0.0,0.58,0.5558
N-Methylpyrrole,Cn1cccc1,0.559,0.79,0.0,0.31,0.7183
"1,2,2-Trimethylpropylmethylphosphonofluoridate",CC(OP(C)(=O)F)C(C)(C)C,-0.106,0.72,0.0,0.86,1.4346
Citral a,CC(C)=CCCC(C)=CC=O,0.594,0.83,0.0,0.57,1.4473
Citral a,CC(C)=CCCC(C)=CC=O,0.61,0.83,0.0,0.53,1.4473
Iopanoic acid,CCC(Cc1c(I)cc(I)c(N)c1I)C(=O)O,2.8,2.5,0.87,0.98,2.3697
Mepivacaine,Cc1cccc(C)c1NC(=O)C1CCCCN1C,1.32,2.14,0.34,1.33,2.0912
"2,4-Dinitro-6-aminophenol",Nc1cc([N+](=O)[O-])cc([N+](=O)[O-])c1O,1.75,1.85,0.21,0.8,1.2233
5-Nitrosalicylic acid,O=C(O)c1cc([N+](=O)[O-])ccc1O,1.33,1.23,0.82,0.47,1.1646
4-Methyl-3-nitrobenzoic acid,Cc1ccc(C(=O)O)cc1[N+](=O)[O-],0.99,1.18,0.66,0.53,1.2468
4-Chloro-3-nitrobenzoic acid,O=C(O)c1ccc(Cl)c([N+](=O)[O-])c1,1.25,1.47,0.7,0.44,1.2283
"1-Chloro-2,4-dinitrobenzene",O=[N+]([O-])c1ccc(Cl)c([N+](=O)[O-])c1,1.28,1.63,0.0,0.42,1.1872
"2,4-Dinitroaniline",Nc1ccc([N+](=O)[O-])cc1[N+](=O)[O-],1.44,1.78,0.3,0.46,1.1646
Sulfosalicylic acid,O=C(O)c1cc(S(=O)(=O)O)ccc1O,1.16,2.65,0.64,1.14,1.33
Topiramate,CC1(C)OC2COC3(COS(N)(=O)=O)OC(C)(C)OC3C2O1,1.39,1.9,0.44,2.1,2.2065
4-Allyl-2-methoxyphenol,C=CCc1ccc(O)c(OC)c1,0.946,0.98,0.26,0.65,1.3544
Isoeugenol,C/C=C/c1ccc(O)c(OC)c1,1.14,0.95,0.31,0.54,1.3544
2-Methylpentanoic acid,CCCC(C)C(=O)O,0.178,0.59,0.61,0.45,1.0284
Ethyl isobutanoate,CCOC(=O)C(C)C,0.034,0.55,0.0,0.47,1.0284
Ethyl methacrylate,C=C(C)C(=O)OCC,0.2,0.49,0.0,0.45,0.9854
Ethyl lactate,CCOC(=O)C(C)O,0.205,0.68,0.2,0.76,0.9462
Disulfiram,CCN(CC)C(=S)SSC(=S)N(CC)CC,2.12,1.92,0.0,1.19,2.2852
Isobutyl isobutanoate,CC(C)COC(=O)C(C)C,0.0,0.5,0.0,0.47,1.3102
Isobutyl methacrylate,C=C(C)C(=O)OCC(C)C,0.143,0.46,0.0,0.51,1.2672
Butyl isobutanoate,CCCCOC(=O)C(C)C,0.01,0.53,0.0,0.47,1.3102
n-Butyl methacrylate,C=C(C)C(=O)OCCCC,0.171,0.49,0.0,0.45,1.2672
2-ethyl-1-butanol,CCC(CC)CO,0.231,0.39,0.37,0.48,1.0127
2-ethylbutanal,CCC(C=O)CC,0.143,0.62,0.0,0.45,0.9697
Furfuryl alcohol,OCc1ccco1,0.557,0.78,0.39,0.63,0.7359
Furfural,O=Cc1ccco1,0.69,1.13,0.0,0.45,0.6929
2-Formylthiophene,O=Cc1cccs1,1.028,1.16,0.0,0.4,0.7977
tert-Butylbenzene,CC(C)(C)c1ccccc1,0.619,0.49,0.0,0.18,1.28
Benzotrichloride,ClC(Cl)(Cl)c1ccccc1,1.005,0.84,0.0,0.23,1.2245
Benzotrifluoride,FC(F)(F)c1ccccc1,0.225,0.49,0.0,0.05,0.9104
Benzenesulfonamide,NS(=O)(=O)c1ccccc1,1.13,1.56,0.55,0.86,1.0971
Benzenesulfonic acid,O=S(=O)(O)c1ccccc1,0.87,2.29,0.31,0.95,1.056
3-Trifluoromethylaniline,Nc1cccc(C(F)(F)F)c1,0.534,0.93,0.36,0.23,1.0102
3-Trifluoromethylphenol,Oc1cccc(C(F)(F)F)c1,0.425,0.51,0.85,0.15,0.9691
3-Aminobenzenesulfonamide,Nc1cccc(S(N)(=O)=O)c1,1.475,2.0,0.66,1.15,1.1969
"1,3-Dimethyl-5-tert.-butylbenzene",Cc1cc(C)cc(C(C)(C)C)c1,0.665,0.55,0.0,0.22,1.5618
Finasteride,CC(C)(C)NC(=O)C1CCC2C3CCC4NC(=O)C=CC4(C)C3CCC12C,1.77,3.14,0.7,1.67,3.1029
4-tert.-Butyltoluene,Cc1ccc(C(C)(C)C)cc1,0.62,0.5,0.0,0.19,1.4209
4-tert-Butylphenol,CC(C)(C)c1ccc(O)cc1,0.81,0.91,0.56,0.4,1.3387
alpha--Terpineol,CC1=CCC(C(C)(C)O)CC1,0.553,0.61,0.2,0.7,1.4247
4-chlorobenzotrifluoride,FC(F)(F)c1ccc(Cl)cc1,0.53,0.58,0.0,0.01,1.0328
4-Chlorobenzenesulfonamide,NS(=O)(=O)c1ccc(Cl)cc1,1.27,1.45,0.65,0.81,1.2195
4-tert-Butylbenzoic acid,CC(C)(C)c1ccc(C(=O)O)cc1,0.73,0.84,0.59,0.41,1.4953
Isopropylbenzene,CC(C)c1ccccc1,0.602,0.49,0.0,0.16,1.1391
a-Methylstyrene,C=C(C)c1ccccc1,0.85,0.64,0.0,0.21,1.0961
1-Phenylethanol,CC(O)c1ccccc1,0.784,0.83,0.3,0.66,1.0569
Acetophenone,CC(=O)c1ccccc1,0.818,1.01,0.0,0.48,1.0139
Benzal chloride,ClC(Cl)c1ccccc1,0.916,0.81,0.1,0.22,1.1021
Cyclohexanecarboxylic acid,O=C(O)C1CCCCC1,0.432,0.88,0.55,0.43,1.0607
Nicotinamide,NC(=O)c1cccnc1,1.01,1.09,0.63,1.0,0.9317
"N,N-Dimethylcyclohexylamine",CN(C)C1CCCCC1,0.37,0.3,0.0,0.76,1.227
Nitrobenzene,O=[N+]([O-])c1ccccc1,0.871,1.11,0.0,0.28,0.8906
m-Chloroacetophenone,CC(=O)c1cccc(Cl)c1,0.924,1.07,0.0,0.4,1.1363
3-Amino acetophenone,CC(=O)c1cccc(N)c1,1.23,1.45,0.3,0.58,1.1137
3-Methylbenzoic acid,Cc1cccc(C(=O)O)c1,0.73,0.89,0.6,0.4,1.0726
3-Aminobenzoic acid,Nc1cccc(C(=O)O)c1,1.075,1.66,0.96,0.67,1.0315
3-Hydroxybenzoic acid,O=C(O)c1cccc(O)c1,0.91,0.66,0.88,0.64,0.9904
3-Nitrotoluene,Cc1cccc([N+](=O)[O-])c1,0.874,1.1,0.0,0.25,1.0315
3-Nitroaniline,Nc1cccc([N+](=O)[O-])c1,1.2,1.71,0.4,0.35,0.9904
"3,5-Dihydroxybenzoic acid",O=C(O)c1cc(O)cc(O)c1,1.14,1.33,1.56,0.72,1.0491
"1,3-Dimethyl-5-nitrobenzene",Cc1cc(C)cc([N+](=O)[O-])c1,0.885,1.12,0.0,0.29,1.1724
Propanetricarboxylic acid,O=C(O)CC(CC(=O)O)C(=O)O,0.63,1.52,1.46,1.11,1.1772
Nebivolol,OC(CNCC(O)C1CCc2cc(F)ccc2O1)C1CCc2cc(F)ccc2O1,2.23,1.45,0.47,1.96,2.886
"2-(6-Oxido-6H-dibenz[c,e][1,2]oxaphosphorin-6-yl)-1,4-dihydroxyphenylene",O=P1(c2cc(O)ccc2O)Oc2ccccc2-c2ccccc21,2.87,2.21,0.6,1.26,2.2628
"2,6-dibromo-4-nitrophenol",O=[N+]([O-])c1cc(Br)c(O)c(Br)c1,1.56,1.76,0.71,0.15,1.2993
Methylphosphonic acid,CP(=O)(O)O,0.56,1.52,1.7,0.74,0.6302
Inaperisone,CCc1ccc(C(=O)C(C)CN2CCCC2)cc1,1.074,1.35,0.0,0.94,2.1323
"3,5-dinitrobenzoic acid",O=C(O)c1cc([N+](=O)[O-])cc([N+](=O)[O-])c1,1.25,1.63,0.7,0.59,1.2801
"1,3,5-trinitrobenzene",O=[N+]([O-])c1cc([N+](=O)[O-])cc([N+](=O)[O-])c1,1.43,2.43,0.0,0.55,1.239
Methyl 3-methylbenzoate,COC(=O)c1cccc(C)c1,0.754,0.88,0.0,0.47,1.2135
tert-amyl methyl ether,CCC(C)(C)OC,0.05,0.25,0.0,0.54,1.0127
3-Ethylbenzenesulfonamide,CCc1cccc(S(N)(=O)=O)c1,1.13,1.5,0.55,0.9,1.3789
Carveol,C=C(C)C1CC=C(C)C(O)C1,0.655,0.74,0.31,0.68,1.3817
Carvone,C=C(C)C1CC=C(C)C(=O)C1,0.674,0.86,0.0,0.57,1.3387
"3,4-Dihydroxybenzoic acid",O=C(O)c1ccc(O)c(O)c1,1.14,1.29,1.22,0.7,1.0491
"1,2-Dimethyl-4-nitrobenzene",Cc1ccc([N+](=O)[O-])cc1C,0.92,1.12,0.0,0.29,1.1724
2-Methyl-4-nitroaniline,Cc1cc([N+](=O)[O-])ccc1N,1.22,1.91,0.42,0.36,1.1313
2-Methyl-4-nitrophenol,Cc1cc([N+](=O)[O-])ccc1O,1.1,1.6,0.78,0.25,1.0902
"3,4-Dichloronitrobenzene",O=[N+]([O-])c1ccc(Cl)c(Cl)c1,1.168,1.45,0.0,0.12,1.1354
6-Methyl-3-nitroaniline,Cc1ccc([N+](=O)[O-])cc1N,1.2,1.72,0.34,0.4,1.1313
4-Methoxy-3-bromobenzoic acid,COc1ccc(C(=O)O)cc1Br,1.12,1.34,0.62,0.47,1.3063
Ondansetron,Cc1nccn1CC1CCc2c(c3ccccc3n2C)C1=O,2.644,2.09,0.0,1.53,2.2675
3-Nitrobenzaldehyde,O=Cc1cccc([N+](=O)[O-])c1,1.1,1.49,0.0,0.48,1.0472
"1,3-Diisopropylbenzene",CC(C)c1cccc(C(C)C)c1,0.605,0.46,0.0,0.2,1.5618
Dimethylisopropylamine,CC(C)N(C)C,0.107,0.18,0.0,0.72,0.9129
"1,3-Dinitrobenzene",O=[N+]([O-])c1cccc([N+](=O)[O-])c1,1.15,1.6,0.0,0.47,1.0648
Buckminsterfullerene,c12c3c4c5c1c1c6c7c2c2c8c3c3c9c4c4c%10c5c5c1c1c6c6c%11c7c2c2c7c8c3c3c8c9c4c4c9c%10c5c5c1c1c6c6c%11c2c2c7c3c3c8c4c4c9c5c1c1c6c2c3c41,1.873,1.48,0.0,0.54,3.906
2-Bromo-1-(4-bromophenyl)ethanone,O=C(CBr)c1ccc(Br)cc1,1.35,1.61,0.0,0.44,1.3639
Methyl 4-methylbenzoate,COC(=O)c1ccc(C)cc1,0.73,0.88,0.0,0.47,1.2135
Methyl paraben,COC(=O)c1ccc(O)cc1,0.93,1.46,0.71,0.46,1.1313
Ethyl 4-nitrobenzoate,CCOC(=O)c1ccc([N+](=O)[O-])cc1,0.95,1.38,0.0,0.61,1.3877
a-Bromo-4-nitroacetophenone,O=C(CBr)c1ccc([N+](=O)[O-])cc1,1.28,1.95,0.0,0.64,1.3631
alpha-Phellandrene,CC1=CCC(C(C)C)C=C1,0.497,0.25,0.0,0.22,1.323
β-Terpinene,C=C1CC=C(C(C)C)CC1,0.522,0.29,0.0,0.22,1.323
gamma-Terpinene,CC1=CCC(C(C)C)=CC1,0.522,0.29,0.0,0.22,1.323
alpha-Terpinene,CC1=CC=C(C(C)C)CC1,0.526,0.25,0.0,0.23,1.323
4-Isopropyltoluene,Cc1ccc(C(C)C)cc1,0.607,0.49,0.0,0.19,1.28
4-Isopropylaniline,CC(C)c1ccc(N)cc1,0.922,0.87,0.23,0.54,1.2389
4'-Bromoacetophenone,CC(=O)c1ccc(Br)cc1,1.1,1.19,0.0,0.45,1.1889
p-Chloroacetophenone,CC(=O)c1ccc(Cl)cc1,0.955,1.09,0.0,0.44,1.1363
p-Aminoacetophenone,CC(=O)c1ccc(N)cc1,1.19,1.47,0.32,0.65,1.1137
4'-Hydroxyacetophenone,CC(=O)c1ccc(O)cc1,1.01,1.5,0.79,0.52,1.0726
4-Methylbenzoic acid,Cc1ccc(C(=O)O)cc1,0.73,0.93,0.63,0.44,1.0726
2-Hydroxypropyl acrylate,C=CC(=O)OCC(C)O,0.44,0.82,0.23,0.9,1.0441
4-Hydroxybenzoic acid,O=C(O)c1ccc(O)cc1,0.93,0.9,0.81,0.56,0.9904
"4-Methyl-N,N-dimethylaniline",Cc1ccc(N(C)C)cc1,0.94,0.83,0.0,0.43,1.2389
4-Nitrotoluene,Cc1ccc([N+](=O)[O-])cc1,0.87,1.11,0.0,0.28,1.0315
"5,8-Dihydroxyisoflavone",O=c1c(-c2ccccc2)coc2c(O)ccc(O)c12,2.06,2.01,0.56,0.84,1.7871
Propylhexylsulfide,CCCCCCSCCC,0.338,0.34,0.0,0.36,1.5402
"6,7-Dimethylbenzo[b]thiophene",Cc1ccc2ccsc2c1C,1.32,0.85,0.0,0.21,1.2919
N'-[(1E)-1-{3-[(Dibenzylamino)methyl]-2-hydroxyphenyl}ethylidene]isonicotinohydrazide,CC(=NNC(=O)c1ccncc1)c1cccc(CN(Cc2ccccc2)Cc2ccccc2)c1O,3.24,3.03,0.75,2.16,3.6749
"2,2-Difluoro-4,4-bis(trifluoromethyl)oxetane",FC1(F)CC(C(F)(F)F)(C(F)(F)F)O1,-0.434,0.08,0.0,0.08,0.9048
Ethyl 2-pentenoate,CCC=CC(=O)OCC,0.201,0.5,0.0,0.46,1.1263
"2-N,N-Dimethylamidopyrazine",CN(C)C(=O)c1cnccn1,0.969,1.63,0.0,1.21,1.1724
Hexyl 2-methylpentanoate,CCCCCCOC(=O)C(C)CCC,0.012,0.48,0.0,0.47,1.8738
tert-Pentyl hexanoate,CCCCCC(=O)OC(C)(C)CC,-0.15,0.5,0.0,0.47,1.7329
6-Methyl-8-hydroxyquinoline,Cc1cc(O)c2ncccc2c1,1.4,1.18,0.0,0.58,1.2439
Ethyl cis-2-octenoate,CCCCCC=CC(=O)OCC,0.176,0.5,0.0,0.46,1.549
Propyl 2-methylpentanoate,CCCOC(=O)C(C)CCC,0.058,0.49,0.0,0.47,1.4511
2-(4-Ethylcyclohexyl)ethanal,CCC1CCC(CC=O)CC1,0.41,0.73,0.0,0.44,1.4247
BSP,O=C(CCCN1CCC2(CC1)C(=O)NCN2c1ccc(Br)cc1)c1ccc(F)cc1,2.66,2.95,0.24,1.89,3.1804
{[4‐(carboxymethyl)phenyl]formamido}acetic acid,O=C(O)CNC(=O)c1ccc(CC(=O)O)cc1,1.4,2.85,1.8,1.28,1.6852
3-Hydroxypentanophenone,CCCCC(=O)c1cccc(O)c1,1.0,1.32,0.77,0.56,1.4953
N-Ethylcarbamazepine,CCNC(=O)N1c2ccccc2C=Cc2ccccc21,2.0,2.1,0.3,0.87,2.0924
4-Cyclohexylmethyloxyphenol,Oc1ccc(OCC2CCCCC2)cc1,0.999,1.27,0.55,0.47,1.7115
Ethyl 3-decenoate,CCCCCCC=CCC(=O)OCC,0.144,0.68,0.0,0.55,1.8308
N-Methyl-N2-[(4-methylphenyl)acetyl]glycinamide,CNC(=O)CNC(=O)Cc1ccc(C)cc1,1.1,2.5,0.36,1.38,1.7928
2-Hydroxybenzotriazole,On1nnc2ccccc21,1.626,1.47,0.82,0.71,0.9229
"1,3-Dimethyl-2-sec-butylbenzene",CCC(C)c1c(C)cccc1C,0.726,0.6,0.0,0.2,1.5618
"2,5-Dihydroxyisoflavone",O=c1c(-c2ccccc2)c(O)oc2cccc(O)c12,2.09,2.01,0.52,0.89,1.7871
N-Nitroso-N-methyl-2-phenethylamine,CN(CCc1ccccc1)N=O,1.0,1.55,0.0,0.65,1.3544
2-(4-Chlorophenoxy)-N'-isonicotinoylethanehydrazonamide,NC(COc1ccc(Cl)cc1)=NNC(=O)c1ccncc1,2.14,2.09,0.55,1.58,2.159
2-tert-Octyl-6-cyclohexylphenol,CCCCCC(C)(C)c1cccc(C2CCCCC2)c1O,0.997,0.94,0.32,0.61,2.6391
2-Methyl-4-ethylaniline,CCc1ccc(N)c(C)c1,0.97,0.91,0.21,0.52,1.2389
Ethyl 4-decenoate,CCCCCC=CCCC(=O)OCC,0.144,0.68,0.0,0.55,1.8308
2‐(2‐{2‐[(4‐methylphenyl)formamido]propanamido}propanamido)propanoic acid,Cc1ccc(C(=O)NC(C)C(=O)NC(C)C(=O)NC(C)C(=O)O)cc1,1.9,4.45,1.5,1.8,2.6872
Docosanyl acetate,CCCCCCCCCCCCCCCCCCCCCCOC(C)=O,-0.01,0.6,0.0,0.45,3.5646
"6,9-Bis(butylcarbonyloxymethyl)mercaptopurine",CCCCC(=O)OCSc1ncnc2ncn(COC(=O)CCCC)c12,1.9,2.5,0.0,1.68,2.8262
4-Hydroxy-2-phenyl-N-methylethylamine,CNCCc1ccc(O)cc1,0.97,1.23,0.62,0.98,1.2976
"2-Isopropyl-3,5-dimethylphenol",Cc1cc(C)c(C(C)C)c(O)c1,0.84,0.8,0.52,0.44,1.4796
Pentyloctylsulfide,CCCCCCCCSCCCCC,0.313,0.34,0.0,0.36,2.1038
1-Butoxy-2-methoxypropane,CCCCOCC(C)OC,0.003,0.71,0.0,0.79,1.3532
o-Bromo-3-phenyl-1-methylurea,CNC(=O)Nc1ccccc1Br,1.195,1.42,0.75,0.83,1.3885
7-Propylcarbonyloxymethyltheophylline,CCCC(=O)OCn1cnc2c1c(=O)n(C)c(=O)n2C,1.93,2.34,0.0,1.66,2.0012
7-t-Butylcarbonyloxymethyltheophylline,Cn1c(=O)c2c(ncn2COC(=O)C(C)(C)C)n(C)c1=O,1.93,2.29,0.0,1.73,2.1421
"2,4-Dimethylbenzo[b]thiophene",Cc1cc2c(C)cccc2s1,1.32,0.85,0.0,0.2,1.2919
trans-N-Acetyl-4-n-hexylcylohexylamine,CCCCCCC1CCC(NC(C)=O)CC1,0.46,1.4,0.4,0.74,2.0881
cis-N-Acetyl-4-n-hexylcylohexylamine,CCCCCCC1CCC(NC(C)=O)CC1,0.48,1.4,0.4,0.74,2.0881
"1,3,6,7-Tetramethyldibenzothiophene",Cc1cc(C)c2c(c1)sc1c(C)c(C)ccc12,1.96,1.18,0.0,0.25,1.9427
"4-methoxy-2-phenyl-N,N-dimethylethylamine",COc1ccc(CCN(C)C)cc1,0.84,1.07,0.0,0.99,1.5794
"trans-4,4-Dimethypent-2-ene",CC=CC(C)(C)C,0.085,0.07,0.0,0.12,1.0519
4'-Hydroxyisoflavone,O=c1c(-c2ccc(O)cc2)coc2ccccc12,2.0,1.79,0.69,0.91,1.7284
7-Methylcarbonyloxymethyltheophylline,CC(=O)OCn1cnc2c1c(=O)n(C)c(=O)n2C,1.93,2.34,0.0,1.65,1.7194
16a-Fluoro-11b-ethylestradiol,CCC1CC2(C)C(O)C(F)CC2C2CCc3cc(O)ccc3C12,2.04,2.05,0.86,1.14,2.4983
2-Hydrazinoisonicotino-hydrazide,NNC(=O)c1ccnc(NN)c1,1.69,2.04,0.8,1.2,1.2311
"2,4-Dimethyldibenzothiophene",Cc1cc(C)c2sc3ccccc3c2c1,1.96,1.18,0.0,0.21,1.6609
"4,7-Dimethylbenzo[b]thiophene",Cc1ccc(C)c2sccc12,1.32,0.85,0.0,0.2,1.2919
"6,7-Dihydro-4H-pyrido[1,2-a]pyrimidin-4-one",O=c1ccnc2n1CCC=C2,1.23,1.32,0.0,1.15,1.1049
Butyl urethan,CCCCNC(=O)OCC,0.213,0.87,0.24,0.63,1.2691
3-Ethylcarbonyloxymethyl-5-fluorouracil,CCC(=O)OCn1c(=O)[nH]cc(F)c1=O,0.86,1.7,0.3,1.1,1.4073
4-Methylpent-2-yl acetate,CC(=O)OCC#CC(C)C,0.27,0.71,0.0,0.65,1.2242
"1,13-Tridecanedioc acid",O=C(O)CCCCCCCCCCCCCC(=O)O,0.324,1.42,1.14,0.9,2.3709
Cortisone-21-pentanoate,CCCCC(=O)OCC(=O)C1(O)CCC2C3CCC4=CC(=O)CCC4(C)C3C(=O)CC21C,1.76,3.65,0.21,2.13,3.4748
"4,2'-Diaminodiphenylsulfone",Nc1ccc(S(=O)(=O)c2ccccc2N)cc1,2.21,2.56,0.38,1.15,1.8047
"m-Bromo-1-phenyl-3,3-dimethylurea",CN(C)C(=O)Nc1cccc(Br)c1,1.223,1.63,0.41,0.8,1.5294
N-Butanoylstobadine,CCCC(=O)N1c2ccc(C)cc2C2CN(C)CCC21,1.56,1.37,0.0,1.3,2.2644
Tetradecyl trichloroacetate,CCCCCCCCCCCCCCOC(=O)C(Cl)(Cl)Cl,0.245,0.72,0.0,0.35,2.8046
N'-(E)-(4-Phenoxybenzylidene)isonicotinohydrazide,O=C(NN=Cc1ccc(Oc2ccccc2)cc1)c1ccncc1,2.34,2.38,0.33,1.26,2.4037
2-Benzoxyphenol,Oc1ccccc1OCc1ccccc1,1.392,1.2,0.2,0.74,1.5825
1-Methylaminocarbonyl-5-fluorouracil,CNC(=O)n1cc(F)c(=O)[nH]c1=O,1.13,1.85,0.39,0.94,1.1666
JG-16,COC(=O)C1=C(C)NC(C)=C(C(=O)OC)C1c1cc([N+](=O)[O-])ccc1OCCCC(C)(C)NCC(O)COc1ccccc1C#N,3.24,3.6,0.8,3.65,4.801
"1,1,1,2,2,3,3,4,5,6,6,6-Dodecafluorohexane",FC(C(F)C(F)(F)C(F)(F)C(F)(F)F)C(F)(F)F,-1.176,-0.05,0.1,0.19,1.1664
trans-1-Isopropyl-4-methylcyclohexane,CC1CCC(C(C)C)CC1,0.224,0.11,0.0,0.0,1.409
"9-Methylnaphtho[2,1-b]thiophene",Cc1cccc2ccc3sccc3c12,2.03,1.22,0.0,0.26,1.52
4-t-Butylphenylcarbamate,CC(C)(C)c1ccc(OC(N)=O)cc1,0.9,1.56,0.65,0.65,1.5951
p-Trifluoromethylphenylurea,NC(=O)Nc1ccc(C(F)(F)F)cc1,0.71,1.38,0.88,0.47,1.2666
"2',7-Dihydroxyisoflavone",O=c1c(-c2ccccc2O)coc2cc(O)ccc12,2.21,1.78,1.33,1.22,1.7871
Ethyl-t-pentylsulfide,CCSC(C)(C)CC,0.319,0.28,0.0,0.48,1.2584
SKB32,O=S(=O)(NCCCOc1cccc(CN2CCCCC2)c1)c1ccccc1,2.109,3.3,0.47,1.57,3.0229
4-Tridecylaniline,CCCCCCCCCCCCCc1ccc(N)cc1,0.872,0.96,0.23,0.46,2.6479
"2-Methylnaphtho[2,1-b]thiophene",Cc1cc2c(ccc3ccccc32)s1,2.03,1.22,0.0,0.26,1.52
N-Methyl-N-ethylphenylcarbamate,CCN(C)C(=O)Oc1ccccc1,0.85,1.51,0.0,0.72,1.4542
"1,4-Diisopentybenzene",CCC(C)Cc1ccc(CC(C)CC)cc1,0.56,0.51,0.0,0.25,2.1254
Indomethacin ethyl ether,CCOC(=O)Cc1c(C)n(C(=O)c2ccc(Cl)cc2)c2ccc(OC)cc12,2.34,2.35,0.0,1.32,2.8117
"N-4-Octylphenyl-3,5-dinitrocarbothiamide",CCCCCCCCc1ccc(NC(=S)c2cc([N+](=O)[O-])cc([N+](=O)[O-])c2)cc1,2.45,3.28,0.35,0.75,3.161
JG-15,CC(C)C(=O)NCCC(O)COc1ccccc1,1.05,1.5,0.68,1.67,2.0765
2-Methylpyrazine-5-CO2Me,COC(=O)c1cnc(C)cn1,0.75,1.56,0.0,0.87,1.1313
"2-(2-Aminoethyl)-imidazo[1,2-a]pyridine",NCCc1cn2ccccc2n1,1.39,1.65,0.16,1.24,1.2869
"4-Amino-2',4',6'-trimethyldiphenylsulfone",Cc1cc(C)c(S(=O)(=O)c2ccc(N)cc2)c(C)c1,1.88,2.75,0.48,0.98,2.1276
"2-(3,4-Dimethoxyphenyl)-5-(3-methoxypropyl)benzofuran",COCCCc1ccc2oc(-c3ccc(OC)c(OC)c3)cc2c1,1.78,1.95,0.0,1.19,2.5346
"N,N-Dimethyltert-pentylamine",CCC(C)(C)N(C)C,-0.1,0.18,0.0,0.73,1.1947
"3',8-Dihydroxyisoflavone",O=c1c(-c2cccc(O)c2)coc2c(O)cccc12,2.15,1.88,1.19,1.19,1.7871
2-Chloropyrazine-5-CO2Me,COC(=O)c1cnc(Cl)cn1,0.85,1.65,0.0,0.75,1.1128
5-(3-Methylbutenyl)-5-methylbarbital,CC(C)=CCC1(C)C(=O)NC(=O)NC1=O,1.16,1.2,0.49,1.28,1.6127
"N,N-Dimethyl-2-furamide",CN(C)C(=O)c1ccco1,0.81,1.1,0.0,0.89,1.0745
"1,4,7-Trimethyldibenzothiophene",Cc1ccc2c(c1)sc1c(C)ccc(C)c12,1.96,1.18,0.0,0.22,1.8018
"3,7,12,18-tetraethyl-2,8,13,17-tetramethyl-21,22-dihydroporphyrin",CCC1=C(C)c2cc3[nH]c(cc4nc(cc5[nH]c(cc1n2)c(C)c5CC)C(CC)=C4C)c(CC)c3C,2.73,2.35,0.31,1.07,4.0006
"1,2-Dimethyl-4-isobutylbenzene",Cc1ccc(CC(C)C)cc1C,0.652,0.54,0.0,0.23,1.5618
5-(Butoxymethyl)-8-hydroxyquinoline,CCCCOCc1ccc(O)c2ncccc12,1.44,1.04,0.0,1.01,1.8662
tert-Butyl hexanoate,CCCCCC(=O)OC(C)(C)C,-0.15,0.5,0.0,0.48,1.592
5-Ethyl-5-(3-pentyl)barbital,CCC(CC)C1(CC)C(=O)NC(=O)NC1=O,1.03,1.11,0.47,1.23,1.7966
Isopentyl 3-methyl-2-butanoate,CC(C)=CC(=O)OCCC(C)C,0.2,0.55,0.0,0.5,1.549
Propyl pentadecanoate,CCCCCCCCCCCCCCC(=O)OCCC,-0.01,0.56,0.0,0.45,2.7192
"4-Amino-2',4'-dimethoxydiphenylsulfone",COc1ccc(S(=O)(=O)c2ccc(N)cc2)c(OC)c1,2.09,2.95,0.24,1.32,2.1041
BMSP,CN1CN(c2ccc(Br)cc2)C2(CCN(CCCC(=O)c3ccc(F)cc3)CC2)C1=O,2.57,3.41,0.0,2.0,3.3213
N-4-Octylphenylbenzothiamide,CCCCCCCCc1ccc(NC(=S)c2ccccc2)cc1,1.91,2.28,0.35,0.66,2.8126
"2,6,7-Trimethyldibenzothiophene",Cc1ccc2sc3c(C)c(C)ccc3c2c1,1.96,1.18,0.0,0.23,1.8018
4-Methyl-5-nitro-m-phenylenediamine,Cc1c(N)cc(N)cc1[N+](=O)[O-],1.54,1.85,0.79,0.86,1.2311
"1,9-Dimethyldibenzothiophene",Cc1cccc2sc3cccc(C)c3c12,1.96,1.18,0.0,0.21,1.6609
2-Methyl-5-methoxymethyl-8-hydroxyquinoline,COCc1ccc(O)c2nc(C)ccc12,1.44,1.41,0.0,0.86,1.5844
SKB24,CN(C)Cc1ccc(CSCCNc2[nH]ccc2[N+](=O)[O-])o1,1.97,3.6,0.26,1.45,2.3878
"1,2,4-Thiadiazole, Compound III",CCOc1ccc(Nc2nc(CC(C)O)ns2)cc1,1.98,1.44,0.47,1.45,2.0884
7-Dodecenyl-8-hydroxyquinoline,CCCCCCCCCCC=Cc1ccc2cccnc2c1O,1.52,1.25,0.0,0.65,2.7508
2-Methyl-5-ethoxymethyl-8-hydroxyquinoline,CCOCc1ccc(O)c2nc(C)ccc12,1.44,1.16,0.0,1.0,1.7253
1-(3-Chlorobenzyl)pyridin-2(1H)-one,O=c1ccccn1Cc1cccc(Cl)c1,1.57,1.89,0.0,0.87,1.6051
Acycloviroacetyl,CC(=O)OCCOCn1cnc2c(=O)[nH]c(N)nc21,2.3,2.12,0.6,2.06,1.8192
4-Amino-4'-nitrodiphenylsulfone,Nc1ccc(S(=O)(=O)c2ccc([N+](=O)[O-])cc2)cc1,2.15,2.73,0.34,1.03,1.8791
"2,7-Dimethylbenzo[b]thiophene",Cc1cc2cccc(C)c2s1,1.32,0.85,0.0,0.2,1.2919
Androstanolone pentanoate,CCCCC(=O)OC1CCC2(C)C(CCC3C4CCC(=O)C4(C)CCC32)C1,1.13,2.82,0.0,1.1,3.1459
"N,N-dimethyl-2-[2-(4-methylphenyl)acetamido]acetamide",Cc1ccc(CC(=O)NCC(=O)N(C)C)cc1,1.1,2.18,0.22,1.45,1.9337
2-Hydroxyisoflavone,O=c1c(-c2ccccc2)c(O)oc2ccccc12,1.95,1.8,0.5,0.97,1.7284
(3‐cyanopropanamido)acetic acid,N#CCCC(=O)NCC(=O)O,0.772,2.45,0.65,1.1,1.1577
4-Carbethoxypyridine-N-oxide,CCOC(=O)c1cc[n+]([O-])cc1,0.755,1.25,0.36,1.12,1.2311
"N-Nitroso-2,6-dimethylmorpholine",CC1CN(N=O)CC(C)O1,0.6,1.56,0.0,0.69,1.1194
4-Amino-4'-carboxamidodiphenylsulfone,NC(=O)c1ccc(S(=O)(=O)c2ccc(N)cc2)cc1,2.27,3.01,0.56,1.43,1.9613
5-(Propoxymethyl)-8-hydroxyquinoline,CCCOCc1ccc(O)c2ncccc12,1.44,1.05,0.0,0.99,1.7253
3-Methylcarbonyloxymethyl-5-fluorouracil,CC(=O)OCn1c(=O)[nH]cc(F)c1=O,0.863,1.7,0.3,1.1,1.2664
"3',7-Dihydroxyflavone",O=c1cc(-c2cccc(O)c2)oc2cc(O)ccc12,2.21,1.9,1.32,1.06,1.7871
"3,4,5-Trichlorotoluene",Cc1cc(Cl)c(Cl)c(Cl)c1,1.06,0.84,0.0,0.0,1.2245
N-Propyl-3-phenylpropylamine,CCCNCCCc1ccccc1,0.75,0.82,0.08,0.89,1.6616
N-Isopropyl-2-oxo-2H-chromene-3-carboxamide,CC(C)NC(=O)c1cc2ccccc2oc1=O,1.33,2.1,0.02,1.0,1.741
SKB30,CC(=O)NCCCOc1cccc(CN2CCCCC2)c1,1.409,2.4,0.3,1.45,2.4317
2-[2-(4-methylbenzamido)propanamido]propanoic acid,Cc1ccc(C(=O)NC(C)C(=O)NC(C)C(=O)O)cc1,1.6,2.8,1.39,1.5,2.149
"3-Ethanoyloxymethyl-5,5-diphenylhydantoin",CC(=O)OCN1C(=O)NC(c2ccccc2)(c2ccccc2)C1=O,1.81,2.71,0.19,1.43,2.3664
"3-Propanoyloxymethyl-5,5-diphenylhydantoin",CCC(=O)OCN1C(=O)NC(c2ccccc2)(c2ccccc2)C1=O,1.804,2.69,0.19,1.43,2.5073
Cortisone-21-heptanoate,CCCCCCC(=O)OCC(=O)C1(O)CCC2C3CCC4=CC(=O)CCC4(C)C3C(=O)CC21C,1.72,3.93,0.21,2.16,3.7566
SKB26,CN(C)Cc1ccc(-c2cccc(Nc3[nH]ccc3[N+](=O)[O-])c2)o1,2.321,2.48,0.46,1.38,2.4094
4-Amino-4'-cyanodiphenylsulfone,N#Cc1ccc(S(=O)(=O)c2ccc(N)cc2)cc1,2.02,2.99,0.35,0.98,1.8596
1-Pentylnaphthalene,CCCCCc1cccc2ccccc12,1.3,0.74,0.0,0.24,1.7899
m-Fluoro-3-phenyl-1-methylurea,CNC(=O)Nc1cccc(F)c1,0.874,1.52,0.82,0.62,1.2312
4-Methyl-2-butylphenol,CCCCc1cc(C)ccc1O,0.83,0.8,0.53,0.4,1.4796
"3-Heptanoyloxymethyl-5,5-diphenylhydantoin",CCCCCCC(=O)OCN1C(=O)NC(c2ccccc2)(c2ccccc2)C1=O,1.759,2.72,0.2,1.43,3.0709
"2,3,5-Trichloro-4-isopropyltoluene",Cc1cc(Cl)c(C(C)C)c(Cl)c1Cl,1.013,0.77,0.0,0.0,1.6472
2-tert-Octyl-5-cyclohexylphenol,CCCCCC(C)(C)c1ccc(C2CCCCC2)cc1O,0.997,0.94,0.41,0.55,2.6391
Sudan111-Z,Oc1ccc2ccccc2c1N=Nc1ccc(N=Nc2ccccc2)cc1,2.655,2.03,0.06,0.58,2.6729
2-Methylquinazolin-4(3H)-one,Cc1nc2ccccc2c(=O)[nH]1,1.2,1.63,0.3,0.82,1.2028
"6,9-Bis(methylcarbonyloxymethyl)mercaptopurine",CC(=O)OCSc1ncnc2ncn(COC(C)=O)c12,1.9,2.5,0.0,1.64,1.9808
"2,5-Dimethylbenzo[b]thiophene",Cc1ccc2sc(C)cc2c1,1.32,0.85,0.0,0.2,1.2919
1-Propyl-2-ethyl-3-hydroxypyridin-4-one,CCCn1ccc(=O)c(O)c1CC,0.888,1.31,0.1,1.21,1.4972
17a-Methyltestosterone propanoate,CCC(=O)OC1(C)CCC2C3CCC4=CC(=O)CCC4(C)C3CCC21C,1.33,2.81,0.0,1.15,2.962
Naproxen sec-butyl ester,CCC(C)OC(=O)C(C)c1ccc2cc(OC)ccc2c1,1.43,1.6,0.0,0.89,2.3457
N-4-Benzylphenylbenzothiamide,S=C(Nc1ccc(Cc2ccccc2)cc1)c1ccccc1,2.5,2.8,0.35,0.8,2.4341
Non-4-en-2-one,CCCCC=CCC(C)=O,0.28,0.72,0.0,0.57,1.3494
3-Benzoxyphenol,Oc1cccc(OCc2ccccc2)c1,1.41,1.41,0.55,0.61,1.5825
N'-(4-Phenylcyclohexyl)isonicotinohydrazide,O=C(NNC1CCC(c2ccccc2)CC1)c1ccncc1,1.9,2.1,0.4,1.53,2.3761
5-Cyclopropylpentanal,O=CCCCCC1CC1,0.53,0.77,0.0,0.46,1.1429
Pent-3-en-1-ol,CC=CCCO,0.33,0.48,0.37,0.59,0.8288
2'-Hydroxy-5'-propyl-4-nitroazobenzene,CCCc1ccc(O)c(N=Nc2ccc([N+](=O)[O-])cc2)c1,1.862,1.38,0.5,0.75,2.1364
6-Isopropyltropalone,CC(C)c1cccc(O)c(=O)c1,1.02,1.48,0.0,0.65,1.3544
Fluoromisonidazole,O=[N+]([O-])c1nccn1CC(O)COCF,1.02,1.88,0.32,1.29,1.4092
4-Pentanoyl-1-phenyl-3-methyl-5-pyrazolone,CCCCC(=O)C1C(=O)N(c2ccccc2)N=C1C,1.54,1.33,0.0,1.11,2.0639
"2,2-Bis(trifluoromethyl)oxetane",FC(F)(F)C1(C(F)(F)F)CCO1,-0.238,0.37,0.0,0.18,0.8694
"2,6-Dibutoxybenzoic acid",CCCCOc1cccc(OCCCC)c1C(=O)O,0.85,1.72,0.67,0.8,2.1763
"2,7-Dihydroxyisoflavone",O=c1c(-c2ccccc2)c(O)oc2cc(O)ccc12,2.16,1.91,1.18,1.2,1.7871
Sorivudine,O=c1[nH]c(=O)n(C2OC(CO)C(O)C2O)cc1C=CBr,2.7,2.55,0.8,2.1,1.9961
"Heptan-1,2-diol",CCCCCC(O)CO,0.313,0.9,0.58,0.84,1.2123
"1,2-Dimethyl-3-isopropylbenzene",Cc1cccc(C(C)C)c1C,0.733,0.58,0.0,0.2,1.4209
4-Aminodiphenylsulfone,Nc1ccc(S(=O)(=O)c2ccccc2)cc1,1.89,2.36,0.36,0.94,1.7049
N-(3-Chloropropanoyl)glycine,O=C(O)CNC(=O)CCCl,0.806,2.15,0.62,0.88,1.1254
"3,7,13,17-Tetramethyl-2,8,12,18-tetrabutyl-5,15-di(p-nitrophenyl)porphyrin",CCCCC1=C(C)c2nc1cc1[nH]c(c(C)c1CCCC)c(-c1ccc([N+](=O)[O-])cc1)c1nc(cc3[nH]c(c(C)c3CCCC)c2-c2ccc([N+](=O)[O-])cc2)C(CCCC)=C1C,4.4,3.05,0.31,1.69,6.6918
N-(4-Methylbenzoyl)glycylglycine,Cc1ccc(C(=O)NCC(=O)NCC(=O)O)cc1,1.6,1.95,1.5,1.4,1.8672
"4-Nitrophenylpropylether,w-SOMe",CS(=O)CCCOc1ccc([N+](=O)[O-])cc1,1.45,2.9,0.0,1.24,1.7351
"4,5-Dimethyl-1,3-dioxolane",CC1OCOC1C,0.2,0.56,0.0,0.65,0.8219
7-Ethyl-8-hydroxyquinoline,CCc1ccc2cccnc2c1O,1.4,1.18,0.0,0.58,1.3848
"4',8-Dihydroxyisoflavone",O=c1c(-c2ccc(O)cc2)coc2c(O)cccc12,2.15,1.87,1.23,1.13,1.7871
SKB3,COc1cccnc1CCCCNc1nc(=O)c(Cc2ccc(C)nc2)c[nH]1,2.74,3.3,0.5,2.27,2.9711
3-Ethylphenylacetic acid,CCc1cccc(CC(=O)O)c1,0.73,0.97,0.6,0.64,1.3544
Dihexyldisulfide,CCCCCCSSCCCCCC,0.614,0.52,0.0,0.27,2.1264
4-Ethylcyclohexanecarboxaldehyde,CCC1CCC(C=O)CC1,0.31,0.72,0.0,0.45,1.2838
2-Methylpyrazine-6-CO2Me,COC(=O)c1cncc(C)n1,0.75,1.56,0.0,0.89,1.1313
"N,N-Dimethyl-3-furamide",CN(C)C(=O)c1ccoc1,0.71,0.94,0.0,0.98,1.0745
2-Indanyltrifluoroacetate,O=C(OC1Cc2ccccc2C1)C(F)(F)F,0.554,0.68,0.0,0.5,1.4398
"2,2,3-Trifluoro-4,4-bis(trifluoromethyl)oxetane",FC1C(F)(F)OC1(C(F)(F)F)C(F)(F)F,-0.532,-0.16,0.0,0.11,0.9225
Naproxen hexyl ester,CCCCCCOC(=O)C(C)c1ccc2cc(OC)ccc2c1,1.42,1.64,0.0,0.89,2.6275
"p-Fluoro-1-phenyl-3,3-dimethylurea",CN(C)C(=O)Nc1ccc(F)cc1,1.0,1.53,0.38,0.92,1.3721
Ethyl cis-2-decenoate,CCCCCCCC=CC(=O)OCC,0.165,0.5,0.0,0.46,1.8308
3'-Hydroxyisoflavone,O=c1c(-c2cccc(O)c2)coc2ccccc12,2.0,1.79,0.65,0.91,1.7284
"7-Methylnaphtho[1,2-b]thiophene",Cc1ccc2c(ccc3ccsc32)c1,2.03,1.22,0.0,0.26,1.52
"2,6-Dihydroxyisoflavone",O=c1c(-c2ccccc2)c(O)oc2ccc(O)cc12,2.19,1.85,1.11,1.22,1.7871
Propyloctylsulfide,CCCCCCCCSCCC,0.324,0.34,0.0,0.36,1.822
(N‐methyl‐2‐{2‐[(4‐methylphenyl)formamido]acetamido}acetamido)acetic acid,Cc1ccc(C(=O)NCC(=O)NCC(=O)N(C)CC(=O)O)cc1,1.9,4.55,1.08,1.8,2.4054
(1E)-N'-Isonicotinoyl-2-(4-nitrophenoxy)ethanehydrazonamide,NC(COc1ccc([N+](=O)[O-])cc1)=NNC(=O)c1ccncc1,2.27,2.66,0.55,1.73,2.2108
(2‐{2‐[N‐methyl‐1‐(4‐methylphenyl)formamido]acetamido}acetamido)acetic acid,Cc1ccc(C(=O)N(C)CC(=O)NCC(=O)NCC(=O)O)cc1,1.9,4.63,1.25,1.8,2.4054
(2‐{N‐methyl‐2‐[N‐methyl‐1‐(4‐methylphenyl)formamido]acetamido}acetamido)acetic acid,Cc1ccc(C(=O)N(C)CC(=O)N(C)CC(=O)NCC(=O)O)cc1,1.9,4.8,1.02,1.85,2.5463
"trans-2,5-Bis(fluoromethyl)perfluorooxolane",FCC1(F)OC(F)(CF)C(F)(F)C1(F)F,-0.484,0.48,0.0,0.18,1.0457
"cis-2,5-Bis(fluoromethyl)perfuorooxolane",FCC1(F)OC(F)(CF)C(F)(F)C1(F)F,-0.484,0.56,0.0,0.18,1.0457
1-Hydroxybutyl-2-methyl-3-hydroxypyridin-4-one,Cc1c(O)c(=O)ccn1CCCCO,1.158,1.47,0.5,1.6,1.5559
Hydrocortisone-21-O.COCH2CH2C(=O)NMe2,CN(C)C(=O)CCC(=O)OCC(=O)C1(O)CCC2C3CCC4=CC(=O)CCC4(C)C3C(O)CC21C,2.21,3.77,0.46,2.86,3.7742
4-Acetylpyridine-N-oxide,CC(=O)c1cc[n+]([O-])cc1,0.904,1.38,0.26,1.16,1.0315
"3(3,5-Dimethyl-4-bromophenyl)-1,1-dimethylurea",Cc1cc(NC(=O)N(C)C)cc(C)c1Br,1.4,1.65,0.39,0.92,1.8112
N'-[(1E)-1-{3-[(Diphenylamino)methyl]-2-hydroxyphenyl}ethylidene]isonicotinohydrazide,CC(=NNC(=O)c1ccncc1)c1cccc(CN(c2ccccc2)c2ccccc2)c1O,3.31,2.83,0.75,1.92,3.3931
4-tert-Octylphenol,CCCCC(C)(CC)c1ccc(O)cc1,0.81,0.89,0.56,0.42,1.9023
cis-Hex-3-en-1-al,CCC=CCC=O,0.344,0.68,0.0,0.42,0.9267
Butyl 4-methylpentanoate,CCCCOC(=O)CCC(C)C,0.054,0.53,0.0,0.47,1.592
"4-Nitrophenylpropylether,w-SMe",CSCCCOc1ccc([N+](=O)[O-])cc1,1.34,2.0,0.0,0.53,1.6764
"4-Methylamino-N,N-dimethylbenzenesulfonamide",CNc1ccc(S(=O)(=O)N(C)C)cc1,1.4,1.6,0.26,1.14,1.6196
3-Bromobutanoic acid,CC(Br)CC(=O)O,0.496,1.01,0.63,0.51,0.9216
D8Tetrahydrocannabinol,CCCCCc1cc(O)c2c(c1)OC(C)(C)C1CC=C(C)CC21,1.46,1.68,0.55,0.63,2.6871
"4-Pentyromethylamino-N,N-dimethylbenzenesulfonamide",CCCCC(=O)N(C)c1ccc(S(=O)(=O)N(C)C)cc1,1.44,2.8,0.0,1.44,2.3398
"1,1-Bis(4-hydroxyphenyl)ethane",CC(c1ccc(O)cc1)c1ccc(O)cc1,1.63,1.55,0.99,0.89,1.7234
Di(propoxyethyl) phthalate,CCCOCCOC(=O)c1ccccc1C(=O)OCCOCCC,0.75,1.71,0.0,1.67,2.6734
Methylundecylsulfide,CCCCCCCCCCCSC,0.325,0.42,0.0,0.34,1.9629
N-4-Octylphenyl-2-(trifluoromethyl)benzothiamide,CCCCCCCCc1ccc(NC(=S)c2ccccc2C(F)(F)F)cc1,1.57,2.21,0.35,0.65,3.0066
JG-17,CC(N)C1CC2C3CC2C13,0.78,1.05,0.18,0.64,1.1507
4-Bromophenylcarbamate,NC(=O)Oc1ccc(Br)cc1,1.29,1.7,0.63,0.53,1.2065
4-Amino-4'-acetyldiphenylsulfone,CC(=O)c1ccc(S(=O)(=O)c2ccc(N)cc2)cc1,2.1,2.78,0.26,1.24,2.0024
Heneicosanyl acetate,CCCCCCCCCCCCCCCCCCCCCOC(C)=O,0.0,0.6,0.0,0.45,3.4237
Testosterone phenylpropranoate,CC12CCC(=O)C=C1CCC1C2CCC2(C)C(OC(=O)CCc3ccccc3)CCC12,2.02,2.69,0.0,1.46,3.4289
"Tetrachloro-1,4-dimethoxybenzene",COc1c(Cl)c(Cl)c(OC)c(Cl)c1Cl,1.1,1.22,0.0,0.33,1.6052
4-Methyl-N-butylbenzylamine,CCCCNCc1ccc(C)cc1,0.77,0.68,0.14,0.76,1.6616
Triethylurea,CCNC(=O)N(CC)CC,0.33,1.05,0.19,0.91,1.3102
Methyldecylsulfide,CCCCCCCCCCSC,0.332,0.42,0.0,0.34,1.822
sec-Butyl isobutanoate,CCC(C)OC(=O)C(C)C,-0.02,0.5,0.0,0.47,1.3102
"1-Methoxy-2-N,N-dimethylaminoethane",COCCN(C)C,0.12,0.43,0.0,0.92,0.9716
Monomethylmaleic acid,CC(=CC(=O)O)C(=O)O,0.48,1.2,0.7,0.82,0.9189
Diphenoxy-TDUD,O=P1(Oc2ccccc2)OCC2(CO1)COP(=O)(Oc1ccccc1)OC2,2.08,2.44,0.0,1.86,2.6903
3-Butylcarbonyl-5-fluorouracil,CCCCC(=O)n1c(=O)[nH]cc(F)c1=O,0.87,1.72,0.11,0.93,1.4895
trans-N-Acetyl-4-n-butylcylohexylamine,CCCCC1CCC(NC(C)=O)CC1,0.46,1.4,0.4,0.74,1.8063
cis-N-Acetyl-4-n-butylcylohexylamine,CCCCC1CCC(NC(C)=O)CC1,0.48,1.4,0.4,0.74,1.8063
16a-Fluoro-11b-methoxyestradiol,COC1CC2(C)C(O)C(F)CC2C2CCc3cc(O)ccc3C12,2.09,2.42,0.86,1.63,2.4161
4-Chlorophenytoin,O=C1NC(=O)C(c2ccccc2)(c2ccc(Cl)cc2)N1,1.86,2.36,0.86,0.93,1.9917
Tetrahydro-2-(OCH2C#CH)pyran,C#CCOC1CCCCO1,0.406,0.49,0.15,0.5,1.1586
4-[(Carboxymethyl)amino]-4-oxobutanoic acid,O=C(O)CCC(=O)NCC(=O)O,0.813,2.35,1.2,1.26,1.2183
"2,5-Dimethylquinoline",Cc1ccc2c(C)cccc2n1,1.32,0.95,0.0,0.57,1.3261
1-Ethylaminocarbonyl-5-fluorouracil,CCNC(=O)n1cc(F)c(=O)[nH]c1=O,1.13,1.85,0.37,0.94,1.3075
cis-2-Hexenyl acetate,CCCC=CCOC(C)=O,0.194,0.6,0.0,0.45,1.2672
4-Dimethylaminophenylmethylsulfone,CN(C)c1ccc(S(C)(=O)=O)cc1,1.44,2.13,0.0,0.98,1.5198
"4-Isopropyl-3,5-dimethylphenol",Cc1cc(O)cc(C)c1C(C)C,0.81,0.84,0.55,0.46,1.4796
Sudan111-Q,O=C1C=Cc2ccccc2/C1=N/Nc1ccc(N=Nc2ccccc2)cc1,2.655,2.04,0.02,0.76,2.6729
6-methyl-4H-chromen-4-one,Cc1ccc2occc(=O)c2c1,1.14,1.6,0.0,0.5,1.2028
"4-Butyromethylamino-N,N-dimethylbenzenesulfonamide",CCCC(=O)N(C)c1ccc(S(=O)(=O)N(C)C)cc1,1.44,2.76,0.0,1.44,2.1989
(1Z)-N'-Isonicotinoyl-2-(4-methylphenoxy)ethanehydrazonamide,Cc1ccc(OCC(N)=NNC(=O)c2ccncc2)cc1,2.0,2.0,0.55,1.67,2.1775
2-Cyclohexyloxyphenol,Oc1ccccc1OC1CCCCC1,1.18,1.05,0.2,0.66,1.5706
Oct-4-en-1-al,CCCC=CCCC=O,0.25,0.71,0.0,0.47,1.2085
"3-Octanoyloxymethyl-5,5-diphenylhydantoin",CCCCCCCC(=O)OCN1C(=O)NC(c2ccccc2)(c2ccccc2)C1=O,1.754,2.72,0.2,1.43,3.2118
16a-Fluoro-17a-ethynylestradiol,C#CC1(O)C(F)CC2C3CCc4cc(O)ccc4C3CCC21C,2.25,2.33,0.98,1.28,2.4123
"2,2,2-Trifluoro-N-(1-methoxy-2-propanyl)acetamide",COCC(C)NC(=O)C(F)(F)F,-0.21,0.13,0.28,0.43,1.1813
"4-Nitro-N,N-dimethylbenzylamine",CN(C)Cc1cccc([N+](=O)[O-])c1,0.93,1.34,0.0,0.83,1.4131
o-Methoxyphenoxyacetic acid,COc1ccccc1OCC(=O)O,1.01,1.15,0.71,1.03,1.3309
Hexyldiantipyrylmethane,CCCCCCC(c1c(C)n(C)n(-c2ccccc2)c1=O)c1c(C)n(C)n(-c2ccccc2)c1=O,2.631,2.7,0.0,2.7,3.8469
4-Octylpyridine,CCCCCCCCc1ccncc1,0.6,0.77,0.0,0.59,1.8025
SKB31,O=C(NCCCOc1cccc(CN2CCCCC2)c1)c1ccccc1,2.009,2.79,0.26,1.47,2.8986
Propyl undecanoate,CCCCCCCCCCC(=O)OCCC,0.0,0.56,0.0,0.45,2.1556
7-Ethylcarbonyloxymethyltheophylline,CCC(=O)OCn1cnc2c1c(=O)n(C)c(=O)n2C,1.93,2.34,0.0,1.65,1.8603
Diethyldiimide,CCN=NCC,0.306,1.04,0.0,0.26,0.8288
{4‐[(methylcarbamoyl)methyl]phenyl}acetic acid,CNC(=O)Cc1ccc(CC(=O)O)cc1,1.12,1.94,1.1,1.35,1.6108
"6-Methylnaphtho[1,2-b]thiophene",Cc1cccc2c1ccc1ccsc12,2.03,1.22,0.0,0.26,1.52
1-Ethylcarbonyl-5-fluorouracil,CCC(=O)n1cc(F)c(=O)[nH]c1=O,0.87,1.55,0.09,0.89,1.2077
5-(Heptoxymethyl)-8-hydroxyquinoline,CCCCCCCOCc1ccc(O)c2ncccc12,1.44,0.94,0.0,1.06,2.2889
"1,4-Dimethyl-2-tert-butylbenzene",Cc1ccc(C)c(C(C)(C)C)c1,0.689,0.55,0.0,0.23,1.5618
3'-Hydroxyflavone,O=c1cc(-c2cccc(O)c2)oc2ccccc12,2.0,1.78,0.65,0.86,1.7284
"2,6,2',6'-Tetramethylbenzophenone",Cc1cccc(C)c1C(=O)c1c(C)cccc1C,1.45,1.5,0.0,0.7,2.0444
"3,8-Dihydroxyflavone",O=c1c(O)c(-c2ccccc2)oc2c(O)cccc12,2.1,1.98,0.89,1.01,1.7871
2-Methyl-5-heptoxymethyl-8-hydroxyquinoline,CCCCCCCOCc1ccc(O)c2nc(C)ccc12,1.44,0.95,0.0,1.11,2.4298
Tridecyl trichloroactate,CCCCCCCCCCCCCOC(=O)C(Cl)(Cl)Cl,0.246,0.72,0.0,0.35,2.6637
N-Methylisobutanamide,CNC(=O)C(C)C,0.31,1.3,0.4,0.74,0.9286
N-4-Benzylphenyl-2-(trifluoromethyl)benzothiamide,FC(F)(F)c1ccccc1C(=S)Nc1ccc(Cc2ccccc2)cc1,2.16,2.73,0.35,0.79,2.6281
"6,9-Bis(propylcarbonyloxymethyl)mercaptopurine",CCCC(=O)OCSc1ncnc2ncn(COC(=O)CCC)c12,1.9,2.5,0.0,1.65,2.5444
1-(3-Fluoropropyl)-2-nitroimidazole,O=[N+]([O-])c1nccn1CCCF,0.76,1.64,0.0,0.76,1.1509
"N-4-Benzylphenyl-3,5-dinitrocarbothiamide",O=[N+]([O-])c1cc(C(=S)Nc2ccc(Cc3ccccc3)cc2)cc([N+](=O)[O-])c1,3.04,3.84,0.35,0.93,2.7825
4-Trifluoromethylphenytoin,O=C1NC(=O)C(c2ccccc2)(c2ccc(C(F)(F)F)cc2)N1,1.25,2.19,0.86,0.97,2.0633
2-Ethylbenzo[b]thiophene,CCc1cc2ccccc2s1,1.32,0.85,0.0,0.19,1.2919
SKB34,OCCCOc1cccc(CN2CCCCC2)c1,1.255,1.79,0.31,1.1,2.0931
tert-Butyl propanoate,CCC(=O)OC(C)(C)C,0.005,0.5,0.0,0.47,1.1693
Pentylisobutylsulfide,CCCCCSCC(C)C,0.317,0.37,0.0,0.38,1.5402
"3-Methyl-N,N-dimethylbenzylamine",Cc1ccc(CN(C)C)cc1,0.66,0.78,0.0,0.7,1.3798
4-Methoxy-2-phenyl-N-methylethylamine,CNCCc1ccc(OC)cc1,0.85,1.06,0.1,0.92,1.4385
7-Methyloxycarbonyltheophylline,COC(=O)n1cnc2c1c(=O)n(C)c(=O)n2C,1.43,2.46,0.0,1.36,1.5785
Triundecylamine,CCCCCCCCCCCN(CCCCCCCCCCC)CCCCCCCCCCC,-0.023,0.15,0.0,0.83,4.8581
Dipropylsulfone,CCCS(=O)(=O)CCC,0.52,1.65,0.0,0.76,1.2349
4-Fluoromisonidazole,COCC(O)Cn1cc(F)nc1[N+](=O)[O-],0.94,1.7,0.33,1.23,1.4092
Dihydroxy-TDUD,O=P1(O)OCC2(CO1)COP(=O)(O)OC2,1.26,1.44,1.26,1.84,1.4747
Isopropyl urethan,CCOC(=O)NC(C)C,0.203,0.87,0.24,0.66,1.1282
"2,2-Di(2-phenylethoxy)propane",CC(C)(OCCc1ccccc1)OCCc1ccccc1,1.21,1.46,0.0,1.04,2.4279
"1-tert-Butyl-3-methyl-2,4,6-trinitrobenzene",Cc1c([N+](=O)[O-])cc([N+](=O)[O-])c(C(C)(C)C)c1[N+](=O)[O-],1.39,2.14,0.0,0.63,1.9435
"2-methyl-2,3-dihydro-1H-isoindol-1-one",CN1Cc2ccccc2C1=O,1.14,2.3,0.0,0.52,1.146
2-Methyl-5-butoxymethyl-8-hydroxyquinoline,CCCCOCc1ccc(O)c2nc(C)ccc12,1.44,1.07,0.0,1.03,2.0071
"3,4-Dimethylbenzo[b]thiophene",Cc1cccc2scc(C)c12,1.32,0.85,0.0,0.2,1.2919
g-Tridecalactone,CCCCCCCCCC1CCC(=O)O1,0.273,1.44,0.0,0.62,1.9061
ORG4060,C#CC1(O)CCC2C3CCC4=CC(=O)CCC4C3C(CC)CC21C,1.9,2.87,0.44,1.36,2.7194
5-Allyl-5-propylbarbital,C=CCC1(CCC)C(=O)NC(=O)NC1=O,1.16,1.23,0.49,1.26,1.6127
"1,4,8-Trimethyldibenzothiophene",Cc1ccc2sc3c(C)ccc(C)c3c2c1,1.96,1.18,0.0,0.22,1.8018
JG-14,CC(C)(C)C(=O)Oc1ccc(CCNCCNC(=O)c2ccc(Cl)cc2)cc1OC(=O)C(C)(C)C,2.12,2.73,0.55,2.71,3.9242
1-Octylaminocarbonyl-5-fluorouracil,CCCCCCCCNC(=O)n1cc(F)c(=O)[nH]c1=O,1.13,1.85,0.38,0.9,2.1529
N-Butyl-3-phenylpropylamine,CCCCNCCCc1ccccc1,0.75,0.82,0.08,0.9,1.8025
"2-Methyl-3,3,3-trichloropropan-1-ol",CC(CO)C(Cl)(Cl)Cl,0.52,0.74,0.4,0.51,1.0981
5-(Ethoxymethyl)-8-hydroxyquinoline,CCOCc1ccc(O)c2ncccc12,1.44,1.17,0.0,0.97,1.5844
SKB17,O=[N+]([O-])c1c(Cc2ccccc2)c[nH]c1NCCSCc1ccccn1,2.67,2.68,0.4,1.83,2.753
Propantheline carbon analogue,CC(C)C(C)(CCOC(=O)C1c2ccccc2Oc2ccccc21)C(C)C,1.51,1.55,0.0,0.92,3.0395
Isopropyl 4-nitrobenzoate,CC(C)OC(=O)c1ccc([N+](=O)[O-])cc1,0.88,1.33,0.0,0.65,1.5286
Propyl 3-butenoate,C=CCC(=O)OCCC,0.223,0.6,0.0,0.43,1.1263
"m-Methyl-3-phenyl-1,1-dimethylurea",Cc1cccc(NC(=O)N(C)C)c1,1.21,1.65,0.37,0.95,1.4953
3-Methylcarbonyl-5-fluorouracil,CC(=O)n1c(=O)[nH]cc(F)c1=O,0.87,1.72,0.14,0.92,1.0668
4-Phenylbenzenesulfonamide,NS(=O)(=O)c1ccc(-c2ccccc2)cc1,1.74,1.88,0.62,0.95,1.7049
Methyl undecyl phthalate,CCCCCCCCCCCOC(=O)c1ccccc1C(=O)OC,0.7,1.29,0.0,0.96,2.8378
2-(Methylsulfinyl)benzoic acid,CS(=O)c1ccccc1C(=O)O,1.29,1.7,0.72,1.13,1.2948
SR141716A,Cc1c(C(=O)NN2CCCCC2)nn(-c2ccc(Cl)cc2Cl)c1-c1ccc(Cl)cc1,3.2,3.53,0.45,1.62,3.2121
N-Trifluoroacetylindole,O=C(n1ccc2ccccc21)C(F)(F)F,1.08,1.03,0.0,0.34,1.297
N-Nitrosoethylvinylamine,C=CN(CC)N=O,0.48,0.95,0.0,0.35,0.8445
o-Fluoro-3-phenyl-1-methylurea,CNC(=O)Nc1ccccc1F,0.869,1.32,0.72,0.81,1.2312
Isobutyl 4-methylpentanoate,CC(C)CCC(=O)OCC(C)C,0.0,0.51,0.0,0.49,1.592
3-Butylcarbonyloxymethyl-5-fluorouracil,CCCCC(=O)OCn1c(=O)[nH]cc(F)c1=O,0.86,1.7,0.29,1.11,1.6891
N'-(E)-(3-Methanoylbenzylidene)isonicotinohydrazide,O=Cc1cccc(C=NNC(=O)c2ccncc2)c1,1.96,2.28,0.33,1.46,1.8938
SKB37,c1cc(CN2CCCCC2)cc(OCCCNc2nccs2)c1,2.159,2.34,0.28,1.53,2.6256
"4-Bromododecan-1,2-diol",OCCCCCCCCC(Br)CCCO,0.71,1.35,0.81,0.92,2.0918
1-Pentyloxy-5-fluorouracil,CCCCCC(=O)n1cc(F)c(=O)[nH]c1=O,0.87,1.55,0.03,0.92,1.6304
Testosterone phenylbutanoate,CC12CCC(=O)C=C1CCC1C2CCC2(C)C(OC(=O)CCCc3ccccc3)CCC12,2.02,2.76,0.0,1.48,3.5698
4-Methylsulfonamidobenzenesulfonamide,CS(=O)(=O)Nc1ccc(S(N)(=O)=O)cc1,1.61,2.89,0.95,1.42,1.6187
neo-Pentyl 4-aminobenzoate,CC(C)(C)COC(=O)c1ccc(N)cc1,1.0,1.39,0.27,0.72,1.736
"6,9-Bis(pentylcarbonyloxymethyl)mercaptopurine",CCCCCC(=O)OCSc1ncnc2c1ncn2COC(=O)CCCCC,1.9,2.5,0.0,1.69,3.108
N-Nitrosomethylpentylamine,CCCCCN(C)N=O,0.32,1.05,0.0,0.59,1.1693
"1,3-Dimethyl-2-tert-butylbenzene",Cc1cccc(C)c1C(C)(C)C,0.745,0.65,0.0,0.24,1.5618
Dipentylphosphinic acid,CCCCCP(=O)(O)CCCCC,0.23,0.44,0.68,1.2,1.8396
tert-Butyl isobutanoate,CC(C)C(=O)OC(C)(C)C,-0.06,0.47,0.0,0.47,1.3102
(1-s-Butoxyethyl)benzene,CCC(C)OCCc1ccccc1,0.573,0.65,0.0,0.62,1.6205
1-(8-fluorooctyl)-2-nitroimidazole,O=[N+]([O-])c1nccn1CCCCCCCCF,0.75,1.62,0.0,0.76,1.8554
"1,3-Dimethyl-4-isobutylbenzene",Cc1ccc(CC(C)C)c(C)c1,0.667,0.55,0.0,0.22,1.5618
"3,5-Dimethyl-4-cyanophenol",Cc1cc(O)cc(C)c1C#N,1.01,1.49,0.8,0.29,1.2116
1-Amino-2-propanol(di-TFA),CC(CNC(=O)C(F)(F)F)OC(=O)C(F)(F)F,-0.43,1.01,0.55,0.67,1.391
1-Hexyloxycarbonyl-5-fluorouracil,CCCCCCOC(=O)n1cc(F)c(=O)[nH]c1=O,0.87,1.65,0.14,1.09,1.83
"3',8-Dihydroxyflavone",O=c1cc(-c2cccc(O)c2)oc2c(O)cccc12,2.15,1.9,1.19,1.04,1.7871
"6-Bromo-1,2-dodecandiol",CCCCCCC(Br)CCCC(O)CO,0.71,1.35,0.72,1.16,2.0918
2-Methyl-5-octoxymethyl-8-hydroxyquinoline,CCCCCCCCOCc1ccc(O)c2nc(C)ccc12,1.44,0.91,0.0,1.13,2.5707
Decylphenylketone,CCCCCCCCCCC(=O)c1ccccc1,0.742,0.95,0.0,0.5,2.282
5-(Octoxymethyl)-8-hydroxyquinoline,CCCCCCCCOCc1ccc(O)c2ncccc12,1.44,0.92,0.0,1.07,2.4298
{[4‐(carbamoylmethyl)phenyl]formamido}acetic acid,NC(=O)Cc1ccc(C(=O)NCC(=O)O)cc1,1.5,2.8,1.57,1.6,1.7263
"1,2-Dimethyl-3-isobutylbenzene",Cc1cccc(CC(C)C)c1C,0.723,0.6,0.0,0.2,1.5618
N-(4-Methylbenzoyl)glycyl-N-methylglycine,Cc1ccc(C(=O)NCC(=O)N(C)CC(=O)O)cc1,1.6,3.28,0.87,1.54,2.0081
1-Butyloxy-5-fluorouracil,CCCCC(=O)n1cc(F)c(=O)[nH]c1=O,0.87,1.55,0.05,0.91,1.4895
1-Butylcarbonyloxymethyl-5-F-uracil,CCCCC(=O)OCn1cc(F)c(=O)[nH]c1=O,0.86,1.6,0.28,1.16,1.6891
1-Hexyloxy-5-fluorouracil,CCCCCCC(=O)n1cc(F)c(=O)[nH]c1=O,0.87,1.55,0.02,0.93,1.7713
beta-Carboxyadipic acid,O=C(O)CCC(CC(=O)O)C(=O)O,0.51,1.84,1.54,1.18,1.3181
"5‐(4‐acetylphenyl)‐5‐phenylimidazolidine‐2,4‐dione",CC(=O)c1ccc(C2(c3ccccc3)NC(=O)NC2=O)cc1,1.81,2.74,0.86,1.36,2.1668
Methyl 9H-xanthene-1-carboxylate,COC(=O)c1cccc2c1Cc1ccccc1O2,1.62,1.4,0.0,0.55,1.7714
"Butylbenzoate,w-CN",N#CCCCCOC(=O)c1ccccc1,0.86,1.73,0.0,0.81,1.65
Desciclovirnacetyl,CC(=O)Nc1ncc2ncn(COCCO)c2n1,2.15,2.79,0.64,1.85,1.7605
cis-2-Hexenyl propanoate,CCCC=CCOC(=O)CC,0.175,0.57,0.0,0.45,1.4081
trans-2-Hexenyl propanoate,CCCC=CCOC(=O)CC,0.175,0.56,0.0,0.45,1.4081
"4',6-dihydroxyisoflavone",O=c1c(-c2ccc(O)cc2)coc2ccc(O)cc12,2.23,1.79,1.3,1.2,1.7871
5-(Hexoxymethyl)-8-hydroxyquinoline,CCCCCCOCc1ccc(O)c2ncccc12,1.44,0.96,0.0,1.04,2.148
4-Methoxy-2-phenylethylamine,COc1ccc(CCN)cc1,0.92,1.06,0.21,0.89,1.2976
O-Hexanoylzidovudine,CCCCCC(=O)OCC1OC(n2cc(C)c(=O)[nH]c2=O)CC1N=[N+]=[N-],1.74,1.81,0.3,2.01,2.6803
N-(4-Methylbenzoyl)alanine,Cc1ccc(C(=O)NC(C)C(=O)O)cc1,1.255,2.14,1.02,0.92,1.6108
Allylisocyanide,[C-]#[N+]CC=C,0.29,0.5,0.0,0.16,0.643
Tridecylphenylketone,CCCCCCCCCCCCCC(=O)c1ccccc1,0.718,0.95,0.0,0.5,2.7047
tert-Butyl benzoate,CC(C)(C)OC(=O)c1ccccc1,0.64,0.75,0.0,0.52,1.4953
2-Butyl-oct-2-en-1-al,CCCCCC=C(C=O)CCCC,0.36,0.8,0.0,0.44,1.7721
2-tert-Octyl-3-cyclohexylphenol,CCCCCC(C)(C)c1c(O)cccc1C1CCCCC1,0.997,0.94,0.42,0.57,2.6391
N-Propylthalidomide,CCCN1C(=O)CCC(N2C(=O)c3ccccc3C2=O)C1=O,1.894,2.45,0.0,1.28,2.1706
4-Methyl-N-hexylbenzylamine,CCCCCCNCc1ccc(C)cc1,0.75,0.69,0.13,0.74,1.9434
Methylhexylsulfide,CCCCCCSC,0.36,0.4,0.0,0.34,1.2584
6-Hydroxyisoflavone,O=c1c(-c2ccccc2)coc2ccc(O)cc12,2.0,1.69,0.61,0.88,1.7284
"1,3,5-Trimethyl-2-s-butylbenzene",CCC(C)c1c(C)cc(C)cc1C,0.75,0.58,0.0,0.26,1.7027
"2,4'-Dihydroxyisoflavone",O=c1c(-c2ccc(O)cc2)c(O)oc2ccccc12,2.18,1.86,1.19,1.24,1.7871
"5-Allyl-5-(2,2-dimethylpropyl)barb",C=CCC1C(=O)NC(=O)NC(=O)C1C(C)(C)C,1.16,1.17,0.49,1.36,1.8945
"5-Bromo-1,2-dodecandiol",CCCCCCCC(Br)CCC(O)CO,0.71,1.35,0.81,0.98,2.0918
2-Methyl-5-propoxymethyl-8-hydroxyquinoline,CCCOCc1ccc(O)c2nc(C)ccc12,1.44,1.11,0.0,1.02,1.8662
2-Pentoxyphenol,CCCCCOc1ccccc1O,0.79,0.91,0.2,0.58,1.5383
N'-Decanoylisonicotinoyl-hydrazine,CCCCCCCCCC(=O)NNC(=O)c1ccncc1,1.25,2.35,0.45,1.23,2.4562
Butylchlorpromazine,CN(C)CCCCN1c2ccccc2Sc2ccc(Cl)cc21,2.2,1.58,0.0,1.05,2.5465
1-Octyloxycarbonyl-5-fluorouracil,CCCCCCCCOC(=O)n1cc(F)c(=O)[nH]c1=O,0.87,1.65,0.13,1.09,2.1118
3-Chloro-4-isopropyltoluene,Cc1ccc(C(C)C)c(Cl)c1,0.741,0.7,0.0,0.08,1.4024
p-Fluoro-3-phenyl-1-methylurea,CNC(=O)Nc1ccc(F)cc1,0.885,1.53,0.83,0.62,1.2312
Ethylhexylsulfide,CCCCCCSCC,0.345,0.34,0.0,0.36,1.3993
m-Chloro-3-phenyl-1-methylurea,CNC(=O)Nc1cccc(Cl)c1,1.178,1.54,0.74,0.61,1.3359
2-Difluoromethylperfluorooxolane,FCC1(F)OC(F)(F)C(F)(F)C1(F)F,-0.484,-0.06,0.0,0.17,0.9048
Propylpentylsulfide,CCCCCSCCC,0.345,0.34,0.0,0.36,1.3993
2-tert-Butyl-6-cyclohexylphenol,CC(C)(C)c1cccc(C2CCCCC2)c1O,1.019,0.91,0.32,0.61,2.0755
4-Isopropylidene-1-methyl-cyclohexene,CC1=CCC(=C(C)C)CC1,0.593,0.31,0.0,0.2,1.323
Propyl nonadecanoate,CCCCCCCCCCCCCCCCCCC(=O)OCCC,-0.03,0.56,0.0,0.45,3.2828
Sudan1-Z,Oc1ccc2ccccc2c1N=Nc1ccccc1,1.945,1.35,0.06,0.32,1.9085
3-Methyl-4-chlorobenzoic acid,Cc1cc(C(=O)O)ccc1Cl,0.84,1.03,0.62,0.25,1.195
"o-Fluoro-1-phenyl-3,3-dimethylurea",CN(C)C(=O)Nc1ccccc1F,0.839,1.32,0.38,1.0,1.3721
ORG34694,C#CC1(O)CCC2C3C(C)CC4=CC(=O)CCC4C3C(=CC)CC21C,1.94,3.04,0.44,1.47,2.8173
"1,2,4-Thiadiazole, Compound I",CC(O)Cc1nsc(Nc2ccccc2)n1,1.9,1.2,0.47,1.25,1.7479
1-Ethyl-3-tert-butylbenzene,CCc1cccc(C(C)(C)C)c1,0.63,0.5,0.0,0.22,1.5618
N-Methyl-2-furamide,CNC(=O)c1ccco1,0.85,1.15,0.36,0.76,0.9336
"1,4,6,8-Tetramethyldibenzothiophene",Cc1cc(C)c2sc3c(C)ccc(C)c3c2c1,1.96,1.18,0.0,0.23,1.9427
1-Benzylpyridin-2(1H)-one,O=c1ccccn1Cc1ccccc1,1.42,1.79,0.0,0.95,1.4827
1-Hydroxypropyl-2-methyl-3-hydroxypyridin-4-one,Cc1c(O)c(=O)ccn1CCCO,1.168,1.47,0.5,1.6,1.415
7-Propylcarbonyltheophylline,CCCC(=O)n1cnc2c1c(=O)n(C)c(=O)n2C,1.5,2.41,0.0,1.34,1.8016
"Butylbenzoate,w-CONH2",NC(=O)CCCCOC(=O)c1ccccc1,1.12,2.08,0.48,1.13,1.7517
"1,2,4-Thiadiazole, Compound II",Cc1ccc(Nc2nc(CC(C)O)ns2)cc1,1.9,1.2,0.47,1.25,1.8888
3-Ethylcarbonyl-5-fluorouracil,CCC(=O)n1c(=O)[nH]cc(F)c1=O,0.87,1.72,0.13,0.93,1.2077
"3,5-Dimethyl-N,N-dimethylaniline",Cc1cc(C)cc(N(C)C)c1,0.99,0.8,0.0,0.43,1.3798
"3,7,13,17-Tetramethyl-2,8,12,18-tetrabutyl-5,15-di(p-methoxyphenyl)porphyrin",CCCCC1=C(C)c2nc1cc1[nH]c(c(C)c1CCCC)c(-c1ccc(OC)cc1)c1nc(cc3[nH]c(c(C)c3CCCC)c2-c2ccc(OC)cc2)C(CCCC)=C1C,3.99,3.35,0.31,1.6,6.7426
Methyl benzyl terephthalate,COC(=O)c1ccc(C(=O)OCc2ccccc2)cc1,1.31,1.69,0.0,0.78,2.0366
Isopentyl 2-methylpentanoate,CCCC(C)C(=O)OCC(C)CC,0.04,0.48,0.0,0.49,1.7329
"6-Ethyl-2,4-dimethyldibenzothiophene",CCc1cccc2c1sc1c(C)cc(C)cc12,1.96,1.18,0.0,0.22,1.9427
N-Methyl-3-furamide,CNC(=O)c1ccoc1,0.75,0.87,0.36,0.82,0.9336
Celariax,CCC=C1OC(=O)c2ccccc21,1.09,1.03,0.0,0.5,1.3437
N-Chloroiodoacetamide,O=C(CI)NCl,1.05,1.72,0.52,0.36,0.8865
4-Methoxyphenylcarbamate,COc1ccc(OC(N)=O)cc1,1.0,1.85,0.65,0.7,1.2311
"2',6'-Dihydroxyflavone",O=c1cc(-c2c(O)cccc2O)oc2ccccc12,2.12,1.93,1.07,1.02,1.7871
"5-Methylnaphtho[1,2-b]thiophene",Cc1cc2ccsc2c2ccccc12,2.03,1.22,0.0,0.26,1.52
(5E)-3-Methylcyclopentadec-5-en-1-one,CC1CC=CCCCCCCCCCC(=O)C1,0.65,0.9,0.0,0.6,2.2271
1-Ethyl-2-tert-butylbenzene,CCc1ccccc1C(C)(C)C,0.66,0.54,0.0,0.2,1.5618
Androstanolone formate,CC12CCC3C(CCC4CC(OC=O)CCC43C)C1CCC2=O,1.21,2.48,0.0,0.95,2.5823
"o-Bromo-1-phenyl-3,3-dimethylurea",CN(C)C(=O)Nc1ccccc1Br,1.165,1.42,0.41,1.02,1.5294
"2,6-Dimethylbenzo[b]thiophene",Cc1ccc2cc(C)sc2c1,1.32,0.85,0.0,0.2,1.2919
N-Methyl-N-benzylbenzenesulfonamide,CN(Cc1ccccc1)S(=O)(=O)c1ccccc1,1.64,1.76,0.0,1.05,1.9867
F-Isopropylbupranolol,Cc1ccc(Cl)c(OCC(O)CNC(C)CF)c1,1.09,1.5,0.2,1.32,2.06
trans-3-Hexenyl acetate,CCC=CCCOC(C)=O,0.19,0.58,0.0,0.51,1.2672
o-Trifluoromethylphenoxyacetic acid,O=C(O)COc1ccccc1C(F)(F)F,0.47,0.7,0.72,0.61,1.3253
4'-Hydroxy-4-nitroazobenzene,O=[N+]([O-])c1ccc(N=Nc2ccc(O)cc2)cc1,1.862,1.36,0.5,0.74,1.7137
"5,6-Dihydroxyisoflavaone",O=c1c(-c2ccccc2)coc2ccc(O)c(O)c12,2.06,1.95,0.63,0.86,1.7871
2'-Nitro-4-hydroxybiphenyl,O=[N+]([O-])c1ccccc1-c1ccc(O)cc1,1.74,1.86,0.57,0.53,1.5571
4-Methylhippuric acid,Cc1ccc(C(=O)NCC(=O)O)cc1,1.255,2.15,1.02,0.91,1.4699
"2,3,5-Trimethoxybenzaldehyde",COc1cc(C=O)c(OC)c(OC)c1,1.14,1.73,0.0,0.75,1.4718
Hexyl 3-butenoate,C=CCC(=O)OCCCCCC,0.17,0.59,0.0,0.43,1.549
"2',7-Dihydroxyflavone",O=c1cc(-c2ccccc2O)oc2cc(O)ccc12,2.21,1.9,1.07,1.08,1.7871
"3,3'-Dimethyl-4,4'-diaminobiphenyl",Cc1cc(-c2ccc(N)c(C)c2)ccc1N,1.88,1.69,0.2,1.13,1.8056
4-Amino-4'-methyldiphenylsulfone,Cc1ccc(S(=O)(=O)c2ccc(N)cc2)cc1,1.88,2.42,0.34,0.97,1.8458
7-Butyloxycarbonyltheophylline,CCCCOC(=O)n1cnc2c1c(=O)n(C)c(=O)n2C,1.43,2.46,0.0,1.35,2.0012
Ethyl 2-phenyl-3-hydroxypropanoate,CCOC(=O)C(CO)c1ccccc1,0.86,1.4,0.37,1.04,1.554
"2',5-Dihydroxyisoflavone",O=c1c(-c2ccccc2O)coc2cccc(O)c12,2.14,2.03,0.67,0.81,1.7871
3-Methyloctan-4-one,CCCCC(=O)C(C)CC,0.1,0.61,0.0,0.51,1.3924
11-b-Methoxyestradiol,COC1CC2(C)C(O)CCC2C2CCc3cc(O)ccc3C12,1.85,2.15,0.86,1.59,2.3984
2-(3-Chlorophenoxy)-N'-isonicotinoylethanehydrazonamide,NC(COc1cccc(Cl)c1)=NNC(=O)c1ccncc1,2.1,2.08,0.55,1.58,2.159
4-Nonanoyl-1-phenyl-3-methyl-5-pyrazolone,CCCCCCCCC(=O)C1C(=O)N(c2ccccc2)N=C1C,1.54,1.31,0.0,1.11,2.6275
"1,3,5-Trimethyl-2-isopropylbenzene",Cc1cc(C)c(C(C)C)c(C)c1,0.749,0.6,0.0,0.25,1.5618
trans-N-Acetyl-4-n-octylcylohexylamine,CCCCCCCCC1CCC(NC(C)=O)CC1,0.46,1.4,0.4,0.74,2.3699
ThioBCTC,CC(C)(C)c1ccc(NC(=S)N2CCN(c3ncccc3Cl)CC2)cc1,2.77,2.55,0.13,1.47,2.9849
4-Aminopentanophenone,CCCCC(=O)c1ccc(N)cc1,1.15,1.39,0.32,0.65,1.5364
2-tert-Octyl-4-cyclohexylphenol,CCCCCC(C)(C)c1cc(C2CCCCC2)ccc1O,0.997,0.94,0.41,0.55,2.6391
N-Nitrosodipentylamine,CCCCCN(CCCCC)N=O,0.28,0.98,0.0,0.66,1.7329
"3-Nitro-N,N-diethylbenzylamine",CCN(CC)Cc1ccc([N+](=O)[O-])cc1,0.93,1.34,0.0,0.83,1.6949
SKB45,Cc1ccc(Cc2c[nH]c(NCCCCc3ncc(Br)cc3C)nc2=O)cn1,2.96,3.24,0.6,2.0,3.0874
3-Pentylcarbonyloxymethyl-5-fluorouracil,CCCCCC(=O)OCn1c(=O)[nH]cc(F)c1=O,0.86,1.7,0.28,1.12,1.83
p-Methoxy-3-phenyl-1-methylurea,CNC(=O)Nc1ccc(OC)cc1,1.175,1.54,0.67,0.97,1.4131
Di-tert-pentyldisulfide,CCC(C)(C)SSC(C)(C)CC,0.6,0.37,0.0,0.52,1.8446
Methyl N-[(4-methylphenyl)acetyl]glycinate,COC(=O)CNC(=O)Cc1ccc(C)cc1,0.873,1.72,0.25,1.21,1.7517
SKB16,O=[N+]([O-])c1cc[nH]c1NCCSCc1ccccn1,2.07,2.3,0.7,1.7,2.0043
"6,8-Dihydroxyflavone",O=c1cc(-c2ccccc2)oc2c(O)cc(O)cc12,2.13,1.76,1.15,1.05,1.7871
p-Bromo-3-phenyl-1-methylurea,CNC(=O)Nc1ccc(Br)cc1,1.335,1.63,0.75,0.63,1.3885
N-Methyl-N'-propylcyanoguanidine,CCCN(C#N)C(=N)NC,0.6,0.6,0.43,1.17,1.2242
4-Methylphenylacetamide,Cc1cccc(CC(N)=O)c1,0.95,1.26,0.45,0.91,1.2546
Methyl 2-phenyl-3-hydroxypropanoate,COC(=O)C(CO)c1ccccc1,0.9,1.43,0.37,1.04,1.4131
"3-Hexanoyloxymethyl-5,5-diphenylhydantoin",CCCCCC(=O)OCN1C(=O)NC(c2ccccc2)(c2ccccc2)C1=O,1.772,2.72,0.2,1.43,2.93
N-Phenyl-2-(trifluoromethyl)benzothiamide,FC(F)(F)c1ccccc1C(=S)Nc1ccccc1,1.56,2.21,0.35,0.65,1.8794
N-Acetylstobadine,CC(=O)N1c2ccc(C)cc2C2CN(C)CCC21,1.56,1.49,0.0,1.22,1.9826
Isobutyl 3-methyl-2-butanoate,CC(C)=CC(=O)OCC(C)C,0.21,0.55,0.0,0.5,1.4081
{[4‐(cyanomethyl)phenyl]formamido}acetic acid,N#CCc1ccc(C(=O)NCC(=O)O)cc1,1.42,2.85,1.02,1.21,1.6246
Diethyltrisulfide,CCSSSCC,1.04,0.67,0.0,0.34,1.1627
(1E)-N'-Isonicotinoyl-2-(2-methylphenoxy)ethanehydrazonamide,Cc1ccccc1OCC(N)=NNC(=O)c1ccncc1,2.0,2.0,0.55,1.67,2.1775
(2‐{2‐[(4‐methylphenyl)formamido]acetamido}acetamido)acetic acid,Cc1ccc(C(=O)NCC(=O)NCC(=O)NCC(=O)O)cc1,1.9,4.51,1.5,1.8,2.2645
2-Dimethylaminopyrimidine,CN(C)c1ncccn1,0.94,0.9,0.0,0.72,1.0158
1-Methylcarbonyl-5-fluorouracil,CC(=O)n1cc(F)c(=O)[nH]c1=O,0.87,1.55,0.11,0.89,1.0668
1-Chlorpromazine,CN(C)CCCN1c2ccccc2Sc2cccc(Cl)c21,2.16,1.56,0.0,1.0,2.4056
a-Nitro-4-aminophenylmethylsulfone,Nc1ccc(S(=O)(=O)C[N+](=O)[O-])cc1,1.71,2.46,0.34,1.25,1.4122
4-Amino-4'methoxycarbonyldiphenylsulfone,COC(=O)c1ccc(S(=O)(=O)c2ccc(N)cc2)cc1,2.01,2.72,0.41,1.16,2.0611
1-Ethyl-3-isobutylbenzene,CCc1cccc(CC(C)C)c1,0.611,0.5,0.0,0.19,1.5618
3-Methoxy-4-chlorobenzoic acid,COc1cc(C(=O)O)ccc1Cl,0.94,1.19,0.64,0.47,1.2537
"3-Bromo-1,2-dodecandiol",CCCCCCCCCC(Br)C(O)CO,0.71,1.35,0.81,0.89,2.0918
Tolmesoxide,COc1cc(C)c(S(C)=O)cc1OC,1.24,2.06,0.0,1.14,1.6196
Naproxen tert-butyl ester,COc1ccc2cc(C(C)C(=O)OC(C)(C)C)ccc2c1,1.41,1.57,0.0,0.89,2.3457
Butyl-tert-pentylsulfide,CCCCSC(C)(C)CC,0.307,0.28,0.0,0.48,1.5402
4-Phenyl-2-(2-aminoethyl)thiazole,NCCc1nc(-c2ccccc2)cs1,1.57,1.7,0.16,0.95,1.5894
cis-2-Hexenyl butanoate,CCCC=CCOC(=O)CCC,0.165,0.55,0.0,0.45,1.549
trans-2-Hexenyl butanoate,CCCC=CCOC(=O)CCC,0.165,0.55,0.0,0.45,1.549
3-Heptylcarbonyloxymethyl-5-fluorouracil,CCCCCCCC(=O)OCn1c(=O)[nH]cc(F)c1=O,0.86,1.7,0.25,1.14,2.1118
N-Methyl-N-butylbenzamide,CCCCN(C)C(=O)c1ccccc1,0.95,1.4,0.0,0.97,1.6773
1-Hydroxypentyl-2-methyl-3-hydroxypyridin-4-one,CCc1c(O)c(=O)ccn1CCCCO,1.109,1.47,0.5,1.6,1.6968
"2,4,6,7-Tetramethyldibenzothiophene",Cc1cc(C)c2sc3c(C)c(C)ccc3c2c1,1.96,1.18,0.0,0.25,1.9427
N-Nitrosobutylpentylamine,CCCCCN(CCCC)N=O,0.29,0.98,0.0,0.65,1.592
Isopropyl 3-butenoate,C=CCC(=O)OC(C)C,0.162,0.56,0.0,0.45,1.1263
"4-Methyl-N,N-diethylbenzylamine",CCN(CC)Cc1cccc(C)c1,0.66,0.78,0.0,0.7,1.6616
1-Propylaminocarbonyl-5-fluorouracil,CCCNC(=O)n1cc(F)c(=O)[nH]c1=O,1.13,1.85,0.37,0.94,1.4484
"3,4,7-Trimethyldibenzothiophene",Cc1ccc2c(c1)sc1c(C)c(C)ccc12,1.96,1.18,0.0,0.23,1.8018
"1-Methylbuta-1,3-diene",C=CC=CC,0.31,0.23,0.0,0.1,0.7271
"1,3-Dimethyl-5-isobutylbenzene",Cc1cc(C)cc(CC(C)C)c1,0.628,0.51,0.0,0.2,1.5618
"5-Methylnaphtho[2,1-b]thiophene",Cc1cc2sccc2c2ccccc12,2.03,1.22,0.0,0.26,1.52
"trans-3,4-Dimethylpent-2-ene",CC=C(C)C(C)C,0.158,0.1,0.0,0.12,1.0519
1-Decyloxy-5-fluorouracil,CCCCCCCCCCC(=O)n1cc(F)c(=O)[nH]c1=O,0.87,1.55,0.0,0.94,2.3349
"cis-2,3-Dimethylhex-3-ene",CCC=C(C)C(C)C,0.13,0.1,0.0,0.12,1.1928
Butylisopentylsulfide,CCCCSCCC(C)C,0.317,0.37,0.0,0.38,1.5402
2-Methyl-5-pentoxymethyl-8-hydroxyquinoline,CCCCCOCc1ccc(O)c2nc(C)ccc12,1.44,1.04,0.0,1.06,2.148
1-Naphthalenetrimethylamine,CN(C)Cc1cccc2ccccc12,1.398,1.2,0.0,0.75,1.6079
{[4‐(hydroxymethyl)phenyl]formamido}acetic acid,O=C(O)CNC(=O)c1ccc(CO)cc1,1.47,2.57,1.43,1.28,1.5286
BESP,CCN1CN(c2ccc(Br)cc2)C2(CCN(CCCC(=O)c3ccc(F)cc3)CC2)C1=O,2.55,3.41,0.0,2.0,3.4622
SKF 89124,CCCN(CCC)CCc1ccc(O)c2c1CC(=O)N2,1.53,1.82,0.75,1.75,2.2908
1-Butylaminocarbonyl-5-fluorouracil,CCCCNC(=O)n1cc(F)c(=O)[nH]c1=O,1.13,1.85,0.37,0.94,1.5893
Ethyl decyl phthalate,CCCCCCCCCCOC(=O)c1ccccc1C(=O)OCC,0.67,1.29,0.0,0.96,2.8378
Propyl-t-pentylsulfide,CCCSC(C)(C)CC,0.313,0.28,0.0,0.48,1.3993
"2,4,6,8-Tetramethyldibenzothiophene",Cc1cc(C)c2sc3c(C)cc(C)cc3c2c1,1.96,1.18,0.0,0.23,1.9427
1-Isopropyl-2-ethyl-3-hydroxypyridin-4-one,CCc1c(O)c(=O)ccn1C(C)C,0.85,1.31,0.1,1.21,1.4972
SKB29,CN(C)Cc1ccnc(-c2cccc(Nc3[nH]ccc3[N+](=O)[O-])c2)c1,2.59,2.51,0.46,2.05,2.5484
Ethylheptylsulfide,CCCCCCCSCC,0.338,0.34,0.0,0.36,1.5402
"1-Isopentyl-3-nitro-1,2,4-triazole",CC(C)CCn1cnc([N+](=O)[O-])n1,1.284,1.83,0.0,0.81,1.3739
"4-Methylnaphtho[2,1-b]thiophene",Cc1cc2ccccc2c2ccsc12,2.03,1.22,0.0,0.26,1.52
"8-Methylnaphtho[1,2-b]thiophene",Cc1ccc2ccc3ccsc3c2c1,2.03,1.22,0.0,0.26,1.52
SKB20,NC(N)=Nc1nc(-c2cccc(N)c2)cs1,2.46,1.95,0.98,1.38,1.7049
Vinylthiol,C=CS,0.446,0.51,0.0,0.27,0.5109
6-Propylcarbonyloxymethylmercaptopurine,CCCC(=O)OCSc1ncnc2nc[nH]c12,1.83,2.0,0.14,1.42,1.7655
1-Hydroxyethyl-2-ethyl-3-hydroxypyyridin-4-one,CCc1c(O)c(=O)ccn1CCO,1.134,1.47,0.5,1.6,1.415
"4-Chloro-N,N-dimethylbenzenesulfonamide",CN(C)S(=O)(=O)c1ccc(Cl)cc1,1.21,1.31,0.0,0.93,1.5013
7-Propyloxycarbonyltheophylline,CCCOC(=O)n1cnc2c1c(=O)n(C)c(=O)n2C,1.43,2.46,0.0,1.36,1.8603
"2,6-Diiodobenzoic acid",O=C(O)c1c(I)cccc1I,2.01,1.73,0.88,0.56,1.4481
sec-Butyl butanoate,CCCC(=O)OC(C)CC,0.005,0.53,0.0,0.47,1.3102
Dicyclohexyl-24-crown-8,C1CCC2OCCOCCOCCOC3CCCCC3OCCOCCOCCOC2C1,1.0,2.1,0.0,2.73,3.634
(1E)-N'-Isonicotinoyl-2-(3-methylphenoxy)ethanehydrazonamide,Cc1cccc(OCC(N)=NNC(=O)c2ccncc2)c1,2.0,2.0,0.55,1.67,2.1775
Cortisone-21-propanoate,CCC(=O)OCC(=O)C1(O)CCC2C3CCC4=CC(=O)CCC4(C)C3C(=O)CC21C,1.8,3.28,0.21,2.13,3.193
"2',5'-Dihydroxyflavone",O=c1cc(-c2cc(O)ccc2O)oc2ccccc12,2.15,1.93,1.05,1.06,1.7871
Isopropyl 3-methyl-2-butanoate,CC(C)=CC(=O)OC(C)C,0.23,0.54,0.0,0.5,1.2672
3-Methoxyphenyl acetate,COc1cccc(OC(C)=O)c1,0.77,1.35,0.0,0.68,1.2722
"1,2-Dimethyl-3-tert-butylbenzene",Cc1cccc(C(C)(C)C)c1C,0.745,0.59,0.0,0.22,1.5618
1-Benzyl-2-(benzylthio)-1H-benzimidazole,c1ccc(CSc2nc3ccccc3n2Cc2ccccc2)cc1,2.86,2.31,0.0,0.93,2.5662
N-Chlorofluoroacetamide,O=C(CF)NCl,0.34,1.38,0.51,0.26,0.646
TMC207,COc1nc2ccc(Br)cc2cc1C(c1ccccc1)C(O)(CCN(C)C)c1cccc2ccccc12,3.98,3.0,0.31,2.0,4.0074
11-b-Ethylestradiol,CCC1CC2(C)C(O)CCC2C2CCc3cc(O)ccc3C12,1.8,1.8,0.86,1.12,2.4806
Ethyl 9H-xanthene-1-carboxylate,CCOC(=O)c1cccc2c1Cc1ccccc1O2,1.6,1.4,0.0,0.55,1.9123
Propyl trichloroacetate,CCCOC(=O)C(Cl)(Cl)Cl,0.345,0.72,0.0,0.35,1.2547
N-[4-(Methoxymethyl)benzoyl]glycine,COCc1ccc(C(=O)NCC(=O)O)cc1,1.36,2.55,1.02,1.15,1.6695
"3',6-dihydroxyisoflavone",O=c1c(-c2cccc(O)c2)coc2ccc(O)cc12,2.23,1.78,1.26,1.22,1.7871
7-Methylcarbonyltheophylline,CC(=O)n1cnc2c1c(=O)n(C)c(=O)n2C,1.5,2.41,0.0,1.36,1.5198
BPSP,CCCN1CN(c2ccc(Br)cc2)C2(CCN(CCCC(=O)c3ccc(F)cc3)CC2)C1=O,2.55,3.41,0.0,2.0,3.6031
"3',7-Dihydroxyisoflavone",O=c1c(-c2cccc(O)c2)coc2cc(O)ccc12,2.21,1.78,1.33,1.22,1.7871
"6,7-Dihydroxyisoflavone",O=c1c(-c2ccccc2)coc2cc(O)c(O)cc12,2.13,1.89,0.88,1.08,1.7871
"4‐(2,5‐dioxo‐4‐phenylimidazolidin‐4‐yl)benzamide",NC(=O)c1ccc(C2(c3ccccc3)NC(=O)NC2=O)cc1,2.12,3.1,1.35,1.52,2.1257
"4-Phenoxy-N,N-dimethylaniline",CN(C)c1ccc(Oc2ccccc2)cc1,1.56,1.62,0.0,0.56,1.7645
N-Propionylhexamethyleneimine,CCC(=O)N1CCCCCC1,0.3,1.25,0.0,0.8,1.3836
Triethyleneglycolhexylether,CCCCCCOCCOCCOCCO,0.15,0.95,0.28,1.44,2.0342
"2,3'-Dihydroxyisoflavone",O=c1c(-c2cccc(O)c2)c(O)oc2ccccc12,2.18,1.87,1.15,1.24,1.7871
"N,N'-Dimethylcyanoguanidine",CNC(=N)N(C)C#N,0.6,0.6,0.43,1.11,0.9424
tert-Pentyl propanoate,CCC(=O)OC(C)(C)CC,0.005,0.52,0.0,0.48,1.3102
"2-Methylnaphtho[1,2-b]thiophene",Cc1cc2ccc3ccccc3c2s1,2.03,1.22,0.0,0.26,1.52
3-Propylcarbonyloxymethyl-5-fluorouracil,CCCC(=O)OCn1c(=O)[nH]cc(F)c1=O,0.86,1.7,0.3,1.1,1.5482
6-Heptylcarbonyloxymethylmercaptopurine,CCCCCCCC(=O)OCSc1ncnc2nc[nH]c12,1.83,2.0,0.1,1.48,2.3291
17a-Methyltestosterone acetate,CC(=O)OC1(C)CCC2C3CCC4=CC(=O)CCC4(C)C3CCC21C,1.34,2.73,0.0,1.15,2.8211
Pentylisopropylsulfide,CCCCCSC(C)C,0.333,0.33,0.0,0.42,1.3993
4-Heptanoyl-1-phenyl-3-methyl-5-pyrazolone,CCCCCCC(=O)C1C(=O)N(c2ccccc2)N=C1C,1.54,1.32,0.0,1.11,2.3457
Naproxen propyl ester,CCCOC(=O)C(C)c1ccc2cc(OC)ccc2c1,1.43,1.63,0.0,0.89,2.2048
Methyl 4-[(E)-(isonicotinylhydrazone)methyl] benzoate,COC(=O)c1ccc(C=NNC(=O)c2ccncc2)cc1,1.79,2.14,0.33,1.52,2.0934
sec-Butyl 4-aminobenzoate,CCC(C)OC(=O)c1ccc(N)cc1,1.0,1.36,0.28,0.71,1.5951
"2,7-Diamino-9-ethyl-10-phenylphenanthrene",CCc1c(-c2ccccc2)c2cc(N)ccc2c2ccc(N)cc12,3.45,2.54,0.45,1.05,2.5436
1-Methylcarbonyloxymethyl-5-F-uracil,CC(=O)OCn1cc(F)c(=O)[nH]c1=O,0.86,1.6,0.28,1.18,1.2664
4-Methyl-N-ethylbenzylamine,CCNCc1ccc(C)cc1,0.79,0.75,0.14,0.76,1.3798
Isopropyl 2-ethylbutanoate,CCC(CC)C(=O)OC(C)C,0.05,0.44,0.0,0.49,1.4511
5-Allyl-5-butylbarbital,C=CCC1(CCCC)C(=O)NC(=O)NC1=O,1.16,1.23,0.49,1.26,1.7536
3-Bromododecane,CCCCCCCCCC(Br)CC,0.29,0.35,0.0,0.14,1.9744
"1-methyl-1,3-dihydro-2H-indol-2-one",CN1C(=O)Cc2ccccc21,1.21,2.22,0.0,0.49,1.146
"1,3,7-Trimethyldibenzothiophene",Cc1ccc2c(c1)sc1cc(C)cc(C)c12,1.96,1.18,0.0,0.22,1.8018
1-Amino-2-(1-naphthyl)ethane,NCCc1cccc2ccccc12,1.554,1.27,0.2,0.78,1.467
"4‐(2,5‐dioxo‐4‐phenylimidazolidin‐4‐yl)benzaldehyde",O=Cc1ccc(C2(c3ccccc3)NC(=O)NC2=O)cc1,2.06,2.73,0.86,1.25,2.0259
"2',6-dihydroxyisoflavone",O=c1c(-c2ccccc2O)coc2ccc(O)cc12,2.23,1.82,1.26,1.21,1.7871
Propyl eicosanate,CCCCCCCCCCCCCCCCCCCC(=O)OCCC,-0.03,0.56,0.0,0.45,3.4237
trans-Hept-3-en-1-ol,CCCC=CCCO,0.33,0.47,0.37,0.6,1.1106
Butyl trichloroaacetate,CCCCOC(=O)C(Cl)(Cl)Cl,0.313,0.72,0.0,0.35,1.3956
1-Nonylcarbonyloxymethyl-5-F-uracil,CCCCCCCCCC(=O)OCn1c(=O)[nH]cc(F)c1=O,0.86,1.6,0.28,1.15,2.3936
6-Butylcarbonyloxymethylmercaptopurine,CCCCC(=O)OCSc1ncnc2nc[nH]c12,1.83,2.0,0.14,1.43,1.9064
2'-Hydroxy-5'-ethyl-4-nitroazobenzene,CCc1ccc(O)c(N=Nc2ccc([N+](=O)[O-])cc2)c1,1.866,1.37,0.5,0.75,1.9955
Hexyl 4-methylpentanoate,CCCCCCOC(=O)CCC(C)C,0.05,0.51,0.0,0.47,1.8738
3-Propylcarbonyl-5-fluorouracil,CCCC(=O)n1c(=O)[nH]cc(F)c1=O,0.87,1.72,0.12,0.92,1.3486
Isopropyl-4-formylphenoxyacetate,CC(C)OC(=O)COc1ccc(C=O)cc1,0.94,1.78,0.0,0.98,1.7106
N-Methylcyanoguanidine,CNC(=N)NC#N,0.65,0.6,0.45,1.07,0.8015
2-Octyl acetate,CCCCCCC(C)OC(C)=O,0.05,0.58,0.0,0.47,1.592
7-Butylcarbonyltheophylline,CCCCC(=O)n1cnc2c1c(=O)n(C)c(=O)n2C,1.5,2.41,0.0,1.35,1.9425
"7-Methylnaphtho[2,1-b]thiophene",Cc1ccc2c(ccc3sccc32)c1,2.03,1.22,0.0,0.26,1.52
cis-N-Acetyl-4-isobutylcylohexylamine,CC(=O)NC1CCC(CC(C)C)CC1,0.48,1.4,0.4,0.74,1.8063
trans-N-Acetyl-4-isobutylcylohexylamine,CC(=O)NC1CCC(CC(C)C)CC1,0.46,1.4,0.4,0.74,1.8063
g-Patchoulene,C=C1CCC2CC3C(C)CCC13C2(C)C,0.72,0.22,0.0,0.2,1.8533
cis-2-Hexenyl formate,CCCC=CCOC=O,0.213,0.65,0.0,0.45,1.1263
trans-2-Hexenyl formate,CCCC=CCOC=O,0.222,0.64,0.0,0.45,1.1263
"trans-3,3',4,4'-Tetrachloroazobenzene",Clc1ccc(N=Nc2ccc(Cl)c(Cl)c2)cc1Cl,2.0,1.34,0.0,0.25,1.9704
4-Methyl-3-methoxyphenol,COc1cc(O)ccc1C,0.894,1.17,0.58,0.45,1.1156
3-Bromophenylcarbamate,NC(=O)Oc1cccc(Br)c1,1.29,1.7,0.63,0.53,1.2065
2-Heptoxyphenol,CCCCCCCOc1ccccc1O,0.79,0.92,0.2,0.58,1.8201
g-Hexadecalactone,CCCCCCCCCCCCC1CCC(=O)O1,0.244,1.45,0.0,0.64,2.3288
N-Nitrosoethylpropylamine,CCCN(CC)N=O,0.34,1.05,0.0,0.61,1.0284
"1,3-Dimethyl-2-isobutylbenzene",Cc1cccc(C)c1CC(C)C,0.723,0.6,0.0,0.2,1.5618
1-(Biphenyl-4-ylmethyl)pyridin-4(1H)-one,O=c1ccn(Cc2ccc(-c3ccccc3)cc2)cc1,2.03,1.96,0.0,1.35,2.0905
ORG36410,CC#CC1(O)C(O)CC2C3CCC4=CC(=O)CCC4=C3C(c3ccc(C(C)(C)C)cc3)CC21C,2.69,3.21,0.64,1.95,3.7656
5-Iodo-8-hydroxyquinoline,Oc1ccc(I)c2cccnc12,1.98,1.32,0.0,0.47,1.3612
Isopropyl 4-methylpentanoate,CC(C)CCC(=O)OC(C)C,0.04,0.5,0.0,0.49,1.4511
Hexyl 2-ethylbutanoate,CCCCCCOC(=O)C(CC)CC,0.027,0.47,0.0,0.47,1.8738
[2‐(4‐methylphenyl)acetamido]acetic acid,Cc1ccc(CC(=O)NCC(=O)O)cc1,0.996,1.72,1.04,1.18,1.6108
"4-Amino-4'-N,N-diethylcarboxamidodiphenylsulfone",CCN(CC)C(=O)c1ccc(S(=O)(=O)c2ccc(N)cc2)cc1,2.23,2.96,0.2,1.85,2.5249
N'-(4-Phenylcyclohexylidene)isonicotinohydrazide,O=C(NN=C1CCC(c2ccccc2)CC1)c1ccncc1,1.9,2.07,0.33,1.25,2.3331
Propyl heptadecanoate,CCCCCCCCCCCCCCCCC(=O)OCCC,-0.02,0.56,0.0,0.45,3.001
4-tert-Octyl-2-cyclohexylphenol,CCCCCC(C)(C)c1ccc(O)c(C2CCCCC2)c1,0.997,0.94,0.41,0.55,2.6391
N-Butylthalidomide,CCCCN1C(=O)CCC(N2C(=O)c3ccccc3C2=O)C1=O,1.886,2.44,0.0,1.27,2.3115
"3','5-Dihydroxyflavone",O=c1cc(-c2cccc(O)c2)oc2cccc(O)c12,2.14,1.9,0.67,0.85,1.7871
7-Ethylbenzo[b]thiophene,CCc1cccc2ccsc12,1.32,0.85,0.0,0.19,1.2919
2'-Hydroxyisoflavone,O=c1c(-c2ccccc2O)coc2ccccc12,2.0,1.79,0.65,0.91,1.7284
"1-Phenyl-1,3,3-trimethylurea",CN(C)C(=O)N(C)c1ccccc1,1.03,1.72,0.0,0.9,1.4953
2-Furamide,NC(=O)c1ccco1,0.91,0.92,0.34,0.8,0.7927
"1,2,4-Thiadiazole, Compound IV",CC(O)Cc1nsc(Nc2ccc(F)cc2)n1,1.78,1.21,0.5,1.17,1.7656
tert-Butyl butanoate,CCCC(=O)OC(C)(C)C,-0.01,0.5,0.0,0.47,1.3102
4-(2-Chloroethyl)toluene,Cc1ccc(CCCl)cc1,0.8,0.9,0.0,0.27,1.2615
"5,6-Dimethylbenzo[b]thiophene",Cc1cc2ccsc2cc1C,1.32,0.85,0.0,0.21,1.2919
cis-N-Acetyl-4-n-pentylcylohexylamine,CCCCCC1CCC(NC(C)=O)CC1,0.48,1.4,0.4,0.74,1.9472
trans-N-Acetyl-4-n-pentylcylohexylamine,CCCCCC1CCC(NC(C)=O)CC1,0.46,1.4,0.4,0.74,1.9472
"N,N-Dimethyl-2-phenylethylamine",CN(C)CCc1ccccc1,0.7,0.76,0.0,0.83,1.3798
"3-Methylnaphtho[1,2-b]thiophene",Cc1csc2c1ccc1ccccc12,2.03,1.22,0.0,0.26,1.52
Pentyl-t-pentylsulfide,CCCCCSC(C)(C)CC,0.301,0.28,0.0,0.48,1.6811
2-(Benzhydrylthio)-1H-benzimidazole,c1ccc(C(Sc2nc3ccccc3[nH]2)c2ccccc2)cc1,2.93,2.36,0.38,0.76,2.4253
"o-Chloro-1-phenyl-3,3-dimethylurea",CN(C)C(=O)Nc1ccccc1Cl,1.128,1.36,0.37,1.02,1.4768
o-Methoxy-3-phenyl-1-methylurea,CNC(=O)Nc1ccccc1OC,1.113,1.44,0.67,0.99,1.4131
N-(3-Hydroxypropanoyl)glycine,O=C(O)CNC(=O)CCO,0.826,2.15,0.9,1.27,1.0617
"2,6,2',6'-Tetraethylbenzophenone",CCc1cccc(CC)c1C(=O)c1c(CC)cccc1CC,1.45,1.5,0.0,0.78,2.608
"4-Methylnaphtho[1,2-b]thiophene",Cc1cc2ccccc2c2sccc12,2.03,1.22,0.0,0.26,1.52
5-(3-Methyl-2-butenyl)-5-propylbarbital,CCCC1(CC=C(C)C)C(=O)NC(=O)NC1=O,1.16,1.2,0.49,1.28,1.8945
Cycloheptylcarboxaldehyde,O=CC1CCCCCC1,0.43,0.7,0.0,0.44,1.1429
4-Isopropylphenylcarbamate,CC(C)c1ccc(OC(N)=O)cc1,0.93,1.59,0.62,0.6,1.4542
"2,4,6-Trimethyldibenzothiophene",Cc1cc(C)c2sc3c(C)cccc3c2c1,1.96,1.18,0.0,0.22,1.8018
1-Hexyl-2-methyl-3-hydroxypyridin-4-one,CCCCCCn1ccc(=O)c(O)c1C,0.905,1.31,0.1,1.21,1.779
Hydrocortisone-21-methylpimelate,COC(=O)CCCCCC(=O)OCC(=O)C1(O)CCC2C3CCC4=CC(=O)CCC4(C)C3C(O)CC21C,1.93,3.49,0.46,2.61,4.0149
"1,1-dichloro-2-(difluoromethoxy)-1,2,2-trifluoroethane",FC(F)OC(F)(F)C(F)(Cl)Cl,-0.096,0.2,0.01,0.08,0.9233
Butyloctylsulfide,CCCCCCCCSCCCC,0.318,0.34,0.0,0.36,1.9629
3'-Nitro-4-hydroxybiphenyl,O=[N+]([O-])c1cccc(-c2ccc(O)cc2)c1,1.75,1.84,0.57,0.54,1.5571
Methyl vanillate dehydro dimer,UnknownSMILES1,1.98,2.57,0.44,1.62,2.5532
4-Methylpyridine thiocyanate complex,UnknownSMILES2,1.27,1.73,0.69,0.88,1.243
7-Hexyloxycarbonyltheophylline,CCCCCCOC(=O)n1cnc2c1c(=O)n(C)c(=O)n2C,1.43,2.46,0.0,1.36,2.283
"9-Methylnaphtho[1,2-b]thiophene",Cc1cccc2ccc3ccsc3c12,2.03,1.22,0.0,0.26,1.52
1-Isopropyl-2-methyl-3-hydroxypyridin-4-one,Cc1c(O)c(=O)ccn1C(C)C,0.9,1.31,0.1,1.21,1.3563
"3-Butanoyloxymethyl-5,5-diphenylhydantoin",CCCC(=O)OCN1C(=O)NC(c2ccccc2)(c2ccccc2)C1=O,1.789,2.71,0.22,1.43,2.6482
trans-2-Hexenyl hexanoate,CCCC=CCOC(=O)CCCCC,0.11,0.54,0.0,0.45,1.8308
3-Propylbenzenesulfonamide,CCCc1cccc(S(N)(=O)=O)c1,1.12,1.45,0.55,0.91,1.5198
"3,7,13,17-Tetramethyl-2,8,12,18-tetrabutyl-5,15-di(o-methoxyphenyl)porphyrin",CCCCC1=C(C)c2nc1cc1[nH]c(c(C)c1CCCC)c(-c1ccccc1OC)c1nc(cc3[nH]c(c(C)c3CCCC)c2-c2ccccc2OC)C(CCCC)=C1C,3.99,3.59,0.31,1.68,6.7426
Ethyl 3-methyl-2-butenoate,CCOC(=O)C=C(C)C,0.288,0.57,0.0,0.41,1.1263
1-Propyloxycarbonyl-5-fluorouracil,CCCOC(=O)n1cc(F)c(=O)[nH]c1=O,0.87,1.65,0.17,1.09,1.4073
"2',8-Dihydroxyisoflavone",O=c1c(-c2ccccc2O)coc2c(O)cccc12,2.21,1.86,1.19,1.22,1.7871
trans-N-Acetyl-4-n-propylcylohexylamine,CCCC1CCC(NC(C)=O)CC1,0.46,1.4,0.4,0.74,1.6654
3-Cyclopentylpropanal,O=CCCC1CCCC1,0.45,0.77,0.0,0.44,1.1429
SKB4,CN(C)Cc1ccc(CSCCNc2nc(=O)c(Cc3ccc4ccccc4c3)c[nH]2)o1,3.167,2.52,0.35,2.5,3.4468
Pentyl-tert-butylsulfide,CCCCCSC(C)(C)C,0.307,0.28,0.0,0.48,1.5402
7-Pentylcarbonyloxymethyltheophylline,CCCCCC(=O)OCn1cnc2c1c(=O)n(C)c(=O)n2C,1.93,2.34,0.0,1.69,2.283
Methylisobutylsulfide,CSCC(C)C,0.35,0.44,0.0,0.36,0.9766
cis-N-Acetyl-4-n-heptylcylohexylamine,CCCCCCCC1CCC(NC(C)=O)CC1,0.48,1.4,0.4,0.74,2.229
2-tert-Butyl-5-phenylphenol,CC(C)(C)c1ccc(-c2ccccc2)cc1O,1.42,1.43,0.55,0.55,1.9465
"1,2-Dimethyl-3-sec-butylbenzene",CCC(C)c1cccc(C)c1C,0.726,0.6,0.0,0.2,1.5618
"4-Methyl-N,N-dimethylbenzylamine",Cc1cccc(CN(C)C)c1,0.66,0.78,0.0,0.7,1.3798
O-Decanoylzidovudine,CCCCCCCCCC(=O)OCC1OC(n2cc(C)c(=O)[nH]c2=O)CC1N=[N+]=[N-],1.74,1.79,0.3,2.0,3.2439
(2‐{N‐methyl‐2‐[(4‐methylphenyl)formamido]acetamido}acetamido)acetic acid,Cc1ccc(C(=O)NCC(=O)N(C)CC(=O)NCC(=O)O)cc1,1.9,4.38,1.25,1.8,2.4054
Dimethyl 2-amino-p-phthalate,COC(=O)c1cccc(N)c1C(=O)OC,1.07,1.6,0.35,0.74,1.5286
4-Methyl-N-pentylbenzylamine,CCCCCNCc1ccc(C)cc1,0.76,0.68,0.14,0.75,1.8025
"2,5-Dimethylhex-2-ene",CC(C)=CCC(C)C,0.125,0.1,0.0,0.12,1.1928
trans-Isosafrole,CC=Cc1ccc2c(c1)OCO2,1.133,1.06,0.0,0.29,1.2458
SKB42,c1cc(CN2CCCCC2)cc(OCCCNc2nc3ccccc3o2)c1,2.694,2.69,0.4,1.4,2.8898
sec-Butylphenylether,CCC(C)Oc1ccccc1,0.636,0.7,0.0,0.4,1.3387
2-Methoxyethylmercury(II) chloride,COC[CH2][Hg][Cl],1.07,1.68,0.13,0.75,0.9868
Iodoaminopotentidine,N#CNC(=NCCNC(=O)c1ccc(N)c(I)c1)NCCCOc1cccc(CN2CCCCC2)c1,3.28,3.04,1.25,2.93,4.0904
Pentyl-sec-butylsulfide,CCCCCSC(C)CC,0.312,0.34,0.0,0.42,1.5402
5-Allyl-5-pentylbarbital,C=CCC1(CCCCC)C(=O)NC(=O)NC1=O,1.16,1.23,0.49,1.26,1.8945
fluoromethyl pentafluoroprop-1-en-2-yl ether,FCOC(=C(F)F)C(F)(F)F,-0.387,0.2,0.0,0.17,0.7941
N-Hydroxyethylcarbamazepine,O=C(NCCO)N1c2ccccc2C=Cc2ccccc21,2.16,2.19,0.68,1.27,2.1511
Heptadecyl trichloroacetate,CCCCCCCCCCCCCCCCCOC(=O)C(Cl)(Cl)Cl,0.244,0.72,0.0,0.35,3.2273
2-Methyl-6-methylene-octan-2-ol,C=C(CC)CCCC(C)(C)O,0.256,0.38,0.31,0.71,1.5333
sec-Butyl propanoate,CCC(=O)OC(C)CC,0.019,0.53,0.0,0.47,1.1693
1-Phenyl-3-cyclobutylurea,O=C(Nc1ccccc1)NC1CCC1,1.32,1.6,0.7,0.82,1.5276
3-Methylphenylcarbamate,Cc1cccc(OC(N)=O)c1,0.99,1.59,0.65,0.56,1.1724
3-(Methylsulfinyl)benzoic acid,CS(=O)c1cccc(C(=O)O)c1,1.29,1.7,0.7,1.13,1.2948
WS3,CCNC(=O)C1CC(C)CCC1C(C)C,0.55,1.55,0.4,0.8,1.9472
F-Isopropylpenbutalol,CC(CF)NCC(O)COc1ccccc1C1CCCC1,1.012,1.14,0.17,1.47,2.3926
3-Cyclohexyloxyphenol,Oc1cccc(OC2CCCCC2)c1,1.2,1.27,0.55,0.53,1.5706
2-Cyclohexylmethyloxyphenol,Oc1ccccc1OCC1CCCCC1,0.999,1.08,0.3,0.6,1.7115
m-Methoxy-3-phenyl-1-methylurea,CNC(=O)Nc1cccc(OC)c1,1.152,1.54,0.69,0.95,1.4131
"1,1,2-trifluoro-2-(fluoromethoxy)propane",CC(F)(OCF)C(F)F,-0.278,-0.1,0.09,0.15,0.8017
1-Methyloxycarbonyl-5-fluorouracil,COC(=O)n1cc(F)c(=O)[nH]c1=O,0.87,1.65,0.18,1.09,1.1255
Octyl 4-biphenylylacetate,CCCCCCCCOC(=O)Cc1ccc(-c2ccccc2)cc1,1.27,1.53,0.0,0.72,2.8076
Taurocholic acid,CC(CCC(=O)NCCS(=O)(=O)O)C1CCC2C3C(O)CC4CC(O)CCC4(C)C3CC(O)C12C,2.24,3.91,1.5,3.6,3.9688
3-Methoxyphenylcarbamate,COc1cccc(OC(N)=O)c1,1.0,1.85,0.65,0.7,1.2311
trans-2-Hexenyl pentanoate,CCCC=CCOC(=O)CCCC,0.149,0.54,0.0,0.45,1.6899
cis-2-Hexenyl pentanoate,CCCC=CCOC(=O)CCCC,0.149,0.55,0.0,0.45,1.6899
5-Octyl-8-hydroxyquinoline,CCCCCCCCc1ccc(O)c2ncccc12,1.4,1.15,0.0,0.58,2.2302
2-(2-Cyclohexylethylthio)-1H-benzimidazole,c1ccc2[nH]c(SCCC3CCCCC3)nc2c1,2.32,1.56,0.38,0.62,2.0874
Triethyleneglycolethylether,CCOCCOCCOCCO,0.221,0.95,0.28,1.44,1.4706
N'-Cyclopentylideneisonicotinohydrazide,O=C(NN=C1CCCC1)c1ccncc1,1.31,1.45,0.33,1.06,1.5844
Cycloundecanol,OC1CCCCCCCCCC1,0.658,0.54,0.27,0.59,1.6086
"1,3,5-Trimethyl-2-butylbenzene",CCCCc1c(C)cc(C)cc1C,0.747,0.6,0.0,0.22,1.7027
Recainam,Cc1cccc(C)c1NC(=O)NCCCNC(C)C,1.2,1.53,0.8,1.55,2.2996
Testosterone phenylacetate,CC12CCC(=O)C=C1CCC1C2CCC2(C)C(OC(=O)Cc3ccccc3)CCC12,2.02,2.65,0.0,1.45,3.288
N-Ethylthalidomide,CCN1C(=O)CCC(N2C(=O)c3ccccc3C2=O)C1=O,1.943,2.44,0.0,1.28,2.0297
N-Methyl-N-(4-methylbenzoyl)glycine,Cc1ccc(C(=O)N(C)CC(=O)O)cc1,1.27,2.34,0.62,1.16,1.6108
"4-Chloro-N,N-diethylbenzylamine",CCN(CC)Cc1ccc(Cl)cc1,0.78,0.81,0.0,0.63,1.6431
"1,2,4-Thiadiazole, Compound V",CC(O)Cc1nsc(Nc2ccc(C(F)(F)F)cc2)n1,1.52,1.16,0.5,1.2,1.9419
1-Heptyloxy-5-fluorouracil,CCCCCCCC(=O)n1cc(F)c(=O)[nH]c1=O,0.87,1.55,0.0,0.94,1.9122
"2,6-Diisopropoxybenzoic acid",CC(C)Oc1cccc(OC(C)C)c1C(=O)O,0.84,1.65,0.67,0.92,1.8945
5-Allyl-5-methylbarbital,C=CCC1(C)C(=O)NC(=O)NC1=O,1.16,1.23,0.49,1.26,1.3309
"6,9-Bis(ethylcarbonyloxymethyl)mercaptopurine",CCC(=O)OCSc1ncnc2ncn(COC(=O)CC)c12,1.9,2.5,0.0,1.64,2.2626
6-Methylcarbonyloxymethylmercaptopurine,CC(=O)OCSc1ncnc2nc[nH]c12,1.834,2.0,0.16,1.4,1.4837
Propyl nonyl phthalate,CCCCCCCCCOC(=O)c1ccccc1C(=O)OCCC,0.67,1.29,0.0,0.96,2.8378
6-Ethylcarbonyloxymethylmercaptopurine,CCC(=O)OCSc1ncnc2nc[nH]c12,1.83,2.0,0.16,1.4,1.6246
8-Hydroxyisoflavone,O=c1c(-c2ccccc2)coc2c(O)cccc12,1.92,1.84,0.54,0.88,1.7284
1-Methylsulfonylacetophenone,CC(=O)c1ccccc1S(C)(=O)=O,0.831,2.05,0.0,1.05,1.4357
m-Bromo-3-phenyl-1-methylurea,CNC(=O)Nc1cccc(Br)c1,1.253,1.63,0.75,0.61,1.3885
2-Hexoxyphenol,CCCCCCOc1ccccc1O,0.79,0.91,0.2,0.58,1.6792
2-Hydroxy-4H-pyran-4-one,O=c1ccoc(O)c1,0.96,1.22,0.5,0.75,0.7516
Hexyl heptyl phthalate,CCCCCCCOC(=O)c1ccccc1C(=O)OCCCCCC,0.66,1.29,0.0,0.97,2.9787
1-Phenylethyltrifluoroacetate,CC(OC(=O)C(F)(F)F)c1ccccc1,0.354,0.69,0.0,0.45,1.4075
"1-Methylnaphtho[2,1-b]thiophene",Cc1csc2ccc3ccccc3c12,2.03,1.22,0.0,0.26,1.52
Monomethylsuccinic acid,CC(CC(=O)O)C(=O)O,0.28,1.19,0.58,0.79,0.9619
"4-Fluoro-2,2-bis(trifluoromethyl)oxetane",FC1CC(C(F)(F)F)(C(F)(F)F)O1,-0.336,0.5,0.0,0.09,0.8871
Dec-1-ene-3-yl acetate,C=CC(CCCCCCC)OC(C)=O,0.137,0.53,0.0,0.49,1.8308
SKB15,O=[N+]([O-])c1cc[nH]c1NCCSCc1ncccc1Br,2.36,2.36,0.4,1.6,2.1793
"3-Pentanoyloxymethyl-5,5-diphenylhydantoin",CCCCC(=O)OCN1C(=O)NC(c2ccccc2)(c2ccccc2)C1=O,1.778,2.73,0.17,1.43,2.7891
2-Methyl-5-hexoxymethyl-8-hydroxyquinoline,CCCCCCOCc1ccc(O)c2nc(C)ccc12,1.44,0.99,0.0,1.09,2.2889
5-Methyloctan-3-one,CCCC(C)CC(=O)CC,0.1,0.65,0.0,0.54,1.3924
2-Methoxypyrazine-6-CO2Me,COC(=O)c1cncc(OC)n1,0.78,1.52,0.0,0.8,1.19
ORG4325,C#CC1(O)CCC2C3CCC4=CC(=O)CCC4C3C(C=C)CC21C,1.94,3.0,0.44,1.42,2.6764
Isopentyl 2-ethylbutanoate,CCC(C)COC(=O)C(CC)CC,0.025,0.47,0.0,0.49,1.7329
"1-Methyl-1,6,7,9a-tetrahydro-4H-pyrido[1,2-a]pyrimidin-4-one",CN1C=CC(=O)N2CCC=CC12,1.24,1.49,0.0,1.12,1.2888
"4-Nitrophenylpropylether,w-SO2Me",CS(=O)(=O)CCCOc1ccc([N+](=O)[O-])cc1,1.52,3.23,0.0,1.0,1.7938
2-N-Phenylaminopyrimidine,c1ccc(Nc2ncccn2)cc1,1.62,1.91,0.22,0.85,1.3418
2-(1-Adamantyl)-4-cresol,Cc1ccc(O)c(C23CC4CC(CC(C4)C2)C3)c1,1.47,1.58,0.52,0.46,1.9992
Naproxen isobutyl ester,COc1ccc2cc(C(C)C(=O)OCC(C)C)ccc2c1,1.43,1.6,0.0,0.89,2.3457
"3-(2,4-Dichlorophenoxy)propanoic acid",O=C(O)CCOc1ccc(Cl)cc1Cl,1.2,1.33,0.63,0.63,1.517
Triethyleneglycoloctylether,CCCCCCCCOCCOCCOCCO,0.119,0.94,0.28,1.43,2.316
Cyclotetradecanemethanol,OCC1CCCCCCCCCCCCC1,0.51,0.79,0.31,0.43,2.1722
Non-6-en-1-ol,CCC=CCCCCCO,0.28,0.48,0.37,0.55,1.3924
4-Hexylcinnamaldehyde,CCCCCCc1ccc(C=CC=O)cc1,1.2,1.2,0.0,0.51,1.9572
5-Hydroxyisoflavone,O=c1c(-c2ccccc2)coc2cccc(O)c12,1.91,1.93,0.02,0.57,1.7284
"4-Hexyromethylamino-N,N-dimethylbenzenesulfonamide",CCCCCC(=O)N(C)c1ccc(S(=O)(=O)N(C)C)cc1,1.44,2.78,0.0,1.45,2.4807
WS23,CNC(=O)C(C)(C)C(C)C,0.31,1.26,0.4,0.78,1.3513
N-Norbornyltrifluoroacetamide,O=C(NC1CC2CCC1C2)C(F)(F)F,0.108,0.72,0.35,0.37,1.3281
Terfenadinedesoxyanalog,CC(C)(C)c1ccc(CCCCN2CCC(C(O)(c3ccccc3)c3ccccc3)CC2)cc1,2.53,1.96,0.35,1.94,3.9545
1-Ethyl-2-isobutylbenzene,CCc1ccccc1CC(C)C,0.653,0.54,0.0,0.19,1.5618
ORG32540,C=C1CC2(CC)C(C=CC2(O)CN=[N+]=[N-])C2CCC3=CC(=O)CCC3C12,2.12,2.8,0.32,1.4,2.7919
3-Phenylbenzoic acid,O=C(O)c1cccc(-c2ccccc2)c1,1.48,1.3,0.59,0.5,1.5395
"4',8-Dihydroxyflavone",O=c1cc(-c2ccc(O)cc2)oc2c(O)cccc12,2.15,1.9,1.23,1.05,1.7871
1-Isopropyl-2-propylbenzene,CCCc1ccccc1C(C)C,0.64,0.52,0.0,0.2,1.5618
5-Allyl-5-(2-cyclopenten-1-yl)barbital,C=CCC1(C2C=CCC2)C(=O)NC(=O)NC1=O,1.57,1.44,0.49,1.36,1.7429
p-Chloro-3-phenyl-1-methylurea,CNC(=O)Nc1ccc(Cl)cc1,1.185,1.57,0.87,0.61,1.3359
"3,7,13,17-Tetramethyl-2,8,12,18-tetrabutyl-5,15-di(m-methoxyphenyl)porphyrin",CCCCC1=C(C)c2nc1cc1[nH]c(c(C)c1CCCC)c(-c1cccc(OC)c1)c1nc(cc3[nH]c(c(C)c3CCCC)c2-c2cccc(OC)c2)C(CCCC)=C1C,3.99,3.42,0.31,1.6,6.7426
6-Ethylbenzo[b]thiophene,CCc1ccc2ccsc2c1,1.32,0.85,0.0,0.19,1.2919
trans-3-Hexenyl pentanoate,CCC=CCCOC(=O)CCCC,0.141,0.54,0.0,0.45,1.6899
1-Ethyl-2-(ethylthio)-1H-benzimidazole,CCSc1nc2ccccc2n1CC,1.71,1.25,0.0,0.64,1.6324
3-Hexoxyphenol,CCCCCCOc1cccc(O)c1,0.8,1.15,0.55,0.46,1.6792
1-Cyano-4-(methylthio)pentane,CSCCCCC#N,0.53,1.23,0.0,0.69,1.1313
"8-Methylnaphtho[2,1-b]thiophene",Cc1ccc2ccc3sccc3c2c1,2.03,1.22,0.0,0.26,1.52
Butyl-tert-butylsulfide,CCCCSC(C)(C)C,0.313,0.28,0.0,0.48,1.3993
w-Methoxy-ethyl benzoate,COCCOC(=O)c1ccccc1,0.71,1.05,0.0,0.84,1.4131
"4-Formylmethylamino-N,N-dimethylbenzenesulfonamide",CN(C=O)c1ccc(S(=O)(=O)N(C)C)cc1,1.5,2.76,0.0,1.27,1.7762
4-Carbmethoxypyridine-N-oxide,COC(=O)c1cc[n+]([O-])cc1,0.8,1.28,0.36,1.13,1.0902
N'-Nonanoylisonicotinoyl-hydrazine,CCCCCCCCC(=O)NNC(=O)c1ccncc1,1.25,2.35,0.45,1.23,2.3153
4-Undecylaniline,CCCCCCCCCCCc1ccc(N)cc1,0.879,0.92,0.23,0.46,2.3661
{[4‐(chloromethyl)phenyl]formamido}acetic acid,O=C(O)CNC(=O)c1ccc(CCl)cc1,1.475,2.57,1.02,0.95,1.5923
Pentylisopentylsulfide,CCCCCSCCC(C)C,0.311,0.37,0.0,0.38,1.6811
N-Methyl-4-methylphenylacetamide,CNC(=O)Cc1ccc(C)cc1,0.84,1.25,0.29,0.98,1.3955
1-[4-(Trifluoromethyl)benzyl]pyridin-2(1H)-one,O=c1ccccn1Cc1ccc(C(F)(F)F)cc1,1.04,1.68,0.0,0.82,1.6767
Terfenadineketoanalog,CC(C)(C)c1ccc(C(=O)CCCN2CCC(C(O)(c3ccccc3)c3ccccc3)CC2)cc1,2.6,2.3,0.35,2.25,3.9702
"2-Bromo-1,2-dodecandiol",CCCCCCCCCCC(O)(Br)CO,0.71,1.35,0.72,0.82,2.0918
4-Methyl-N-methylbenzylamine,CNCc1ccc(C)cc1,0.8,0.74,0.14,0.73,1.2389
"4-Acetylmethylamino-N,N-dimethylbenzenesulfonamide",CC(=O)N(C)c1ccc(S(=O)(=O)N(C)C)cc1,1.44,2.74,0.0,1.45,1.9171
"cis-3,4-Difluoro-2,2-bis(trifluoromethyl)oxetane",FC1OC(C(F)(F)F)(C(F)(F)F)C1F,-0.434,0.54,0.0,0.09,0.9048
"trans-3,4-Difluoro-2,2-bis(trifluoromethyl)oxetane",FC1OC(C(F)(F)F)(C(F)(F)F)C1F,-0.434,0.13,0.0,0.12,0.9048
"4,6-Dimethylbenzo[b]thiophene",Cc1cc(C)c2ccsc2c1,1.32,0.85,0.0,0.2,1.2919
"3,7-Dimethylbenzo[b]thiophene",Cc1csc2c(C)cccc12,1.32,0.85,0.0,0.2,1.2919
"3',6-Dihydroxyflavone",O=c1cc(-c2cccc(O)c2)oc2ccc(O)cc12,2.21,1.9,1.26,1.05,1.7871
1-Pentylcarbonyloxymethyl-5-F-uracil,CCCCCC(=O)OCn1cc(F)c(=O)[nH]c1=O,0.86,1.6,0.28,1.15,1.83
Phyt-2-ene,CC(C)=CCCC(C)CCCC(C)CCCC(C)C,0.05,0.1,0.0,0.1,2.8836
ORG30659,C#CC1(O)C=CC2C3CCC4=CC(=O)CCC4C3C(=C)CC21C,2.04,3.12,0.44,1.43,2.4925
4-Methyl-3-methoxyphenyl acetate,COc1cc(OC(C)=O)ccc1C,0.77,1.32,0.0,0.7,1.4131
4-Amino-4'-fluorodiphenylsulfone,Nc1ccc(S(=O)(=O)c2ccc(F)cc2)cc1,1.76,2.35,0.41,0.87,1.7226
"6,8-Dihydroxyisoflavone",O=c1c(-c2ccccc2)coc2c(O)cc(O)cc12,2.13,1.81,1.15,1.18,1.7871
N-Methylcarbamazepine,CNC(=O)N1c2ccccc2C=Cc2ccccc21,2.0,2.1,0.3,0.86,1.9515
"N,N-Dipropylbenzylamine",CCCN(CCC)Cc1ccccc1,0.66,0.77,0.0,0.7,1.8025
SKB36,c1ccc(NCCCOc2cccc(CN3CCCCC3)c2)nc1,1.989,2.1,0.13,1.38,2.7009
4-Methyloctan-2-one,CCCCC(C)CC(C)=O,0.1,0.68,0.0,0.53,1.3924
"3,4,6-Trimethyldibenzothiophene",Cc1ccc2c(sc3c(C)cccc32)c1C,1.96,1.18,0.0,0.23,1.8018
N'-(E)-(4-Methanoylbenzylidene)isonicotinohydrazide,O=Cc1ccc(C=NNC(=O)c2ccncc2)cc1,1.96,2.28,0.33,1.46,1.8938
5-(Methoxymethyl)-8-hydroxyquinoline,COCc1ccc(O)c2ncccc12,1.44,1.4,0.0,0.9,1.4435
Isopropylmercury(II) chloride,C[CH](C)[Hg][Cl],0.98,1.49,0.1,0.3,0.9281
"1,2,4-Thiadiazole, Compound  VI",CC(O)Cc1nsc(Nc2ccc(C(C)O)cc2)n1,2.07,1.48,0.76,1.75,2.0884
"6-Methylnaphtho[2,1-b]thiophene",Cc1cccc2c1ccc1sccc12,2.03,1.22,0.0,0.26,1.52
N'-(E)-(3-(Hydroxymethyl)benzylidene)isonicotinohydrazide,O=C(NN=Cc1cccc(CO)c1)c1ccncc1,1.97,2.16,0.72,1.62,1.9368
"4-Amino-2',4'-dimethyldiphenylsulfone",Cc1ccc(S(=O)(=O)c2ccc(N)cc2)c(C)c1,1.88,2.6,0.45,0.97,1.9867
Hydrocortisone-21-(w-OH-hexanoate),CC12CCC(=O)C=C1CCC1C2C(O)CC2(C)C1CCC2(O)C(=O)COC(=O)CCCCCO,2.02,3.49,0.83,2.64,3.7174
1-Hydroxypropyl-2-ethyl-3-hydroxypyridin-4-one,CCc1c(O)c(=O)ccn1CCCO,1.121,1.47,0.5,1.6,1.5559
5-Bromododecane,CCCCCCCC(Br)CCCC,0.29,0.35,0.0,0.14,1.9744
7-Butylcarbonyloxymethyltheophylline,CCCCC(=O)OCn1cnc2c1c(=O)n(C)c(=O)n2C,1.93,2.34,0.0,1.68,2.1421
3-Hydroxypropriophenone,CCC(=O)c1cccc(O)c1,1.0,1.3,0.77,0.55,1.2135
1-Butyl-2-methyl-3-hydroxypridin-4-one,CCCCn1ccc(=O)c(O)c1C,0.918,1.31,0.1,1.31,1.4972
4-Amino-4'-methoxydiphenylsulfone,COc1ccc(S(=O)(=O)c2ccc(N)cc2)cc1,1.99,2.65,0.33,1.06,1.9045
2-Nitro-m-phenylenediamine,Nc1cccc(N)c1[N+](=O)[O-],1.505,1.63,0.33,0.72,1.0902
N-Proprionylstobadine,CCC(=O)N1c2ccc(C)cc2C2CN(C)CCC21,1.56,1.46,0.0,1.29,2.1235
1-Ethylcarbonyloxymethyl-5-F-uracil,CCC(=O)OCn1cc(F)c(=O)[nH]c1=O,0.86,1.6,0.28,1.17,1.4073
1-Heptylcarbonyloxymethyl-5-F-uracil,CCCCCCCC(=O)OCn1cc(F)c(=O)[nH]c1=O,0.86,1.6,0.28,1.15,2.1118
FrescolatMGA,CC1CCC(C(C)C)C2(C1)OCC(CO)O2,0.75,0.99,0.35,1.07,1.8992
Androstanolone butanoate,CCCC(=O)OC1CCC2(C)C(CCC3C4CCC(=O)C4(C)CCC32)C1,1.14,2.82,0.0,1.1,3.005
Hexyl 4-biphenylylacetate,CCCCCCOC(=O)Cc1ccc(-c2ccccc2)cc1,1.27,1.53,0.0,0.72,2.5258
Bis(2-chloroethoxy)ether,ClCCOCCOCCOCCCl,0.252,0.89,0.0,1.09,1.6567
trans-3-Hexenyl butanoate,CCC=CCCOC(=O)CCC,0.195,0.54,0.0,0.45,1.549
"4-Propyromethylamino-N,N-dimethylbenzenesulfonamide",CCC(=O)N(C)c1ccc(S(=O)(=O)N(C)C)cc1,1.44,2.74,0.0,1.44,2.058
Methylthioinosine,CSc1ncnc2c1ncn2C1OC(CO)C(O)C1O,2.73,2.46,0.8,1.81,1.9582
"trans-2,5-Bis(difluoromethyl)perfluorooxolane",FC(F)C1(F)OC(F)(C(F)F)C(F)(F)C1(F)F,-0.63,0.07,0.03,0.18,1.0811
"cis-2,5-Bis(difluoromethyl)perfluorooxolane",FC(F)C1(F)OC(F)(C(F)F)C(F)(F)C1(F)F,-0.63,0.14,0.03,0.18,1.0811
"2-Chloro-N,N-diethylbenzylamine",CCN(CC)Cc1ccccc1Cl,0.78,0.81,0.0,0.63,1.6431
Descicloviroacetyl,CC(=O)OCCOCn1cnc2cnc(N)nc21,2.05,2.66,0.23,1.66,1.7605
2-Nitrosobenzoic acid,O=Nc1ccccc1C(=O)O,0.93,1.23,0.66,0.38,1.0472
N-Nitrosoethylbutylamine,CCCCN(CC)N=O,0.32,1.0,0.0,0.62,1.1693
Monomethylmalonic acid,CC(C(=O)O)C(=O)O,0.29,1.14,0.69,0.69,0.821
1-Hydroxyethyl-2-methyl-3-hydroxypyridin-4-one,Cc1c(O)c(=O)ccn1CCO,1.187,1.47,0.5,1.6,1.2741
N-Trifluoroacetyl-a-methylbenzylamine,CC(NC(=O)C(F)(F)F)c1ccccc1,0.356,0.83,0.21,0.85,1.4486
PA-824,O=[N+]([O-])c1cn2c(n1)OCC(OCc1ccc(OC(F)(F)F)cc1)C2,1.5,2.07,0.0,1.2,2.1434
"4,5-Dimethylbenzo[b]thiophene",Cc1ccc2sccc2c1C,1.32,0.85,0.0,0.21,1.2919
N'-(E)-(4-(Hydroxymethyl)benzylidene)isonicotinohydrazide,O=C(NN=Cc1ccc(CO)cc1)c1ccncc1,1.97,2.16,0.72,1.62,1.9368
"4,3'-Diaminodiphenylsulfone",Nc1ccc(S(=O)(=O)c2cccc(N)c2)cc1,2.21,2.9,0.54,1.2,1.8047
Sudan1-Q,O=C1C=Cc2ccccc2/C1=N/Nc1ccccc1,1.945,1.36,0.02,0.5,1.9085
"3-Fluoro-2,2-bis(trifluoromethyl)oxetane",FC1COC1(C(F)(F)F)C(F)(F)F,-0.336,0.37,0.0,0.13,0.8871
"2,8,12,18-tetrabutyl-3,7,13,17-tetramethylporphyrin",CCCCC1=C(C)c2cc3[nH]c(cc4nc(cc5[nH]c(cc1n2)c(CCCC)c5C)C(C)=C4CCCC)c(CCCC)c3C,2.76,2.04,0.31,0.94,5.1278
7-Ethylcarbonyltheophylline,CCC(=O)n1cnc2c1c(=O)n(C)c(=O)n2C,1.5,2.41,0.0,1.36,1.6607
Trinonylamine,CCCCCCCCCN(CCCCCCCCC)CCCCCCCCC,-0.015,0.15,0.0,0.83,4.0127
"3,3-Difluoro-2,2-bis(trifluoromethyl)oxetane",FC(F)(F)C1(C(F)(F)F)OCC1(F)F,-0.434,0.12,0.0,0.09,0.9048
"3-Nitro-N,N-dimethylbenzylamine",CN(C)Cc1ccc([N+](=O)[O-])cc1,0.93,1.34,0.0,0.83,1.4131
Naproxen pentyl ester,CCCCCOC(=O)C(C)c1ccc2cc(OC)ccc2c1,1.42,1.63,0.0,0.89,2.4866
N-Pentylthalidomide,CCCCCN1C(=O)CCC(N2C(=O)c3ccccc3C2=O)C1=O,1.868,2.44,0.0,1.26,2.4524
Tetraethylthiourea,CCN(CC)C(=S)N(CC)CC,0.88,0.94,0.0,0.99,1.6968
"N,N-Dichlorochloroacetamide",O=C(CCl)N(Cl)Cl,0.66,1.6,0.58,0.34,0.8731
(3‐carbamoylpropanamido)acetic acid,NC(=O)CCC(=O)NCC(=O)O,1.02,2.83,0.96,1.48,1.2594
CoolantP,C=C(C)C1CCC(C)CC1O,0.5,0.75,0.31,0.66,1.4247
